vine_id,month_index,birth,death,midlife,persistence
0,0.0,0.0,20.0,10.0,20.0
0,1.0,0.0,41.0,20.5,41.0
0,2.0,0.0,62.0,31.0,62.0
0,3.0,0.0,85.0,42.5,85.0
0,4.0,0.0,98.0,49.0,98.0
0,5.0,0.0,113.0,56.5,113.0
0,6.0,0.0,123.0,61.5,123.0
0,7.0,0.0,141.0,70.5,141.0
0,8.0,0.0,162.0,81.0,162.0
0,9.0,0.0,180.0,90.0,180.0
0,10.0,0.0,195.0,97.5,195.0
0,11.0,0.0,216.0,108.0,216.0
0,12.0,0.0,233.0,116.5,233.0
0,13.0,0.0,253.0,126.5,253.0
0,14.0,0.0,272.0,136.0,272.0
0,15.0,0.0,291.0,145.5,291.0
0,16.0,0.0,307.0,153.5,307.0
0,17.0,0.0,325.0,162.5,325.0
0,18.0,0.0,349.0,174.5,349.0
0,19.0,0.0,362.0,181.0,362.0
0,20.0,0.0,376.0,188.0,376.0
0,21.0,0.0,403.0,201.5,403.0
0,22.0,0.0,425.0,212.5,425.0
0,23.0,0.0,444.0,222.0,444.0
0,24.0,0.0,459.0,229.5,459.0
0,25.0,1.0,473.0,237.0,472.0
0,26.0,1.0,491.0,246.0,490.0
0,27.0,1.0,503.0,252.0,502.0
0,28.0,1.0,519.0,260.0,518.0
0,29.0,1.0,537.0,269.0,536.0
0,30.0,2.0,556.0,279.0,554.0
0,31.0,2.0,569.0,285.5,567.0
0,32.0,2.0,582.0,292.0,580.0
0,33.0,2.0,602.0,302.0,600.0
0,34.0,2.0,620.0,311.0,618.0
0,34.44444444444444,2.0,625.3333333333333,313.66666666666663,623.3333333333333
0,35.0,2.0,642.0,322.0,640.0
0,36.0,2.0,660.0,331.0,658.0
0,36.888888888888886,2.0,670.6666666666666,336.3333333333333,668.6666666666666
0,37.0,2.0,673.0,337.5,671.0
0,38.0,2.0,691.0,346.5,689.0
0,39.0,2.0,715.0,358.5,713.0
0,40.0,2.0,737.0,369.5,735.0
0,41.0,3.0,755.0,379.0,752.0
0,41.6,3.6000000000000014,767.6,385.6,764.0
0,42.0,4.0,778.0,391.0,774.0
0,43.0,4.0,798.0,401.0,794.0
0,44.0,4.0,816.0,410.0,812.0
0,45.0,4.0,834.0,419.0,830.0
0,46.0,4.0,857.0,430.5,853.0
0,46.333333333333336,4.0,860.3333333333335,432.16666666666674,856.3333333333335
0,47.0,4.0,875.0,439.5,871.0
0,47.8,4.0,890.9999999999999,447.49999999999994,886.9999999999999
0,48.0,4.0,897.0,450.5,893.0
0,49.0,4.0,924.0,464.0,920.0
0,49.375,4.0,931.125,467.5625,927.125
0,50.0,4.0,948.0,476.0,944.0
0,51.0,4.0,965.0,484.5,961.0
0,52.0,4.0,993.0,498.5,989.0
0,53.0,4.0,1007.0,505.5,1003.0
0,54.0,4.0,1027.0,515.5,1023.0
0,54.142857142857146,4.0,1029.2857142857142,516.6428571428571,1025.2857142857142
0,55.0,4.0,1049.0,526.5,1045.0
0,56.0,4.0,1084.0,544.0,1080.0
0,57.0,4.0,1110.0,557.0,1106.0
0,58.0,4.0,1129.0,566.5,1125.0
0,59.0,5.0,1156.0,580.5,1151.0
0,60.0,5.0,1181.0,593.0,1176.0
0,61.0,5.0,1212.0,608.5,1207.0
0,62.0,6.0,1244.0,625.0,1238.0
0,63.0,6.0,1272.0,639.0,1266.0
0,64.0,6.0,1301.0,653.5,1295.0
0,65.0,6.0,1318.0,662.0,1312.0
0,66.0,6.0,1339.0,672.5,1333.0
0,67.0,6.0,1363.0,684.5,1357.0
0,68.0,6.0,1384.0,695.0,1378.0
0,69.0,6.0,1402.0,704.0,1396.0
0,70.0,6.0,1421.0,713.5,1415.0
0,71.0,6.0,1442.0,724.0,1436.0
0,72.0,6.0,1462.0,734.0,1456.0
0,73.0,6.0,1484.0,745.0,1478.0
0,74.0,6.0,1521.0,763.5,1515.0
0,75.0,6.0,1544.0,775.0,1538.0
0,76.0,6.0,1571.0,788.5,1565.0
0,77.0,6.0,1601.0,803.5,1595.0
0,78.0,6.0,1627.0,816.5,1621.0
0,79.0,6.0,1658.0,832.0,1652.0
0,80.0,6.0,1678.0,842.0,1672.0
0,81.0,6.0,1703.0,854.5,1697.0
0,82.0,6.0,1735.0,870.5,1729.0
0,83.0,6.0,1758.0,882.0,1752.0
0,84.0,6.0,1789.0,897.5,1783.0
0,85.0,6.0,1820.0,913.0,1814.0
0,86.0,6.0,1841.0,923.5,1835.0
0,87.0,6.0,1870.0,938.0,1864.0
0,88.0,6.0,1899.0,952.5,1893.0
0,89.0,6.0,1925.0,965.5,1919.0
0,90.0,8.0,1954.0,981.0,1946.0
0,91.0,8.0,1988.0,998.0,1980.0
0,92.0,8.0,2018.0,1013.0,2010.0
0,93.0,8.0,2041.0,1024.5,2033.0
0,94.0,8.0,2063.0,1035.5,2055.0
0,95.0,8.0,2098.0,1053.0,2090.0
0,96.0,8.0,2129.0,1068.5,2121.0
0,97.0,8.0,2147.0,1077.5,2139.0
0,98.0,8.0,2183.0,1095.5,2175.0
0,99.0,8.0,2213.0,1110.5,2205.0
0,100.0,8.0,2239.0,1123.5,2231.0
0,101.0,8.0,2265.0,1136.5,2257.0
0,102.0,8.0,2292.0,1150.0,2284.0
0,103.0,8.0,2337.0,1172.5,2329.0
0,104.0,8.0,2364.0,1186.0,2356.0
0,105.0,8.0,2393.0,1200.5,2385.0
0,106.0,8.0,2425.0,1216.5,2417.0
0,107.0,8.0,2458.0,1233.0,2450.0
0,108.0,8.0,2494.0,1251.0,2486.0
0,109.0,8.0,2530.0,1269.0,2522.0
0,110.0,8.0,2586.0,1297.0,2578.0
0,111.0,10.0,2629.0,1319.5,2619.0
0,112.0,10.0,2686.0,1348.0,2676.0
0,113.0,11.0,2735.0,1373.0,2724.0
0,114.0,11.0,2790.0,1400.5,2779.0
0,115.0,11.0,2844.0,1427.5,2833.0
0,116.0,11.0,2906.0,1458.5,2895.0
0,117.0,13.0,2970.0,1491.5,2957.0
0,118.0,13.0,3031.0,1522.0,3018.0
0,119.0,13.0,3087.0,1550.0,3074.0
0,120.0,14.0,3149.0,1581.5,3135.0
0,121.0,14.0,3216.0,1615.0,3202.0
0,122.0,14.0,3262.0,1638.0,3248.0
0,123.0,14.0,3321.0,1667.5,3307.0
0,124.0,14.0,3377.0,1695.5,3363.0
0,125.0,15.0,3444.0,1729.5,3429.0
0,126.0,15.0,3506.0,1760.5,3491.0
0,127.0,15.0,3549.0,1782.0,3534.0
0,128.0,15.0,3599.0,1807.0,3584.0
0,129.0,15.0,3647.0,1831.0,3632.0
0,130.0,15.0,3701.0,1858.0,3686.0
0,131.0,15.0,3753.0,1884.0,3738.0
0,132.0,15.0,3790.0,1902.5,3775.0
0,133.0,15.0,3828.0,1921.5,3813.0
0,134.0,16.0,3871.0,1943.5,3855.0
0,135.0,16.0,3908.0,1962.0,3892.0
0,136.0,17.0,3950.0,1983.5,3933.0
0,137.0,17.0,3988.0,2002.5,3971.0
0,138.0,17.0,4029.0,2023.0,4012.0
0,139.0,18.0,4081.0,2049.5,4063.0
0,140.0,18.0,4138.0,2078.0,4120.0
0,141.0,19.0,4179.0,2099.0,4160.0
0,142.0,19.0,4227.0,2123.0,4208.0
0,143.0,19.0,4273.0,2146.0,4254.0
0,144.0,19.0,4330.0,2174.5,4311.0
0,145.0,19.0,4372.0,2195.5,4353.0
0,146.0,19.0,4414.0,2216.5,4395.0
0,147.0,19.0,4449.0,2234.0,4430.0
0,148.0,19.0,4498.0,2258.5,4479.0
0,149.0,20.0,4540.0,2280.0,4520.0
0,150.0,20.0,4579.0,2299.5,4559.0
0,151.0,20.0,4621.0,2320.5,4601.0
0,152.0,20.0,4659.0,2339.5,4639.0
0,153.0,20.0,4712.0,2366.0,4692.0
0,154.0,20.0,4766.0,2393.0,4746.0
0,155.0,20.0,4813.0,2416.5,4793.0
0,156.0,20.0,4846.0,2433.0,4826.0
0,157.0,20.0,4873.0,2446.5,4853.0
0,158.0,21.0,4919.0,2470.0,4898.0
0,159.0,21.0,4956.0,2488.5,4935.0
0,160.0,22.0,5019.0,2520.5,4997.0
0,161.0,23.0,5068.0,2545.5,5045.0
0,162.0,23.0,5121.0,2572.0,5098.0
0,163.0,23.0,5166.0,2594.5,5143.0
0,164.0,23.0,5213.0,2618.0,5190.0
0,165.0,23.0,5264.0,2643.5,5241.0
0,166.0,23.0,5308.0,2665.5,5285.0
0,167.0,23.0,5355.0,2689.0,5332.0
0,168.0,24.0,5396.0,2710.0,5372.0
0,169.0,24.0,5431.0,2727.5,5407.0
0,170.0,24.0,5498.0,2761.0,5474.0
0,171.0,25.0,5569.0,2797.0,5544.0
0,172.0,25.0,5627.0,2826.0,5602.0
0,173.0,25.0,5682.0,2853.5,5657.0
0,174.0,25.0,5728.0,2876.5,5703.0
0,175.0,26.0,5778.0,2902.0,5752.0
0,176.0,27.0,5826.0,2926.5,5799.0
0,177.0,27.0,5884.0,2955.5,5857.0
0,178.0,27.0,5936.0,2981.5,5909.0
0,179.0,27.0,5984.0,3005.5,5957.0
0,180.0,27.0,6049.0,3038.0,6022.0
0,181.0,27.0,6084.0,3055.5,6057.0
0,182.0,27.0,6133.0,3080.0,6106.0
0,183.0,28.0,6172.0,3100.0,6144.0
0,184.0,28.0,6231.0,3129.5,6203.0
0,185.0,28.0,6287.0,3157.5,6259.0
0,186.0,28.0,6341.0,3184.5,6313.0
0,187.0,28.0,6393.0,3210.5,6365.0
0,188.0,28.0,6437.0,3232.5,6409.0
0,189.0,28.0,6490.0,3259.0,6462.0
0,190.0,29.0,6544.0,3286.5,6515.0
0,190.08695652173913,29.0,6549.043478260869,3289.0217391304345,6520.043478260869
0,191.0,29.0,6623.0,3326.0,6594.0
0,192.0,29.0,6693.0,3361.0,6664.0
0,193.0,29.0,6767.0,3398.0,6738.0
0,194.0,29.0,6828.0,3428.5,6799.0
0,195.0,29.0,6910.0,3469.5,6881.0
0,196.0,29.0,6989.0,3509.0,6960.0
0,197.0,29.0,7045.0,3537.0,7016.0
0,198.0,29.0,7114.0,3571.5,7085.0
0,199.0,29.0,7176.0,3602.5,7147.0
0,200.0,29.0,7223.0,3626.0,7194.0
0,201.0,29.0,7269.0,3649.0,7240.0
0,202.0,29.0,7318.0,3673.5,7289.0
0,203.0,29.0,7379.0,3704.0,7350.0
0,204.0,29.0,7428.0,3728.5,7399.0
0,205.0,29.0,7463.0,3746.0,7434.0
0,206.0,30.0,7516.0,3773.0,7486.0
0,207.0,30.0,7575.0,3802.5,7545.0
0,208.0,30.0,7618.0,3824.0,7588.0
0,209.0,30.0,7660.0,3845.0,7630.0
0,210.0,30.0,7684.0,3857.0,7654.0
0,211.0,30.0,7702.0,3866.0,7672.0
0,212.0,30.0,7702.0,3866.0,7672.0
1,0.0,1.0,18.0,9.5,17.0
1,1.0,1.0,38.0,19.5,37.0
1,2.0,1.0,56.0,28.5,55.0
1,3.0,3.0,71.0,37.0,68.0
1,4.0,3.0,88.0,45.5,85.0
1,5.0,3.0,102.0,52.5,99.0
1,5.333333333333333,4.333333333333333,103.66666666666666,53.99999999999999,99.33333333333333
1,6.0,5.0,107.0,56.0,102.0
1,7.0,6.0,121.0,63.5,115.0
1,8.0,6.0,136.0,71.0,130.0
1,9.0,6.0,158.0,82.0,152.0
1,10.0,8.0,174.0,91.0,166.0
1,11.0,11.0,191.0,101.0,180.0
1,12.0,12.0,212.0,112.0,200.0
1,13.0,14.0,237.0,125.5,223.0
1,14.0,14.0,252.0,133.0,238.0
1,14.5,15.0,261.5,138.25,246.5
1,15.0,15.0,271.0,143.0,256.0
1,16.0,15.0,295.0,155.0,280.0
1,17.0,15.0,316.0,165.5,301.0
1,18.0,15.0,331.0,173.0,316.0
1,19.0,15.0,350.0,182.5,335.0
1,20.0,15.0,362.0,188.5,347.0
1,21.0,17.0,380.0,198.5,363.0
1,22.0,17.0,397.0,207.0,380.0
1,23.0,17.0,411.0,214.0,394.0
1,24.0,18.0,429.0,223.5,411.0
1,25.0,19.0,444.0,231.5,425.0
1,26.0,20.0,462.0,241.0,442.0
1,27.0,22.0,482.0,252.0,460.0
1,28.0,22.0,506.0,264.0,484.0
1,29.0,23.0,519.0,271.0,496.0
1,30.0,24.0,536.0,280.0,512.0
1,31.0,25.0,557.0,291.0,532.0
1,32.0,26.0,574.0,300.0,548.0
1,33.0,27.0,593.0,310.0,566.0
1,34.0,27.0,612.0,319.5,585.0
1,34.44444444444444,27.444444444444443,625.3333333333333,326.38888888888886,597.8888888888888
1,35.0,28.0,632.0,330.0,604.0
1,36.0,29.0,652.0,340.5,623.0
1,36.888888888888886,29.0,670.6666666666666,349.8333333333333,641.6666666666666
1,37.0,29.0,672.0,350.5,643.0
1,38.0,29.0,690.0,359.5,661.0
1,39.0,29.0,710.0,369.5,681.0
1,40.0,29.0,733.0,381.0,704.0
1,41.0,29.0,752.0,390.5,723.0
1,41.6,29.6,767.6,398.6,738.0
1,42.0,30.0,776.0,403.0,746.0
1,43.0,31.0,792.0,411.5,761.0
1,44.0,33.0,812.0,422.5,779.0
1,45.0,34.0,833.0,433.5,799.0
1,46.0,34.0,853.0,443.5,819.0
1,46.333333333333336,34.0,860.3333333333334,447.1666666666667,826.3333333333334
1,47.0,34.0,867.0,450.5,833.0
1,47.8,34.0,891.0,462.5,857.0
1,48.0,34.0,895.0,464.5,861.0
1,49.0,34.0,921.0,477.5,887.0
1,49.375,34.75,931.125,482.9375,896.375
1,50.0,36.0,943.0,489.5,907.0
1,51.0,37.0,961.0,499.0,924.0
1,52.0,38.0,983.0,510.5,945.0
1,53.0,39.0,1007.0,523.0,968.0
1,54.0,41.0,1026.0,533.5,985.0
1,54.142857142857146,41.0,1029.2857142857142,535.1428571428571,988.2857142857142
1,55.0,41.0,1043.0,542.0,1002.0
1,56.0,41.0,1068.0,554.5,1027.0
1,57.0,41.0,1086.0,563.5,1045.0
1,58.0,42.0,1105.0,573.5,1063.0
1,59.0,42.0,1123.0,582.5,1081.0
1,60.0,43.0,1147.0,595.0,1104.0
1,61.0,44.0,1164.0,604.0,1120.0
1,62.0,47.0,1190.0,618.5,1143.0
1,63.0,48.0,1208.0,628.0,1160.0
1,64.0,48.0,1225.0,636.5,1177.0
1,65.0,48.0,1241.0,644.5,1193.0
1,66.0,49.0,1256.0,652.5,1207.0
1,67.0,49.0,1278.0,663.5,1229.0
1,68.0,50.0,1295.0,672.5,1245.0
1,69.0,50.0,1310.0,680.0,1260.0
1,70.0,51.0,1333.0,692.0,1282.0
1,71.0,51.0,1357.0,704.0,1306.0
1,72.0,53.0,1375.0,714.0,1322.0
1,73.0,53.0,1394.0,723.5,1341.0
1,74.0,57.0,1411.0,734.0,1354.0
1,75.0,57.0,1428.0,742.5,1371.0
1,76.0,57.0,1442.0,749.5,1385.0
1,77.0,57.0,1460.0,758.5,1403.0
1,78.0,59.0,1476.0,767.5,1417.0
1,79.0,60.0,1489.0,774.5,1429.0
1,80.0,63.0,1509.0,786.0,1446.0
1,81.0,64.0,1532.0,798.0,1468.0
1,82.0,65.0,1546.0,805.5,1481.0
1,83.0,68.0,1567.0,817.5,1499.0
1,84.0,70.0,1585.0,827.5,1515.0
1,85.0,70.0,1606.0,838.0,1536.0
1,86.0,72.0,1628.0,850.0,1556.0
1,86.5,73.5,1637.5,855.5,1564.0
1,87.0,74.0,1647.0,860.5,1573.0
1,88.0,75.0,1657.0,866.0,1582.0
1,89.0,77.0,1680.0,878.5,1603.0
1,90.0,77.0,1694.0,885.5,1617.0
1,91.0,77.0,1718.0,897.5,1641.0
1,92.0,77.0,1736.0,906.5,1659.0
1,93.0,79.0,1768.0,923.5,1689.0
1,94.0,79.0,1787.0,933.0,1708.0
1,95.0,79.0,1804.0,941.5,1725.0
1,96.0,80.0,1830.0,955.0,1750.0
1,97.0,83.0,1861.0,972.0,1778.0
1,98.0,84.0,1886.0,985.0,1802.0
1,99.0,84.0,1907.0,995.5,1823.0
1,100.0,85.0,1931.0,1008.0,1846.0
1,101.0,87.0,1959.0,1023.0,1872.0
1,102.0,87.0,1981.0,1034.0,1894.0
1,103.0,88.0,2004.0,1046.0,1916.0
1,104.0,90.0,2042.0,1066.0,1952.0
1,105.0,91.0,2058.0,1074.5,1967.0
1,106.0,93.0,2089.0,1091.0,1996.0
1,107.0,95.0,2107.0,1101.0,2012.0
1,108.0,96.0,2134.0,1115.0,2038.0
1,109.0,97.0,2172.0,1134.5,2075.0
1,110.0,97.0,2197.0,1147.0,2100.0
1,111.0,97.0,2217.0,1157.0,2120.0
1,112.0,97.0,2237.0,1167.0,2140.0
1,113.0,97.0,2261.0,1179.0,2164.0
1,114.0,100.0,2286.0,1193.0,2186.0
1,115.0,101.0,2317.0,1209.0,2216.0
1,116.0,105.0,2352.0,1228.5,2247.0
1,117.0,105.0,2371.0,1238.0,2266.0
1,118.0,105.0,2404.0,1254.5,2299.0
1,119.0,105.0,2454.0,1279.5,2349.0
1,120.0,105.0,2494.0,1299.5,2389.0
1,120.66666666666667,105.00000000000001,2522.666666666667,1313.8333333333335,2417.666666666667
1,121.0,106.0,2537.0,1321.5,2431.0
1,121.33333333333333,105.99999999999999,2545.333333333333,1325.6666666666665,2439.333333333333
1,122.0,108.0,2562.0,1335.0,2454.0
1,123.0,110.0,2613.0,1361.5,2503.0
1,124.0,113.0,2656.0,1384.5,2543.0
1,125.0,113.0,2702.0,1407.5,2589.0
1,126.0,113.0,2747.0,1430.0,2634.0
1,127.0,113.0,2769.0,1441.0,2656.0
1,128.0,115.0,2813.0,1464.0,2698.0
1,129.0,123.0,2853.0,1488.0,2730.0
1,130.0,125.0,2901.0,1513.0,2776.0
1,131.0,125.0,2931.0,1528.0,2806.0
1,132.0,125.0,2964.0,1544.5,2839.0
1,133.0,126.0,3001.0,1563.5,2875.0
1,134.0,127.0,3044.0,1585.5,2917.0
1,135.0,132.0,3084.0,1608.0,2952.0
1,136.0,133.0,3127.0,1630.0,2994.0
1,137.0,133.0,3179.0,1656.0,3046.0
1,138.0,135.0,3216.0,1675.5,3081.0
1,139.0,137.0,3262.0,1699.5,3125.0
1,140.0,138.0,3306.0,1722.0,3168.0
1,141.0,140.0,3363.0,1751.5,3223.0
1,142.0,140.0,3405.0,1772.5,3265.0
1,143.0,142.0,3445.0,1793.5,3303.0
1,144.0,143.0,3480.0,1811.5,3337.0
1,145.0,143.0,3519.0,1831.0,3376.0
1,146.0,144.0,3576.0,1860.0,3432.0
1,147.0,145.0,3635.0,1890.0,3490.0
1,148.0,146.0,3675.0,1910.5,3529.0
1,149.0,146.0,3718.0,1932.0,3572.0
1,150.0,147.0,3786.0,1966.5,3639.0
1,151.0,148.0,3849.0,1998.5,3701.0
1,152.0,149.0,3914.0,2031.5,3765.0
1,153.0,150.0,3966.0,2058.0,3816.0
1,154.0,152.0,4020.0,2086.0,3868.0
1,155.0,154.0,4076.0,2115.0,3922.0
1,156.0,156.0,4142.0,2149.0,3986.0
1,157.0,156.0,4204.0,2180.0,4048.0
1,158.0,157.0,4266.0,2211.5,4109.0
1,159.0,158.0,4338.0,2248.0,4180.0
1,160.0,161.0,4446.0,2303.5,4285.0
1,161.0,163.0,4531.0,2347.0,4368.0
1,162.0,165.0,4623.0,2394.0,4458.0
1,163.0,166.0,4693.0,2429.5,4527.0
1,164.0,167.0,4763.0,2465.0,4596.0
1,165.0,169.0,4836.0,2502.5,4667.0
1,166.0,171.0,4901.0,2536.0,4730.0
1,167.0,172.0,4973.0,2572.5,4801.0
1,168.0,172.0,5044.0,2608.0,4872.0
1,169.0,173.0,5104.0,2638.5,4931.0
1,170.0,176.0,5188.0,2682.0,5012.0
1,171.0,176.0,5258.0,2717.0,5082.0
1,172.0,176.0,5335.0,2755.5,5159.0
1,173.0,177.0,5393.0,2785.0,5216.0
1,174.0,179.0,5462.0,2820.5,5283.0
1,175.0,180.0,5540.0,2860.0,5360.0
1,176.0,181.0,5612.0,2896.5,5431.0
1,177.0,181.0,5664.0,2922.5,5483.0
1,178.0,183.0,5744.0,2963.5,5561.0
1,179.0,185.0,5817.0,3001.0,5632.0
1,180.0,186.0,5878.0,3032.0,5692.0
1,181.0,186.0,5941.0,3063.5,5755.0
1,182.0,187.0,6030.0,3108.5,5843.0
1,183.0,187.0,6083.0,3135.0,5896.0
1,184.0,188.0,6139.0,3163.5,5951.0
1,185.0,189.0,6210.0,3199.5,6021.0
1,186.0,191.0,6281.0,3236.0,6090.0
1,187.0,192.0,6357.0,3274.5,6165.0
1,188.0,193.0,6417.0,3305.0,6224.0
1,189.0,194.0,6478.0,3336.0,6284.0
1,190.0,196.0,6542.0,3369.0,6346.0
1,190.08695652173913,196.08695652173913,6549.043478260869,3372.565217391304,6352.95652173913
1,191.0,197.0,6602.0,3399.5,6405.0
1,192.0,199.0,6639.0,3419.0,6440.0
1,193.0,199.0,6685.0,3442.0,6486.0
1,194.0,202.0,6742.0,3472.0,6540.0
1,195.0,202.0,6802.0,3502.0,6600.0
1,196.0,202.0,6850.0,3526.0,6648.0
1,197.0,202.0,6915.0,3558.5,6713.0
1,198.0,202.0,6974.0,3588.0,6772.0
1,199.0,202.0,7030.0,3616.0,6828.0
1,200.0,202.0,7087.0,3644.5,6885.0
1,201.0,204.0,7130.0,3667.0,6926.0
1,202.0,207.0,7173.0,3690.0,6966.0
1,203.0,207.0,7207.0,3707.0,7000.0
1,204.0,207.0,7237.0,3722.0,7030.0
1,205.0,210.0,7267.0,3738.5,7057.0
1,206.0,210.0,7300.0,3755.0,7090.0
1,207.0,211.0,7340.0,3775.5,7129.0
1,208.0,211.0,7380.0,3795.5,7169.0
1,209.0,211.0,7412.0,3811.5,7201.0
1,210.0,211.0,7423.0,3817.0,7212.0
1,211.0,211.0,7425.0,3818.0,7214.0
1,212.0,211.0,7425.0,3818.0,7214.0
2,0.0,2.0,17.0,9.5,15.0
2,1.0,4.0,32.0,18.0,28.0
2,2.0,4.0,45.0,24.5,41.0
2,3.0,5.0,60.0,32.5,55.0
2,4.0,5.0,78.0,41.5,73.0
2,5.0,7.0,87.0,47.0,80.0
2,6.0,8.0,97.0,52.5,89.0
2,7.0,9.0,114.0,61.5,105.0
2,8.0,9.0,125.0,67.0,116.0
2,9.0,10.0,134.0,72.0,124.0
2,10.0,13.0,145.0,79.0,132.0
2,11.0,13.0,158.0,85.5,145.0
2,12.0,14.0,170.0,92.0,156.0
2,13.0,14.0,199.0,106.5,185.0
2,14.0,14.0,211.0,112.5,197.0
2,15.0,14.0,228.0,121.0,214.0
2,16.0,14.0,244.0,129.0,230.0
2,17.0,15.0,260.0,137.5,245.0
2,18.0,16.0,273.0,144.5,257.0
2,19.0,17.0,285.0,151.0,268.0
2,20.0,17.0,298.0,157.5,281.0
2,21.0,17.0,311.0,164.0,294.0
2,22.0,18.0,320.0,169.0,302.0
2,23.0,18.0,336.0,177.0,318.0
2,24.0,18.0,353.0,185.5,335.0
2,25.0,20.0,363.0,191.5,343.0
2,26.0,20.0,384.0,202.0,364.0
2,27.0,23.0,401.0,212.0,378.0
2,28.0,26.0,412.0,219.0,386.0
2,29.0,27.0,422.0,224.5,395.0
2,30.0,27.0,431.0,229.0,404.0
2,31.0,28.0,446.0,237.0,418.0
2,32.0,28.0,459.0,243.5,431.0
2,33.0,29.0,470.0,249.5,441.0
2,34.0,29.0,479.0,254.0,450.0
2,35.0,30.0,489.0,259.5,459.0
2,36.0,32.0,495.0,263.5,463.0
2,37.0,32.0,510.0,271.0,478.0
2,38.0,34.0,522.0,278.0,488.0
2,39.0,34.0,534.0,284.0,500.0
2,40.0,35.0,542.0,288.5,507.0
2,41.0,35.0,552.0,293.5,517.0
2,42.0,35.0,562.0,298.5,527.0
2,42.5,35.5,568.0,301.75,532.5
2,42.5,35.5,568.0,301.75,532.5
2,43.0,36.0,574.0,305.0,538.0
2,44.0,36.0,583.0,309.5,547.0
2,45.0,37.0,600.0,318.5,563.0
2,46.0,37.0,613.0,325.0,576.0
2,47.0,38.0,629.0,333.5,591.0
2,48.0,39.0,640.0,339.5,601.0
2,49.0,40.0,652.0,346.0,612.0
2,50.0,40.0,665.0,352.5,625.0
2,51.0,42.0,678.0,360.0,636.0
2,51.5,42.0,685.0,363.5,643.0
2,52.0,43.0,692.0,367.5,649.0
2,53.0,43.0,699.0,371.0,656.0
2,54.0,44.0,719.0,381.5,675.0
2,55.0,45.0,733.0,389.0,688.0
2,56.0,46.0,742.0,394.0,696.0
2,56.5,46.0,748.5,397.25,702.5
2,56.5,46.0,748.5,397.25,702.5
2,57.0,47.0,755.0,401.0,708.0
2,58.0,47.0,761.0,404.0,714.0
2,59.0,48.0,773.0,410.5,725.0
2,60.0,49.0,790.0,419.5,741.0
2,60.5,49.0,797.5,423.25,748.5
2,60.5,49.0,797.5,423.25,748.5
2,61.0,49.0,805.0,427.0,756.0
2,61.25,49.0,807.5,428.25,758.5
2,61.25,49.0,807.5,428.25,758.5
2,62.0,52.0,815.0,433.5,763.0
2,62.5,53.0,818.5,435.75,765.5
2,63.0,53.0,822.0,437.5,769.0
2,64.0,55.0,839.0,447.0,784.0
2,64.6,55.0,847.3999999999999,451.19999999999993,792.3999999999999
2,65.0,55.0,855.0,455.0,800.0
2,66.0,56.0,867.0,461.5,811.0
2,67.0,56.0,882.0,469.0,826.0
2,67.33333333333333,56.33333333333333,885.9999999999999,471.16666666666663,829.6666666666665
2,68.0,57.0,898.0,477.5,841.0
2,69.0,58.0,913.0,485.5,855.0
2,70.0,59.0,931.0,495.0,872.0
2,71.0,60.0,947.0,503.5,887.0
2,72.0,61.0,965.0,513.0,904.0
2,73.0,62.0,979.0,520.5,917.0
2,73.83333333333333,62.0,997.3333333333331,529.6666666666665,935.3333333333331
2,74.0,62.0,1002.0,532.0,940.0
2,75.0,62.0,1027.0,544.5,965.0
2,75.5,63.0,1036.0,549.5,973.0
2,76.0,63.0,1045.0,554.0,982.0
2,77.0,64.0,1065.0,564.5,1001.0
2,77.5,65.5,1073.5,569.5,1008.0
2,78.0,66.0,1082.0,574.0,1016.0
2,79.0,66.0,1102.0,584.0,1036.0
2,80.0,68.0,1124.0,596.0,1056.0
2,81.0,68.0,1145.0,606.5,1077.0
2,82.0,70.0,1161.0,615.5,1091.0
2,83.0,70.0,1189.0,629.5,1119.0
2,84.0,71.0,1207.0,639.0,1136.0
2,85.0,71.0,1226.0,648.5,1155.0
2,85.33333333333333,71.33333333333333,1233.333333333333,652.3333333333331,1161.9999999999998
2,86.0,72.0,1256.0,664.0,1184.0
2,86.8,72.8,1264.8,668.8,1192.0
2,87.0,73.0,1269.0,671.0,1196.0
2,87.66666666666667,73.0,1279.6666666666667,676.3333333333334,1206.6666666666667
2,88.0,73.0,1286.0,679.5,1213.0
2,89.0,74.0,1311.0,692.5,1237.0
2,90.0,76.0,1336.0,706.0,1260.0
2,91.0,76.0,1360.0,718.0,1284.0
2,92.0,76.0,1377.0,726.5,1301.0
2,93.0,77.0,1404.0,740.5,1327.0
2,93.66666666666667,78.33333333333334,1416.6666666666667,747.5,1338.3333333333335
2,94.0,79.0,1425.0,752.0,1346.0
2,95.0,80.0,1464.0,772.0,1384.0
2,96.0,81.0,1501.0,791.0,1420.0
2,97.0,81.0,1521.0,801.0,1440.0
2,98.0,81.0,1558.0,819.5,1477.0
2,99.0,82.0,1595.0,838.5,1513.0
2,100.0,83.0,1622.0,852.5,1539.0
2,101.0,84.0,1640.0,862.0,1556.0
2,102.0,87.0,1667.0,877.0,1580.0
2,103.0,87.0,1704.0,895.5,1617.0
2,104.0,88.0,1732.0,910.0,1644.0
2,105.0,88.0,1768.0,928.0,1680.0
2,106.0,88.0,1810.0,949.0,1722.0
2,107.0,91.0,1841.0,966.0,1750.0
2,108.0,91.0,1867.0,979.0,1776.0
2,109.0,91.0,1886.0,988.5,1795.0
2,110.0,93.0,1918.0,1005.5,1825.0
2,111.0,94.0,1955.0,1024.5,1861.0
2,112.0,94.0,1989.0,1041.5,1895.0
2,113.0,95.0,2013.0,1054.0,1918.0
2,114.0,96.0,2046.0,1071.0,1950.0
2,115.0,96.0,2080.0,1088.0,1984.0
2,116.0,96.0,2123.0,1109.5,2027.0
2,117.0,96.0,2155.0,1125.5,2059.0
2,118.0,97.0,2182.0,1139.5,2085.0
2,119.0,98.0,2218.0,1158.0,2120.0
2,120.0,98.0,2249.0,1173.5,2151.0
2,121.0,98.0,2290.0,1194.0,2192.0
2,122.0,100.0,2347.0,1223.5,2247.0
2,123.0,102.0,2399.0,1250.5,2297.0
2,124.0,104.0,2457.0,1280.5,2353.0
2,125.0,106.0,2499.0,1302.5,2393.0
2,126.0,108.0,2535.0,1321.5,2427.0
2,127.0,110.0,2580.0,1345.0,2470.0
2,128.0,111.0,2630.0,1370.5,2519.0
2,129.0,112.0,2658.0,1385.0,2546.0
2,130.0,113.0,2697.0,1405.0,2584.0
2,131.0,114.0,2724.0,1419.0,2610.0
2,132.0,114.0,2752.0,1433.0,2638.0
2,133.0,117.0,2786.0,1451.5,2669.0
2,134.0,118.0,2821.0,1469.5,2703.0
2,135.0,120.0,2867.0,1493.5,2747.0
2,136.0,124.0,2899.0,1511.5,2775.0
2,137.0,125.0,2925.0,1525.0,2800.0
2,138.0,125.0,2962.0,1543.5,2837.0
2,139.0,127.0,2999.0,1563.0,2872.0
2,140.0,128.0,3039.0,1583.5,2911.0
2,141.0,128.0,3071.0,1599.5,2943.0
2,142.0,129.0,3098.0,1613.5,2969.0
2,143.0,131.0,3133.0,1632.0,3002.0
2,144.0,133.0,3168.0,1650.5,3035.0
2,145.0,136.0,3203.0,1669.5,3067.0
2,146.0,136.0,3235.0,1685.5,3099.0
2,147.0,141.0,3259.0,1700.0,3118.0
2,148.0,142.0,3305.0,1723.5,3163.0
2,149.0,146.0,3342.0,1744.0,3196.0
2,150.0,149.0,3382.0,1765.5,3233.0
2,151.0,149.0,3411.0,1780.0,3262.0
2,152.0,149.0,3448.0,1798.5,3299.0
2,153.0,151.0,3487.0,1819.0,3336.0
2,154.0,153.0,3527.0,1840.0,3374.0
2,155.0,155.0,3560.0,1857.5,3405.0
2,156.0,156.0,3583.0,1869.5,3427.0
2,157.0,157.0,3618.0,1887.5,3461.0
2,158.0,159.0,3662.0,1910.5,3503.0
2,159.0,161.0,3700.0,1930.5,3539.0
2,160.0,162.0,3742.0,1952.0,3580.0
2,161.0,166.0,3783.0,1974.5,3617.0
2,162.0,169.0,3811.0,1990.0,3642.0
2,163.0,175.0,3841.0,2008.0,3666.0
2,164.0,177.0,3877.0,2027.0,3700.0
2,165.0,180.0,3908.0,2044.0,3728.0
2,166.0,183.0,3943.0,2063.0,3760.0
2,167.0,190.0,3972.0,2081.0,3782.0
2,168.0,192.0,4007.0,2099.5,3815.0
2,169.0,192.0,4045.0,2118.5,3853.0
2,170.0,195.0,4084.0,2139.5,3889.0
2,171.0,198.0,4117.0,2157.5,3919.0
2,172.0,200.0,4154.0,2177.0,3954.0
2,173.0,202.0,4195.0,2198.5,3993.0
2,174.0,204.0,4234.0,2219.0,4030.0
2,175.0,206.0,4271.0,2238.5,4065.0
2,176.0,208.0,4329.0,2268.5,4121.0
2,177.0,210.0,4360.0,2285.0,4150.0
2,178.0,213.0,4393.0,2303.0,4180.0
2,179.0,214.0,4429.0,2321.5,4215.0
2,180.0,217.0,4467.0,2342.0,4250.0
2,181.0,222.0,4505.0,2363.5,4283.0
2,182.0,222.0,4536.0,2379.0,4314.0
2,183.0,223.0,4568.0,2395.5,4345.0
2,184.0,226.0,4601.0,2413.5,4375.0
2,185.0,228.0,4629.0,2428.5,4401.0
2,186.0,229.0,4665.0,2447.0,4436.0
2,187.0,232.0,4693.0,2462.5,4461.0
2,188.0,234.0,4725.0,2479.5,4491.0
2,189.0,237.0,4756.0,2496.5,4519.0
2,190.0,240.0,4790.0,2515.0,4550.0
2,191.0,243.0,4822.0,2532.5,4579.0
2,192.0,243.0,4848.0,2545.5,4605.0
2,193.0,243.0,4881.0,2562.0,4638.0
2,194.0,243.0,4903.0,2573.0,4660.0
2,195.0,243.0,4934.0,2588.5,4691.0
2,196.0,243.0,4962.0,2602.5,4719.0
2,197.0,245.0,4992.0,2618.5,4747.0
2,198.0,245.0,5018.0,2631.5,4773.0
2,199.0,245.0,5052.0,2648.5,4807.0
2,200.0,245.0,5082.0,2663.5,4837.0
2,201.0,245.0,5104.0,2674.5,4859.0
2,202.0,245.0,5132.0,2688.5,4887.0
2,203.0,245.0,5156.0,2700.5,4911.0
2,204.0,245.0,5178.0,2711.5,4933.0
2,205.0,245.0,5194.0,2719.5,4949.0
2,206.0,245.0,5211.0,2728.0,4966.0
2,207.0,247.0,5230.0,2738.5,4983.0
2,208.0,247.0,5256.0,2751.5,5009.0
2,209.0,247.0,5279.0,2763.0,5032.0
2,210.0,247.0,5285.0,2766.0,5038.0
2,211.0,248.0,5285.0,2766.5,5037.0
2,212.0,248.0,5285.0,2766.5,5037.0
3,0.0,0.0,11.0,5.5,11.0
3,1.0,0.0,16.0,8.0,16.0
3,1.5,1.0,23.5,12.25,22.5
3,2.0,1.0,31.0,16.0,30.0
3,3.0,3.0,38.0,20.5,35.0
3,4.0,3.0,45.0,24.0,42.0
3,5.0,4.0,56.0,30.0,52.0
3,6.0,7.0,66.0,36.5,59.0
3,7.0,8.0,76.0,42.0,68.0
3,8.0,9.0,81.0,45.0,72.0
3,9.0,9.0,93.0,51.0,84.0
3,10.0,10.0,112.0,61.0,102.0
3,11.0,10.0,126.0,68.0,116.0
3,12.0,10.0,136.0,73.0,126.0
3,13.0,10.0,146.0,78.0,136.0
3,14.0,10.0,157.0,83.5,147.0
3,15.0,12.0,173.0,92.5,161.0
3,16.0,12.0,182.0,97.0,170.0
3,17.0,13.0,189.0,101.0,176.0
3,18.0,17.0,200.0,108.5,183.0
3,19.0,18.0,206.0,112.0,188.0
3,20.0,20.0,218.0,119.0,198.0
3,21.0,21.0,224.0,122.5,203.0
3,22.0,22.0,233.0,127.5,211.0
3,23.0,24.0,245.0,134.5,221.0
3,24.0,24.0,257.0,140.5,233.0
3,25.0,24.0,263.0,143.5,239.0
3,26.0,25.0,267.0,146.0,242.0
3,27.0,25.0,279.0,152.0,254.0
3,28.0,27.0,286.0,156.5,259.0
3,29.0,27.0,293.0,160.0,266.0
3,30.0,28.0,305.0,166.5,277.0
3,31.0,28.0,315.0,171.5,287.0
3,32.0,29.0,328.0,178.5,299.0
3,33.0,30.0,334.0,182.0,304.0
3,34.0,31.0,338.0,184.5,307.0
3,35.0,31.0,343.0,187.0,312.0
3,36.0,31.0,353.0,192.0,322.0
3,37.0,31.0,356.0,193.5,325.0
3,38.0,31.0,364.0,197.5,333.0
3,39.0,31.0,376.0,203.5,345.0
3,40.0,32.0,381.0,206.5,349.0
3,41.0,33.0,387.0,210.0,354.0
3,42.0,35.0,392.0,213.5,357.0
3,43.0,36.0,400.0,218.0,364.0
3,44.0,37.0,405.0,221.0,368.0
3,45.0,37.0,411.0,224.0,374.0
3,46.0,37.0,419.0,228.0,382.0
3,47.0,39.0,426.0,232.5,387.0
3,48.0,41.0,429.0,235.0,388.0
3,49.0,41.0,441.0,241.0,400.0
3,50.0,43.0,449.0,246.0,406.0
3,51.0,44.0,456.0,250.0,412.0
3,52.0,46.0,460.0,253.0,414.0
3,53.0,48.0,467.0,257.5,419.0
3,54.0,49.0,475.0,262.0,426.0
3,55.0,51.0,487.0,269.0,436.0
3,56.0,52.0,491.0,271.5,439.0
3,57.0,52.0,500.0,276.0,448.0
3,58.0,53.0,508.0,280.5,455.0
3,59.0,56.0,516.0,286.0,460.0
3,60.0,56.0,527.0,291.5,471.0
3,61.0,57.0,537.0,297.0,480.0
3,62.0,57.0,548.0,302.5,491.0
3,63.0,58.0,555.0,306.5,497.0
3,64.0,58.0,561.0,309.5,503.0
3,65.0,58.0,578.0,318.0,520.0
3,66.0,58.0,587.0,322.5,529.0
3,67.0,59.0,598.0,328.5,539.0
3,68.0,59.0,616.0,337.5,557.0
3,69.0,59.0,627.0,343.0,568.0
3,70.0,59.0,634.0,346.5,575.0
3,71.0,61.0,647.0,354.0,586.0
3,72.0,61.0,657.0,359.0,596.0
3,73.0,62.0,667.0,364.5,605.0
3,74.0,62.0,679.0,370.5,617.0
3,75.0,62.0,683.0,372.5,621.0
3,76.0,63.0,691.0,377.0,628.0
3,77.0,64.0,699.0,381.5,635.0
3,78.0,64.0,704.0,384.0,640.0
3,79.0,66.0,715.0,390.5,649.0
3,80.0,66.0,724.0,395.0,658.0
3,81.0,66.0,731.0,398.5,665.0
3,82.0,66.0,742.0,404.0,676.0
3,83.0,66.0,751.0,408.5,685.0
3,84.0,68.0,763.0,415.5,695.0
3,85.0,72.0,776.0,424.0,704.0
3,86.0,73.0,792.0,432.5,719.0
3,87.0,73.0,801.0,437.0,728.0
3,88.0,74.0,817.0,445.5,743.0
3,89.0,76.0,828.0,452.0,752.0
3,90.0,77.0,838.0,457.5,761.0
3,91.0,79.0,855.0,467.0,776.0
3,92.0,79.0,864.0,471.5,785.0
3,93.0,79.0,873.0,476.0,794.0
3,94.0,82.0,885.0,483.5,803.0
3,95.0,82.0,900.0,491.0,818.0
3,96.0,82.0,914.0,498.0,832.0
3,97.0,82.0,926.0,504.0,844.0
3,98.0,82.0,939.0,510.5,857.0
3,99.0,82.0,950.0,516.0,868.0
3,100.0,83.0,959.0,521.0,876.0
3,101.0,84.0,976.0,530.0,892.0
3,102.0,85.0,989.0,537.0,904.0
3,103.0,87.0,1005.0,546.0,918.0
3,104.0,90.0,1015.0,552.5,925.0
3,105.0,93.0,1028.0,560.5,935.0
3,106.0,94.0,1046.0,570.0,952.0
3,107.0,97.0,1051.0,574.0,954.0
3,108.0,100.0,1071.0,585.5,971.0
3,109.0,101.0,1081.0,591.0,980.0
3,110.0,104.0,1095.0,599.5,991.0
3,111.0,106.0,1108.0,607.0,1002.0
3,112.0,108.0,1121.0,614.5,1013.0
3,113.0,108.0,1141.0,624.5,1033.0
3,114.0,110.0,1158.0,634.0,1048.0
3,115.0,114.0,1172.0,643.0,1058.0
3,116.0,115.0,1190.0,652.5,1075.0
3,117.0,117.0,1219.0,668.0,1102.0
3,118.0,123.0,1239.0,681.0,1116.0
3,119.0,123.0,1251.0,687.0,1128.0
3,120.0,127.0,1272.0,699.5,1145.0
3,121.0,128.0,1289.0,708.5,1161.0
3,122.0,133.0,1302.0,717.5,1169.0
3,123.0,137.0,1316.0,726.5,1179.0
3,124.0,137.0,1337.0,737.0,1200.0
3,125.0,138.0,1355.0,746.5,1217.0
3,126.0,141.0,1369.0,755.0,1228.0
3,127.0,143.0,1383.0,763.0,1240.0
3,128.0,143.0,1402.0,772.5,1259.0
3,129.0,145.0,1419.0,782.0,1274.0
3,130.0,149.0,1438.0,793.5,1289.0
3,131.0,151.0,1451.0,801.0,1300.0
3,132.0,153.0,1470.0,811.5,1317.0
3,133.0,153.0,1486.0,819.5,1333.0
3,134.0,157.0,1497.0,827.0,1340.0
3,135.0,160.0,1524.0,842.0,1364.0
3,136.0,163.0,1544.0,853.5,1381.0
3,137.0,166.0,1561.0,863.5,1395.0
3,138.0,167.0,1584.0,875.5,1417.0
3,139.0,167.0,1597.0,882.0,1430.0
3,140.0,170.0,1621.0,895.5,1451.0
3,141.0,170.0,1634.0,902.0,1464.0
3,142.0,172.0,1642.0,907.0,1470.0
3,143.0,173.0,1662.0,917.5,1489.0
3,144.0,175.0,1680.0,927.5,1505.0
3,145.0,176.0,1695.0,935.5,1519.0
3,146.0,178.0,1723.0,950.5,1545.0
3,147.0,182.0,1740.0,961.0,1558.0
3,148.0,183.0,1765.0,974.0,1582.0
3,149.0,184.0,1797.0,990.5,1613.0
3,150.0,187.0,1817.0,1002.0,1630.0
3,151.0,189.0,1832.0,1010.5,1643.0
3,152.0,189.0,1853.0,1021.0,1664.0
3,153.0,190.0,1886.0,1038.0,1696.0
3,154.0,193.0,1910.0,1051.5,1717.0
3,155.0,194.0,1930.0,1062.0,1736.0
3,156.0,194.0,1953.0,1073.5,1759.0
3,157.0,194.0,1969.0,1081.5,1775.0
3,158.0,196.0,1985.0,1090.5,1789.0
3,159.0,197.0,2009.0,1103.0,1812.0
3,160.0,199.0,2039.0,1119.0,1840.0
3,161.0,201.0,2083.0,1142.0,1882.0
3,162.0,203.0,2104.0,1153.5,1901.0
3,163.0,204.0,2124.0,1164.0,1920.0
3,164.0,205.0,2148.0,1176.5,1943.0
3,165.0,206.0,2167.0,1186.5,1961.0
3,166.0,207.0,2197.0,1202.0,1990.0
3,167.0,207.0,2221.0,1214.0,2014.0
3,168.0,209.0,2243.0,1226.0,2034.0
3,169.0,211.0,2258.0,1234.5,2047.0
3,170.0,213.0,2280.0,1246.5,2067.0
3,171.0,214.0,2297.0,1255.5,2083.0
3,172.0,220.0,2320.0,1270.0,2100.0
3,173.0,221.0,2350.0,1285.5,2129.0
3,174.0,223.0,2371.0,1297.0,2148.0
3,175.0,224.0,2397.0,1310.5,2173.0
3,176.0,227.0,2422.0,1324.5,2195.0
3,177.0,231.0,2445.0,1338.0,2214.0
3,178.0,232.0,2466.0,1349.0,2234.0
3,179.0,234.0,2490.0,1362.0,2256.0
3,180.0,236.0,2512.0,1374.0,2276.0
3,181.0,239.0,2533.0,1386.0,2294.0
3,182.0,244.0,2552.0,1398.0,2308.0
3,183.0,248.0,2571.0,1409.5,2323.0
3,184.0,249.0,2589.0,1419.0,2340.0
3,185.0,250.0,2607.0,1428.5,2357.0
3,186.0,251.0,2624.0,1437.5,2373.0
3,187.0,251.0,2644.0,1447.5,2393.0
3,188.0,254.0,2673.0,1463.5,2419.0
3,189.0,256.0,2688.0,1472.0,2432.0
3,190.0,258.0,2708.0,1483.0,2450.0
3,191.0,260.0,2736.0,1498.0,2476.0
3,192.0,260.0,2765.0,1512.5,2505.0
3,193.0,262.0,2789.0,1525.5,2527.0
3,194.0,262.0,2818.0,1540.0,2556.0
3,195.0,265.0,2832.0,1548.5,2567.0
3,196.0,265.0,2860.0,1562.5,2595.0
3,197.0,265.0,2879.0,1572.0,2614.0
3,198.0,271.0,2900.0,1585.5,2629.0
3,199.0,271.0,2923.0,1597.0,2652.0
3,200.0,272.0,2941.0,1606.5,2669.0
3,201.0,272.0,2958.0,1615.0,2686.0
3,202.0,275.0,2969.0,1622.0,2694.0
3,203.0,275.0,2983.0,1629.0,2708.0
3,204.0,275.0,3002.0,1638.5,2727.0
3,205.0,275.0,3015.0,1645.0,2740.0
3,206.0,275.0,3032.0,1653.5,2757.0
3,207.0,275.0,3049.0,1662.0,2774.0
3,208.0,275.0,3070.0,1672.5,2795.0
3,209.0,275.0,3080.0,1677.5,2805.0
3,210.0,275.0,3085.0,1680.0,2810.0
3,211.0,275.0,3085.0,1680.0,2810.0
3,212.0,275.0,3085.0,1680.0,2810.0
4,0.0,7.0,9.0,8.0,2.0
4,1.0,10.0,24.0,17.0,14.0
4,2.0,14.0,30.0,22.0,16.0
4,3.0,18.0,41.0,29.5,23.0
4,4.0,23.0,46.0,34.5,23.0
4,5.0,25.0,59.0,42.0,34.0
4,6.0,28.0,67.0,47.5,39.0
4,7.0,39.0,76.0,57.5,37.0
4,8.0,47.0,85.0,66.0,38.0
4,9.0,54.0,95.0,74.5,41.0
4,10.0,59.0,108.0,83.5,49.0
4,11.0,61.0,118.0,89.5,57.0
4,12.0,63.0,128.0,95.5,65.0
4,13.0,67.0,137.0,102.0,70.0
4,14.0,71.0,148.0,109.5,77.0
4,15.0,77.0,160.0,118.5,83.0
4,16.0,80.0,174.0,127.0,94.0
4,17.0,86.0,188.0,137.0,102.0
4,18.0,98.0,202.0,150.0,104.0
4,19.0,107.0,214.0,160.5,107.0
4,20.0,112.0,219.0,165.5,107.0
4,21.0,117.0,235.0,176.0,118.0
4,22.0,122.0,246.0,184.0,124.0
4,23.0,131.0,267.0,199.0,136.0
4,24.0,138.0,278.0,208.0,140.0
4,25.0,145.0,288.0,216.5,143.0
4,26.0,148.0,301.0,224.5,153.0
4,27.0,155.0,320.0,237.5,165.0
4,28.0,158.0,326.0,242.0,168.0
4,29.0,168.0,345.0,256.5,177.0
4,30.0,180.0,352.0,266.0,172.0
4,31.0,186.0,360.0,273.0,174.0
4,32.0,190.0,371.0,280.5,181.0
4,33.0,193.0,384.0,288.5,191.0
4,34.0,203.0,395.0,299.0,192.0
4,35.0,213.0,407.0,310.0,194.0
4,36.0,218.0,425.0,321.5,207.0
4,37.0,225.0,434.0,329.5,209.0
4,38.0,235.0,445.0,340.0,210.0
4,39.0,241.0,456.0,348.5,215.0
4,40.0,246.0,465.0,355.5,219.0
4,41.0,250.0,478.0,364.0,228.0
4,42.0,259.0,493.0,376.0,234.0
4,43.0,263.0,501.0,382.0,238.0
4,44.0,269.0,509.0,389.0,240.0
4,45.0,277.0,527.0,402.0,250.0
4,46.0,282.0,542.0,412.0,260.0
4,47.0,288.0,551.0,419.5,263.0
4,48.0,294.0,565.0,429.5,271.0
4,49.0,303.0,581.0,442.0,278.0
4,50.0,310.0,597.0,453.5,287.0
4,51.0,317.0,614.0,465.5,297.0
4,52.0,320.0,627.0,473.5,307.0
4,53.0,327.0,643.0,485.0,316.0
4,54.0,331.0,669.0,500.0,338.0
4,55.0,344.0,681.0,512.5,337.0
4,56.0,352.0,697.0,524.5,345.0
4,57.0,357.0,714.0,535.5,357.0
4,58.0,369.0,730.0,549.5,361.0
4,59.0,375.0,746.0,560.5,371.0
4,60.0,381.0,762.0,571.5,381.0
4,61.0,396.0,778.0,587.0,382.0
4,62.0,405.0,796.0,600.5,391.0
4,63.0,415.0,821.0,618.0,406.0
4,64.0,427.0,836.0,631.5,409.0
4,64.6,430.0,847.4,638.7,417.4
4,65.0,432.0,853.0,642.5,421.0
4,66.0,443.0,864.0,653.5,421.0
4,67.0,450.0,880.0,665.0,430.0
4,67.33333333333333,451.6666666666667,886.0,668.8333333333334,434.3333333333333
4,68.0,455.0,894.0,674.5,439.0
4,69.0,461.0,902.0,681.5,441.0
4,70.0,469.0,921.0,695.0,452.0
4,71.0,478.0,937.0,707.5,459.0
4,72.0,492.0,952.0,722.0,460.0
4,73.0,504.0,974.0,739.0,470.0
4,73.83333333333333,516.5,997.3333333333333,756.9166666666666,480.83333333333326
4,74.0,519.0,1001.0,760.0,482.0
4,75.0,533.0,1018.0,775.5,485.0
4,76.0,546.0,1039.0,792.5,493.0
4,77.0,553.0,1058.0,805.5,505.0
4,78.0,562.0,1072.0,817.0,510.0
4,79.0,570.0,1091.0,830.5,521.0
4,80.0,579.0,1112.0,845.5,533.0
4,81.0,589.0,1128.0,858.5,539.0
4,82.0,596.0,1155.0,875.5,559.0
4,83.0,613.0,1170.0,891.5,557.0
4,84.0,624.0,1198.0,911.0,574.0
4,85.0,646.0,1222.0,934.0,576.0
4,85.33333333333333,653.6666666666665,1233.3333333333333,943.4999999999999,579.6666666666667
4,86.0,669.0,1248.0,958.5,579.0
4,86.8,677.8,1264.8,971.3,587.0
4,87.0,680.0,1267.0,973.5,587.0
4,87.66666666666667,685.3333333333334,1279.6666666666667,982.5,594.3333333333334
4,88.0,688.0,1285.0,986.5,597.0
4,89.0,701.0,1303.0,1002.0,602.0
4,90.0,713.0,1325.0,1019.0,612.0
4,91.0,723.0,1349.0,1036.0,626.0
4,92.0,734.0,1374.0,1054.0,640.0
4,93.0,749.0,1400.0,1074.5,651.0
4,93.66666666666667,753.6666666666667,1416.6666666666667,1085.1666666666667,663.0
4,94.0,756.0,1423.0,1089.5,667.0
4,95.0,773.0,1447.0,1110.0,674.0
4,96.0,798.0,1462.0,1130.0,664.0
4,97.0,825.0,1476.0,1150.5,651.0
4,98.0,841.0,1491.0,1166.0,650.0
4,99.0,856.0,1505.0,1180.5,649.0
4,100.0,870.0,1532.0,1201.0,662.0
4,101.0,883.0,1552.0,1217.5,669.0
4,102.0,892.0,1589.0,1240.5,697.0
4,103.0,905.0,1604.0,1254.5,699.0
4,104.0,917.0,1624.0,1270.5,707.0
4,105.0,931.0,1654.0,1292.5,723.0
4,106.0,952.0,1682.0,1317.0,730.0
4,107.0,974.0,1712.0,1343.0,738.0
4,108.0,994.0,1742.0,1368.0,748.0
4,109.0,1008.0,1773.0,1390.5,765.0
4,110.0,1030.0,1807.0,1418.5,777.0
4,111.0,1054.0,1836.0,1445.0,782.0
4,112.0,1072.0,1867.0,1469.5,795.0
4,113.0,1088.0,1889.0,1488.5,801.0
4,114.0,1113.0,1913.0,1513.0,800.0
4,115.0,1130.0,1933.0,1531.5,803.0
4,116.0,1155.0,1955.0,1555.0,800.0
4,117.0,1178.0,1979.0,1578.5,801.0
4,118.0,1191.0,2005.0,1598.0,814.0
4,119.0,1201.0,2050.0,1625.5,849.0
4,120.0,1227.0,2112.0,1669.5,885.0
4,121.0,1249.0,2177.0,1713.0,928.0
4,122.0,1279.0,2230.0,1754.5,951.0
4,123.0,1310.0,2292.0,1801.0,982.0
4,124.0,1338.0,2371.0,1854.5,1033.0
4,125.0,1362.0,2415.0,1888.5,1053.0
4,126.0,1389.0,2446.0,1917.5,1057.0
4,127.0,1400.0,2484.0,1942.0,1084.0
4,128.0,1412.0,2515.0,1963.5,1103.0
4,129.0,1428.0,2544.0,1986.0,1116.0
4,130.0,1451.0,2579.0,2015.0,1128.0
4,131.0,1474.0,2593.0,2033.5,1119.0
4,132.0,1489.0,2617.0,2053.0,1128.0
4,133.0,1507.0,2641.0,2074.0,1134.0
4,134.0,1527.0,2656.0,2091.5,1129.0
4,135.0,1538.0,2674.0,2106.0,1136.0
4,136.0,1556.0,2695.0,2125.5,1139.0
4,137.0,1565.0,2715.0,2140.0,1150.0
4,138.0,1586.0,2737.0,2161.5,1151.0
4,139.0,1598.0,2768.0,2183.0,1170.0
4,140.0,1611.0,2793.0,2202.0,1182.0
4,141.0,1623.0,2820.0,2221.5,1197.0
4,142.0,1632.0,2858.0,2245.0,1226.0
4,143.0,1651.0,2885.0,2268.0,1234.0
4,144.0,1657.0,2905.0,2281.0,1248.0
4,145.0,1667.0,2921.0,2294.0,1254.0
4,146.0,1686.0,2940.0,2313.0,1254.0
4,147.0,1702.0,2963.0,2332.5,1261.0
4,148.0,1713.0,2990.0,2351.5,1277.0
4,149.0,1733.0,3013.0,2373.0,1280.0
4,150.0,1756.0,3043.0,2399.5,1287.0
4,151.0,1770.0,3071.0,2420.5,1301.0
4,152.0,1784.0,3098.0,2441.0,1314.0
4,153.0,1796.0,3122.0,2459.0,1326.0
4,154.0,1809.0,3152.0,2480.5,1343.0
4,155.0,1823.0,3175.0,2499.0,1352.0
4,156.0,1834.0,3196.0,2515.0,1362.0
4,157.0,1856.0,3222.0,2539.0,1366.0
4,158.0,1871.0,3259.0,2565.0,1388.0
4,159.0,1888.0,3281.0,2584.5,1393.0
4,160.0,1909.0,3311.0,2610.0,1402.0
4,161.0,1930.0,3354.0,2642.0,1424.0
4,162.0,1951.0,3387.0,2669.0,1436.0
4,163.0,1971.0,3409.0,2690.0,1438.0
4,164.0,1992.0,3434.0,2713.0,1442.0
4,165.0,2004.0,3461.0,2732.5,1457.0
4,166.0,2017.0,3477.0,2747.0,1460.0
4,167.0,2029.0,3502.0,2765.5,1473.0
4,168.0,2046.0,3536.0,2791.0,1490.0
4,169.0,2054.0,3566.0,2810.0,1512.0
4,170.0,2079.0,3585.0,2832.0,1506.0
4,171.0,2101.0,3609.0,2855.0,1508.0
4,172.0,2121.0,3643.0,2882.0,1522.0
4,173.0,2137.0,3665.0,2901.0,1528.0
4,174.0,2158.0,3699.0,2928.5,1541.0
4,175.0,2171.0,3723.0,2947.0,1552.0
4,176.0,2184.0,3749.0,2966.5,1565.0
4,177.0,2198.0,3785.0,2991.5,1587.0
4,178.0,2211.0,3799.0,3005.0,1588.0
4,179.0,2223.0,3821.0,3022.0,1598.0
4,180.0,2239.0,3842.0,3040.5,1603.0
4,181.0,2253.0,3861.0,3057.0,1608.0
4,182.0,2276.0,3880.0,3078.0,1604.0
4,183.0,2293.0,3908.0,3100.5,1615.0
4,184.0,2310.0,3933.0,3121.5,1623.0
4,185.0,2324.0,3951.0,3137.5,1627.0
4,186.0,2346.0,3975.0,3160.5,1629.0
4,187.0,2363.0,3994.0,3178.5,1631.0
4,188.0,2376.0,4023.0,3199.5,1647.0
4,189.0,2399.0,4048.0,3223.5,1649.0
4,190.0,2414.0,4082.0,3248.0,1668.0
4,191.0,2427.0,4105.0,3266.0,1678.0
4,192.0,2437.0,4134.0,3285.5,1697.0
4,193.0,2453.0,4159.0,3306.0,1706.0
4,194.0,2467.0,4182.0,3324.5,1715.0
4,195.0,2476.0,4204.0,3340.0,1728.0
4,196.0,2485.0,4227.0,3356.0,1742.0
4,197.0,2490.0,4254.0,3372.0,1764.0
4,198.0,2509.0,4281.0,3395.0,1772.0
4,199.0,2521.0,4307.0,3414.0,1786.0
4,200.0,2529.0,4327.0,3428.0,1798.0
4,201.0,2542.0,4343.0,3442.5,1801.0
4,202.0,2548.0,4361.0,3454.5,1813.0
4,203.0,2563.0,4378.0,3470.5,1815.0
4,204.0,2568.0,4391.0,3479.5,1823.0
4,205.0,2577.0,4409.0,3493.0,1832.0
4,206.0,2591.0,4430.0,3510.5,1839.0
4,207.0,2600.0,4440.0,3520.0,1840.0
4,208.0,2607.0,4449.0,3528.0,1842.0
4,209.0,2615.0,4457.0,3536.0,1842.0
4,210.0,2621.0,4465.0,3543.0,1844.0
4,211.0,2621.0,4468.0,3544.5,1847.0
4,212.0,2621.0,4468.0,3544.5,1847.0
5,0.0,0.0,2.0,1.0,2.0
5,1.0,1.0,4.0,2.5,3.0
5,2.0,1.0,6.0,3.5,5.0
5,3.0,2.0,9.0,5.5,7.0
5,3.3333333333333335,2.0000000000000004,9.333333333333332,5.666666666666666,7.333333333333332
5,4.0,4.0,10.0,7.0,6.0
5,5.0,4.0,10.0,7.0,6.0
5,6.0,5.0,11.0,8.0,6.0
5,7.0,6.0,14.0,10.0,8.0
5,8.0,6.0,17.0,11.5,11.0
5,9.0,7.0,18.0,12.5,11.0
5,10.0,7.0,20.0,13.5,13.0
5,10.5,7.0,21.5,14.25,14.5
5,10.5,7.0,21.5,14.25,14.5
5,11.0,8.0,23.0,15.5,15.0
5,12.0,9.0,28.0,18.5,19.0
5,12.333333333333334,9.66666666666667,29.66666666666667,19.66666666666667,20.0
5,12.333333333333334,9.66666666666667,29.66666666666667,19.66666666666667,20.0
5,13.0,13.0,33.0,23.0,20.0
5,14.0,13.0,34.0,23.5,21.0
5,15.0,14.0,37.0,25.5,23.0
5,16.0,17.0,39.0,28.0,22.0
5,17.0,17.0,42.0,29.5,25.0
5,18.0,17.0,44.0,30.5,27.0
5,19.0,18.0,46.0,32.0,28.0
5,20.0,18.0,48.0,33.0,30.0
5,21.0,18.0,49.0,33.5,31.0
5,22.0,18.0,51.0,34.5,33.0
5,23.0,18.0,56.0,37.0,38.0
5,24.0,21.0,58.0,39.5,37.0
5,25.0,21.0,61.0,41.0,40.0
5,26.0,23.0,63.0,43.0,40.0
5,27.0,24.0,64.0,44.0,40.0
5,28.0,25.0,65.0,45.0,40.0
5,29.0,26.0,65.0,45.5,39.0
5,30.0,27.0,66.0,46.5,39.0
5,31.0,28.0,68.0,48.0,40.0
5,32.0,28.0,74.0,51.0,46.0
5,33.0,28.0,78.0,53.0,50.0
5,34.0,28.0,78.0,53.0,50.0
5,35.0,29.0,82.0,55.5,53.0
5,36.0,29.0,83.0,56.0,54.0
5,37.0,29.0,85.0,57.0,56.0
5,38.0,29.0,92.0,60.5,63.0
5,39.0,30.0,96.0,63.0,66.0
5,39.333333333333336,30.000000000000007,97.0,63.5,67.0
5,39.333333333333336,30.000000000000007,97.0,63.5,67.0
5,40.0,32.0,99.0,65.5,67.0
5,41.0,34.0,102.0,68.0,68.0
5,42.0,34.0,102.0,68.0,68.0
5,43.0,34.0,109.0,71.5,75.0
5,44.0,35.0,111.0,73.0,76.0
5,45.0,35.0,113.0,74.0,78.0
5,46.0,37.0,114.0,75.5,77.0
5,47.0,38.0,115.0,76.5,77.0
5,48.0,38.0,116.0,77.0,78.0
5,49.0,39.0,119.0,79.0,80.0
5,50.0,39.0,123.0,81.0,84.0
5,51.0,41.0,126.0,83.5,85.0
5,52.0,42.0,128.0,85.0,86.0
5,53.0,42.0,129.0,85.5,87.0
5,54.0,42.0,129.0,85.5,87.0
5,55.0,43.0,130.0,86.5,87.0
5,56.0,45.0,134.0,89.5,89.0
5,57.0,45.0,137.0,91.0,92.0
5,58.0,45.0,140.0,92.5,95.0
5,59.0,46.0,143.0,94.5,97.0
5,60.0,47.0,146.0,96.5,99.0
5,61.0,49.0,150.0,99.5,101.0
5,62.0,49.0,150.0,99.5,101.0
5,63.0,49.0,151.0,100.0,102.0
5,64.0,50.0,151.0,100.5,101.0
5,65.0,50.0,152.0,101.0,102.0
5,66.0,50.0,153.0,101.5,103.0
5,67.0,50.0,154.0,102.0,104.0
5,68.0,51.0,154.0,102.5,103.0
5,69.0,51.0,157.0,104.0,106.0
5,69.5,51.0,158.0,104.5,107.0
5,69.5,51.0,158.0,104.5,107.0
5,70.0,52.0,159.0,105.5,107.0
5,71.0,54.0,163.0,108.5,109.0
5,72.0,54.0,163.0,108.5,109.0
5,73.0,55.0,165.0,110.0,110.0
5,74.0,55.0,167.0,111.0,112.0
5,75.0,56.0,169.0,112.5,113.0
5,76.0,57.0,172.0,114.5,115.0
5,77.0,58.0,175.0,116.5,117.0
5,78.0,59.0,177.0,118.0,118.0
5,79.0,62.0,180.0,121.0,118.0
5,80.0,64.0,184.0,124.0,120.0
5,81.0,64.0,184.0,124.0,120.0
5,82.0,64.0,188.0,126.0,124.0
5,83.0,64.0,190.0,127.0,126.0
5,84.0,65.0,191.0,128.0,126.0
5,85.0,66.0,196.0,131.0,130.0
5,86.0,66.0,198.0,132.0,132.0
5,87.0,67.0,201.0,134.0,134.0
5,88.0,67.0,201.0,134.0,134.0
5,89.0,68.0,202.0,135.0,134.0
5,90.0,69.0,205.0,137.0,136.0
5,91.0,72.0,206.0,139.0,134.0
5,92.0,72.0,209.0,140.5,137.0
5,93.0,73.0,216.0,144.5,143.0
5,94.0,73.0,218.0,145.5,145.0
5,94.5,73.5,219.5,146.5,146.0
5,94.5,73.5,219.5,146.5,146.0
5,95.0,75.0,221.0,148.0,146.0
5,96.0,78.0,223.0,150.5,145.0
5,97.0,78.0,226.0,152.0,148.0
5,98.0,79.0,226.0,152.5,147.0
5,99.0,81.0,226.0,153.5,145.0
5,100.0,81.0,229.0,155.0,148.0
5,101.0,81.0,235.0,158.0,154.0
5,102.0,81.0,237.0,159.0,156.0
5,103.0,82.0,239.0,160.5,157.0
5,103.33333333333333,81.99999999999999,239.66666666666663,160.83333333333331,157.66666666666663
5,103.33333333333333,81.99999999999999,239.66666666666663,160.83333333333331,157.66666666666663
5,104.0,84.0,241.0,162.5,157.0
5,105.0,84.0,246.0,165.0,162.0
5,106.0,85.0,251.0,168.0,166.0
5,107.0,87.0,259.0,173.0,172.0
5,108.0,89.0,262.0,175.5,173.0
5,109.0,90.0,269.0,179.5,179.0
5,110.0,91.0,274.0,182.5,183.0
5,111.0,93.0,279.0,186.0,186.0
5,112.0,94.0,280.0,187.0,186.0
5,113.0,95.0,285.0,190.0,190.0
5,114.0,95.0,290.0,192.5,195.0
5,115.0,96.0,292.0,194.0,196.0
5,116.0,98.0,294.0,196.0,196.0
5,117.0,100.0,295.0,197.5,195.0
5,118.0,100.0,299.0,199.5,199.0
5,119.0,100.0,302.0,201.0,202.0
5,120.0,101.0,308.0,204.5,207.0
5,121.0,101.0,317.0,209.0,216.0
5,122.0,103.0,325.0,214.0,222.0
5,123.0,105.0,330.0,217.5,225.0
5,124.0,107.0,333.0,220.0,226.0
5,125.0,107.0,337.0,222.0,230.0
5,126.0,111.0,339.0,225.0,228.0
5,127.0,113.0,346.0,229.5,233.0
5,128.0,113.0,350.0,231.5,237.0
5,129.0,114.0,356.0,235.0,242.0
5,130.0,114.0,359.0,236.5,245.0
5,131.0,117.0,360.0,238.5,243.0
5,132.0,118.0,365.0,241.5,247.0
5,133.0,118.0,371.0,244.5,253.0
5,134.0,120.0,377.0,248.5,257.0
5,135.0,123.0,382.0,252.5,259.0
5,136.0,123.0,387.0,255.0,264.0
5,137.0,124.0,392.0,258.0,268.0
5,138.0,125.0,397.0,261.0,272.0
5,139.0,126.0,400.0,263.0,274.0
5,140.0,126.0,403.0,264.5,277.0
5,141.0,126.0,404.0,265.0,278.0
5,142.0,128.0,406.0,267.0,278.0
5,143.0,129.0,411.0,270.0,282.0
5,144.0,130.0,416.0,273.0,286.0
5,145.0,134.0,425.0,279.5,291.0
5,146.0,136.0,434.0,285.0,298.0
5,147.0,137.0,447.0,292.0,310.0
5,148.0,138.0,455.0,296.5,317.0
5,149.0,139.0,463.0,301.0,324.0
5,150.0,141.0,470.0,305.5,329.0
5,151.0,141.0,474.0,307.5,333.0
5,152.0,141.0,480.0,310.5,339.0
5,153.0,142.0,484.0,313.0,342.0
5,154.0,142.0,490.0,316.0,348.0
5,155.0,143.0,495.0,319.0,352.0
5,156.0,144.0,502.0,323.0,358.0
5,157.0,145.0,509.0,327.0,364.0
5,158.0,145.0,513.0,329.0,368.0
5,159.0,145.0,521.0,333.0,376.0
5,160.0,148.0,534.0,341.0,386.0
5,161.0,151.0,545.0,348.0,394.0
5,162.0,152.0,556.0,354.0,404.0
5,163.0,156.0,561.0,358.5,405.0
5,164.0,156.0,568.0,362.0,412.0
5,165.0,157.0,576.0,366.5,419.0
5,166.0,157.0,584.0,370.5,427.0
5,167.0,158.0,600.0,379.0,442.0
5,168.0,158.0,609.0,383.5,451.0
5,169.0,161.0,615.0,388.0,454.0
5,170.0,162.0,623.0,392.5,461.0
5,171.0,162.0,628.0,395.0,466.0
5,172.0,163.0,635.0,399.0,472.0
5,173.0,163.0,639.0,401.0,476.0
5,174.0,167.0,647.0,407.0,480.0
5,175.0,169.0,651.0,410.0,482.0
5,176.0,170.0,659.0,414.5,489.0
5,177.0,172.0,671.0,421.5,499.0
5,178.0,172.0,677.0,424.5,505.0
5,179.0,174.0,685.0,429.5,511.0
5,180.0,175.0,696.0,435.5,521.0
5,181.0,175.0,701.0,438.0,526.0
5,182.0,175.0,712.0,443.5,537.0
5,183.0,178.0,715.0,446.5,537.0
5,184.0,180.0,721.0,450.5,541.0
5,185.0,183.0,728.0,455.5,545.0
5,186.0,183.0,740.0,461.5,557.0
5,187.0,183.0,752.0,467.5,569.0
5,188.0,186.0,761.0,473.5,575.0
5,189.0,190.0,768.0,479.0,578.0
5,190.0,192.0,772.0,482.0,580.0
5,191.0,192.0,775.0,483.5,583.0
5,192.0,194.0,780.0,487.0,586.0
5,193.0,194.0,789.0,491.5,595.0
5,193.5,194.0,793.0,493.5,599.0
5,193.5,194.0,793.0,493.5,599.0
5,194.0,195.0,797.0,496.0,602.0
5,195.0,198.0,804.0,501.0,606.0
5,196.0,200.0,817.0,508.5,617.0
5,197.0,200.0,822.0,511.0,622.0
5,198.0,200.0,822.0,511.0,622.0
5,199.0,200.0,828.0,514.0,628.0
5,200.0,202.0,834.0,518.0,632.0
5,201.0,202.0,843.0,522.5,641.0
5,202.0,203.0,847.0,525.0,644.0
5,203.0,203.0,852.0,527.5,649.0
5,204.0,204.0,855.0,529.5,651.0
5,205.0,206.0,859.0,532.5,653.0
5,205.33333333333334,206.00000000000003,862.0000000000001,534.0000000000001,656.0000000000001
5,205.33333333333334,206.00000000000003,862.0000000000001,534.0000000000001,656.0000000000001
5,206.0,208.0,868.0,538.0,660.0
5,207.0,208.0,868.0,538.0,660.0
5,208.0,208.0,873.0,540.5,665.0
5,209.0,208.0,877.0,542.5,669.0
5,210.0,208.0,880.0,544.0,672.0
5,211.0,208.0,880.0,544.0,672.0
5,212.0,208.0,880.0,544.0,672.0
6,2.0,5.0,6.0,5.5,1.0
6,3.0,5.0,9.0,7.0,4.0
6,4.0,5.0,12.0,8.5,7.0
6,5.0,7.0,15.0,11.0,8.0
6,6.0,9.0,17.0,13.0,8.0
6,7.0,9.0,18.0,13.5,9.0
6,8.0,12.0,18.0,15.0,6.0
6,9.0,14.0,19.0,16.5,5.0
6,10.0,15.0,20.0,17.5,5.0
6,11.0,15.0,22.0,18.5,7.0
6,12.0,16.0,24.0,20.0,8.0
6,13.0,17.0,25.0,21.0,8.0
6,14.0,19.0,25.0,22.0,6.0
6,15.0,20.0,26.0,23.0,6.0
6,16.0,20.0,31.0,25.5,11.0
6,17.0,20.0,33.0,26.5,13.0
6,18.0,20.0,37.0,28.5,17.0
6,19.0,21.0,38.0,29.5,17.0
6,20.0,21.0,43.0,32.0,22.0
6,21.0,23.0,45.0,34.0,22.0
6,22.0,24.0,47.0,35.5,23.0
6,23.0,26.0,48.0,37.0,22.0
6,24.0,26.0,49.0,37.5,23.0
6,25.0,28.0,51.0,39.5,23.0
6,26.0,30.0,54.0,42.0,24.0
6,27.0,31.0,59.0,45.0,28.0
6,28.0,31.0,62.0,46.5,31.0
6,29.0,32.0,65.0,48.5,33.0
6,30.0,33.0,71.0,52.0,38.0
6,31.0,33.0,72.0,52.5,39.0
6,32.0,34.0,73.0,53.5,39.0
6,33.0,34.0,73.0,53.5,39.0
6,34.0,34.0,76.0,55.0,42.0
6,35.0,34.0,77.0,55.5,43.0
6,36.0,34.0,79.0,56.5,45.0
6,37.0,34.0,80.0,57.0,46.0
6,38.0,34.0,80.0,57.0,46.0
6,39.0,35.0,84.0,59.5,49.0
6,40.0,37.0,86.0,61.5,49.0
6,41.0,41.0,89.0,65.0,48.0
6,42.0,41.0,92.0,66.5,51.0
6,43.0,42.0,92.0,67.0,50.0
6,44.0,43.0,95.0,69.0,52.0
6,45.0,43.0,98.0,70.5,55.0
6,46.0,43.0,102.0,72.5,59.0
6,47.0,43.0,105.0,74.0,62.0
6,48.0,44.0,105.0,74.5,61.0
6,49.0,44.0,108.0,76.0,64.0
6,50.0,44.0,110.0,77.0,66.0
6,51.0,44.0,113.0,78.5,69.0
6,52.0,44.0,117.0,80.5,73.0
6,53.0,45.0,121.0,83.0,76.0
6,54.0,47.0,122.0,84.5,75.0
6,55.0,48.0,124.0,86.0,76.0
6,56.0,49.0,124.0,86.5,75.0
6,57.0,49.0,124.0,86.5,75.0
6,58.0,51.0,124.0,87.5,73.0
6,59.0,52.0,128.0,90.0,76.0
6,60.0,52.0,131.0,91.5,79.0
6,61.0,52.0,133.0,92.5,81.0
6,62.0,53.0,133.0,93.0,80.0
6,62.5,53.0,133.5,93.25,80.5
6,63.0,54.0,134.0,94.0,80.0
6,64.0,55.0,134.0,94.5,79.0
6,65.0,56.0,137.0,96.5,81.0
6,66.0,56.0,139.0,97.5,83.0
6,67.0,57.0,139.0,98.0,82.0
6,68.0,58.0,139.0,98.5,81.0
6,69.0,58.0,141.0,99.5,83.0
6,70.0,60.0,143.0,101.5,83.0
6,71.0,60.0,144.0,102.0,84.0
6,72.0,62.0,146.0,104.0,84.0
6,73.0,62.0,149.0,105.5,87.0
6,74.0,63.0,151.0,107.0,88.0
6,75.0,63.0,152.0,107.5,89.0
6,75.5,63.0,153.0,108.0,90.0
6,76.0,64.0,154.0,109.0,90.0
6,77.0,65.0,154.0,109.5,89.0
6,77.5,65.5,154.0,109.75,88.5
6,78.0,67.0,154.0,110.5,87.0
6,79.0,67.0,157.0,112.0,90.0
6,80.0,70.0,158.0,114.0,88.0
6,81.0,71.0,158.0,114.5,87.0
6,82.0,71.0,159.0,115.0,88.0
6,83.0,72.0,161.0,116.5,89.0
6,84.0,72.0,164.0,118.0,92.0
6,85.0,73.0,165.0,119.0,92.0
6,86.0,75.0,169.0,122.0,94.0
6,87.0,78.0,172.0,125.0,94.0
6,88.0,79.0,175.0,127.0,96.0
6,89.0,79.0,183.0,131.0,104.0
6,90.0,80.0,184.0,132.0,104.0
6,91.0,81.0,186.0,133.5,105.0
6,92.0,81.0,189.0,135.0,108.0
6,93.0,81.0,190.0,135.5,109.0
6,94.0,83.0,192.0,137.5,109.0
6,95.0,85.0,194.0,139.5,109.0
6,96.0,87.0,198.0,142.5,111.0
6,97.0,88.0,200.0,144.0,112.0
6,98.0,90.0,204.0,147.0,114.0
6,99.0,90.0,210.0,150.0,120.0
6,100.0,92.0,211.0,151.5,119.0
6,101.0,93.0,214.0,153.5,121.0
6,102.0,95.0,217.0,156.0,122.0
6,103.0,98.0,219.0,158.5,121.0
6,104.0,98.0,223.0,160.5,125.0
6,105.0,101.0,225.0,163.0,124.0
6,106.0,101.0,231.0,166.0,130.0
6,107.0,103.0,236.0,169.5,133.0
6,108.0,103.0,243.0,173.0,140.0
6,109.0,105.0,244.0,174.5,139.0
6,110.0,107.0,248.0,177.5,141.0
6,111.0,111.0,251.0,181.0,140.0
6,112.0,113.0,254.0,183.5,141.0
6,113.0,117.0,258.0,187.5,141.0
6,114.0,119.0,262.0,190.5,143.0
6,115.0,122.0,266.0,194.0,144.0
6,116.0,124.0,271.0,197.5,147.0
6,117.0,125.0,274.0,199.5,149.0
6,118.0,126.0,278.0,202.0,152.0
6,119.0,129.0,285.0,207.0,156.0
6,120.0,134.0,288.0,211.0,154.0
6,121.0,135.0,293.0,214.0,158.0
6,122.0,138.0,294.0,216.0,156.0
6,123.0,145.0,299.0,222.0,154.0
6,124.0,146.0,303.0,224.5,157.0
6,125.0,150.0,303.0,226.5,153.0
6,126.0,154.0,308.0,231.0,154.0
6,127.0,154.0,308.0,231.0,154.0
6,128.0,154.0,311.0,232.5,157.0
6,129.0,155.0,316.0,235.5,161.0
6,130.0,156.0,317.0,236.5,161.0
6,131.0,158.0,320.0,239.0,162.0
6,132.0,160.0,322.0,241.0,162.0
6,133.0,160.0,324.0,242.0,164.0
6,134.0,162.0,327.0,244.5,165.0
6,135.0,162.0,328.0,245.0,166.0
6,136.0,164.0,333.0,248.5,169.0
6,137.0,164.0,338.0,251.0,174.0
6,138.0,166.0,343.0,254.5,177.0
6,139.0,166.0,348.0,257.0,182.0
6,140.0,166.0,353.0,259.5,187.0
6,141.0,167.0,357.0,262.0,190.0
6,142.0,168.0,358.0,263.0,190.0
6,143.0,168.0,359.0,263.5,191.0
6,144.0,170.0,362.0,266.0,192.0
6,145.0,172.0,363.0,267.5,191.0
6,146.0,173.0,368.0,270.5,195.0
6,147.0,176.0,370.0,273.0,194.0
6,148.0,176.0,377.0,276.5,201.0
6,149.0,177.0,380.0,278.5,203.0
6,150.0,177.0,383.0,280.0,206.0
6,151.0,177.0,383.0,280.0,206.0
6,152.0,177.0,386.0,281.5,209.0
6,153.0,180.0,391.0,285.5,211.0
6,154.0,182.0,396.0,289.0,214.0
6,155.0,183.0,396.0,289.5,213.0
6,156.0,187.0,399.0,293.0,212.0
6,157.0,190.0,402.0,296.0,212.0
6,158.0,191.0,408.0,299.5,217.0
6,159.0,192.0,414.0,303.0,222.0
6,160.0,194.0,420.0,307.0,226.0
6,161.0,195.0,425.0,310.0,230.0
6,162.0,198.0,434.0,316.0,236.0
6,163.0,198.0,437.0,317.5,239.0
6,164.0,198.0,442.0,320.0,244.0
6,165.0,199.0,444.0,321.5,245.0
6,166.0,200.0,448.0,324.0,248.0
6,167.0,201.0,453.0,327.0,252.0
6,168.0,204.0,457.0,330.5,253.0
6,169.0,205.0,461.0,333.0,256.0
6,170.0,207.0,466.0,336.5,259.0
6,171.0,208.0,475.0,341.5,267.0
6,172.0,209.0,482.0,345.5,273.0
6,173.0,213.0,488.0,350.5,275.0
6,174.0,215.0,490.0,352.5,275.0
6,175.0,219.0,496.0,357.5,277.0
6,176.0,219.0,503.0,361.0,284.0
6,177.0,219.0,505.0,362.0,286.0
6,178.0,219.0,508.0,363.5,289.0
6,179.0,221.0,511.0,366.0,290.0
6,180.0,223.0,517.0,370.0,294.0
6,181.0,227.0,522.0,374.5,295.0
6,182.0,229.0,532.0,380.5,303.0
6,183.0,234.0,538.0,386.0,304.0
6,184.0,235.0,539.0,387.0,304.0
6,185.0,237.0,544.0,390.5,307.0
6,186.0,238.0,548.0,393.0,310.0
6,187.0,238.0,552.0,395.0,314.0
6,188.0,238.0,556.0,397.0,318.0
6,189.0,240.0,566.0,403.0,326.0
6,190.0,242.0,567.0,404.5,325.0
6,191.0,244.0,572.0,408.0,328.0
6,192.0,244.0,578.0,411.0,334.0
6,193.0,244.0,580.0,412.0,336.0
6,194.0,244.0,584.0,414.0,340.0
6,195.0,245.0,590.0,417.5,345.0
6,196.0,245.0,595.0,420.0,350.0
6,197.0,246.0,599.0,422.5,353.0
6,198.0,246.0,602.0,424.0,356.0
6,199.0,248.0,610.0,429.0,362.0
6,200.0,249.0,612.0,430.5,363.0
6,201.0,249.0,616.0,432.5,367.0
6,202.0,250.0,619.0,434.5,369.0
6,203.0,252.0,619.0,435.5,367.0
6,204.0,252.0,623.0,437.5,371.0
6,205.0,252.0,631.0,441.5,379.0
6,206.0,256.0,631.0,443.5,375.0
6,207.0,256.0,631.0,443.5,375.0
6,208.0,256.0,634.0,445.0,378.0
6,209.0,256.0,634.0,445.0,378.0
6,210.0,256.0,634.0,445.0,378.0
6,211.0,256.0,636.0,446.0,380.0
6,212.0,256.0,636.0,446.0,380.0
7,5.333333333333333,4.333333333333332,4.999999999999999,4.666666666666666,0.666666666666667
7,11.0,12.0,14.0,13.0,2.0
7,12.0,13.0,14.0,13.5,1.0
7,13.0,15.0,16.0,15.5,1.0
7,14.0,15.0,17.0,16.0,2.0
7,14.5,15.0,18.5,16.75,3.5
7,15.0,16.0,20.0,18.0,4.0
7,16.0,17.0,23.0,20.0,6.0
7,17.0,18.0,23.0,20.5,5.0
7,18.0,19.0,23.0,21.0,4.0
7,19.0,20.0,25.0,22.5,5.0
7,20.0,21.0,26.0,23.5,5.0
7,21.0,22.0,27.0,24.5,5.0
7,22.0,22.0,28.0,25.0,6.0
7,23.0,22.0,29.0,25.5,7.0
7,24.0,23.0,30.0,26.5,7.0
7,25.0,23.0,34.0,28.5,11.0
7,26.0,24.0,36.0,30.0,12.0
7,27.0,26.0,37.0,31.5,11.0
7,28.0,26.0,39.0,32.5,13.0
7,29.0,26.0,40.0,33.0,14.0
7,30.0,27.0,43.0,35.0,16.0
7,31.0,28.0,44.0,36.0,16.0
7,32.0,29.0,44.0,36.5,15.0
7,33.0,30.0,46.0,38.0,16.0
7,34.0,30.0,47.0,38.5,17.0
7,35.0,31.0,50.0,40.5,19.0
7,36.0,32.0,50.0,41.0,18.0
7,37.0,32.0,50.0,41.0,18.0
7,38.0,33.0,51.0,42.0,18.0
7,39.0,33.0,52.0,42.5,19.0
7,40.0,34.0,54.0,44.0,20.0
7,41.0,35.0,55.0,45.0,20.0
7,42.0,36.0,58.0,47.0,22.0
7,43.0,36.0,58.0,47.0,22.0
7,44.0,37.0,59.0,48.0,22.0
7,45.0,37.0,60.0,48.5,23.0
7,46.0,38.0,61.0,49.5,23.0
7,47.0,38.0,64.0,51.0,26.0
7,48.0,40.0,67.0,53.5,27.0
7,49.0,43.0,68.0,55.5,25.0
7,50.0,43.0,70.0,56.5,27.0
7,51.0,43.0,73.0,58.0,30.0
7,52.0,44.0,74.0,59.0,30.0
7,53.0,47.0,76.0,61.5,29.0
7,54.0,49.0,77.0,63.0,28.0
7,55.0,50.0,77.0,63.5,27.0
7,56.0,50.0,78.0,64.0,28.0
7,57.0,51.0,78.0,64.5,27.0
7,58.0,51.0,80.0,65.5,29.0
7,59.0,52.0,82.0,67.0,30.0
7,60.0,54.0,82.0,68.0,28.0
7,61.0,54.0,82.0,68.0,28.0
7,62.0,56.0,83.0,69.5,27.0
7,63.0,57.0,83.0,70.0,26.0
7,64.0,58.0,84.0,71.0,26.0
7,65.0,58.0,85.0,71.5,27.0
7,66.0,58.0,87.0,72.5,29.0
7,67.0,58.0,87.0,72.5,29.0
7,68.0,58.0,87.0,72.5,29.0
7,69.0,59.0,88.0,73.5,29.0
7,70.0,60.0,90.0,75.0,30.0
7,71.0,60.0,91.0,75.5,31.0
7,72.0,60.0,91.0,75.5,31.0
7,73.0,61.0,93.0,77.0,32.0
7,74.0,61.0,95.0,78.0,34.0
7,74.5,61.0,96.5,78.75,35.5
7,75.0,62.0,98.0,80.0,36.0
7,75.5,62.0,98.5,80.25,36.5
7,75.5,62.0,98.5,80.25,36.5
7,76.0,63.0,99.0,81.0,36.0
7,77.0,64.0,100.0,82.0,36.0
7,78.0,66.0,102.0,84.0,36.0
7,79.0,69.0,103.0,86.0,34.0
7,80.0,70.0,105.0,87.5,35.0
7,81.0,70.0,110.0,90.0,40.0
7,82.0,71.0,115.0,93.0,44.0
7,83.0,71.0,115.0,93.0,44.0
7,84.0,71.0,120.0,95.5,49.0
7,85.0,72.0,123.0,97.5,51.0
7,86.0,73.0,124.0,98.5,51.0
7,86.5,73.5,125.5,99.5,52.0
7,87.0,75.0,127.0,101.0,52.0
7,88.0,77.0,129.0,103.0,52.0
7,89.0,77.0,134.0,105.5,57.0
7,90.0,77.0,135.0,106.0,58.0
7,91.0,78.0,139.0,108.5,61.0
7,92.0,81.0,140.0,110.5,59.0
7,93.0,85.0,142.0,113.5,57.0
7,94.0,86.0,144.0,115.0,58.0
7,95.0,86.0,147.0,116.5,61.0
7,96.0,87.0,150.0,118.5,63.0
7,97.0,89.0,153.0,121.0,64.0
7,98.0,89.0,159.0,124.0,70.0
7,99.0,89.0,162.0,125.5,73.0
7,100.0,89.0,166.0,127.5,77.0
7,101.0,90.0,167.0,128.5,77.0
7,102.0,92.0,175.0,133.5,83.0
7,103.0,93.0,178.0,135.5,85.0
7,104.0,95.0,181.0,138.0,86.0
7,105.0,95.0,183.0,139.0,88.0
7,106.0,95.0,187.0,141.0,92.0
7,107.0,97.0,188.0,142.5,91.0
7,108.0,98.0,191.0,144.5,93.0
7,109.0,100.0,194.0,147.0,94.0
7,110.0,101.0,196.0,148.5,95.0
7,111.0,102.0,199.0,150.5,97.0
7,112.0,106.0,205.0,155.5,99.0
7,113.0,109.0,205.0,157.0,96.0
7,114.0,109.0,214.0,161.5,105.0
7,115.0,110.0,225.0,167.5,115.0
7,116.0,114.0,233.0,173.5,119.0
7,117.0,114.0,244.0,179.0,130.0
7,118.0,115.0,251.0,183.0,136.0
7,119.0,115.0,257.0,186.0,142.0
7,120.0,115.0,260.0,187.5,145.0
7,120.66666666666667,115.66666666666667,260.0,187.83333333333334,144.33333333333331
7,121.0,116.0,260.0,188.0,144.0
7,121.33333333333333,116.0,261.3333333333333,188.66666666666666,145.33333333333331
7,122.0,116.0,264.0,190.0,148.0
7,123.0,118.0,271.0,194.5,153.0
7,124.0,122.0,273.0,197.5,151.0
7,125.0,126.0,275.0,200.5,149.0
7,126.0,128.0,280.0,204.0,152.0
7,127.0,135.0,289.0,212.0,154.0
7,128.0,138.0,296.0,217.0,158.0
7,129.0,142.0,307.0,224.5,165.0
7,130.0,143.0,308.0,225.5,165.0
7,131.0,145.0,313.0,229.0,168.0
7,132.0,148.0,316.0,232.0,168.0
7,133.0,149.0,322.0,235.5,173.0
7,134.0,150.0,334.0,242.0,184.0
7,135.0,153.0,334.0,243.5,181.0
7,136.0,154.0,336.0,245.0,182.0
7,137.0,156.0,341.0,248.5,185.0
7,138.0,156.0,344.0,250.0,188.0
7,139.0,160.0,350.0,255.0,190.0
7,140.0,160.0,356.0,258.0,196.0
7,141.0,160.0,363.0,261.5,203.0
7,142.0,162.0,367.0,264.5,205.0
7,143.0,163.0,370.0,266.5,207.0
7,144.0,164.0,377.0,270.5,213.0
7,145.0,167.0,381.0,274.0,214.0
7,146.0,169.0,389.0,279.0,220.0
7,147.0,170.0,394.0,282.0,224.0
7,148.0,173.0,396.0,284.5,223.0
7,149.0,174.0,400.0,287.0,226.0
7,150.0,177.0,405.0,291.0,228.0
7,151.0,178.0,408.0,293.0,230.0
7,152.0,180.0,411.0,295.5,231.0
7,153.0,181.0,414.0,297.5,233.0
7,154.0,184.0,421.0,302.5,237.0
7,155.0,191.0,427.0,309.0,236.0
7,156.0,196.0,430.0,313.0,234.0
7,157.0,199.0,434.0,316.5,235.0
7,158.0,201.0,437.0,319.0,236.0
7,159.0,204.0,438.0,321.0,234.0
7,160.0,213.0,445.0,329.0,232.0
7,161.0,220.0,455.0,337.5,235.0
7,162.0,221.0,459.0,340.0,238.0
7,163.0,221.0,468.0,344.5,247.0
7,164.0,223.0,475.0,349.0,252.0
7,165.0,225.0,482.0,353.5,257.0
7,166.0,228.0,487.0,357.5,259.0
7,167.0,229.0,493.0,361.0,264.0
7,168.0,229.0,499.0,364.0,270.0
7,169.0,232.0,504.0,368.0,272.0
7,170.0,236.0,514.0,375.0,278.0
7,171.0,237.0,519.0,378.0,282.0
7,172.0,238.0,527.0,382.5,289.0
7,173.0,239.0,536.0,387.5,297.0
7,174.0,242.0,541.0,391.5,299.0
7,175.0,242.0,547.0,394.5,305.0
7,176.0,245.0,554.0,399.5,309.0
7,177.0,251.0,560.0,405.5,309.0
7,178.0,255.0,573.0,414.0,318.0
7,179.0,256.0,582.0,419.0,326.0
7,180.0,257.0,586.0,421.5,329.0
7,181.0,258.0,595.0,426.5,337.0
7,182.0,259.0,600.0,429.5,341.0
7,183.0,260.0,604.0,432.0,344.0
7,184.0,260.0,613.0,436.5,353.0
7,185.0,262.0,618.0,440.0,356.0
7,186.0,265.0,625.0,445.0,360.0
7,187.0,268.0,631.0,449.5,363.0
7,188.0,269.0,635.0,452.0,366.0
7,189.0,273.0,640.0,456.5,367.0
7,190.0,273.0,645.0,459.0,372.0
7,191.0,275.0,649.0,462.0,374.0
7,192.0,279.0,649.0,464.0,370.0
7,193.0,279.0,651.0,465.0,372.0
7,194.0,279.0,659.0,469.0,380.0
7,195.0,279.0,662.0,470.5,383.0
7,196.0,279.0,665.0,472.0,386.0
7,197.0,281.0,669.0,475.0,388.0
7,198.0,281.0,670.0,475.5,389.0
7,199.0,283.0,678.0,480.5,395.0
7,200.0,283.0,683.0,483.0,400.0
7,201.0,283.0,684.0,483.5,401.0
7,202.0,287.0,685.0,486.0,398.0
7,203.0,287.0,687.0,487.0,400.0
7,204.0,287.0,693.0,490.0,406.0
7,205.0,287.0,702.0,494.5,415.0
7,206.0,287.0,707.0,497.0,420.0
7,207.0,289.0,710.0,499.5,421.0
7,208.0,289.0,718.0,503.5,429.0
7,209.0,289.0,722.0,505.5,433.0
7,210.0,290.0,724.0,507.0,434.0
7,211.0,290.0,724.0,507.0,434.0
7,212.0,290.0,724.0,507.0,434.0
8,0.0,2.0,3.0,2.5,1.0
8,1.0,3.0,5.0,4.0,2.0
8,2.0,5.0,6.0,5.5,1.0
8,3.0,5.0,8.0,6.5,3.0
8,4.0,5.0,9.0,7.0,4.0
8,5.0,7.0,10.0,8.5,3.0
8,6.0,9.0,13.0,11.0,4.0
8,7.0,9.0,15.0,12.0,6.0
8,8.0,12.0,17.0,14.5,5.0
8,9.0,14.0,21.0,17.5,7.0
8,10.0,15.0,21.0,18.0,6.0
8,11.0,15.0,21.0,18.0,6.0
8,12.0,16.0,22.0,19.0,6.0
8,13.0,17.0,23.0,20.0,6.0
8,14.0,19.0,24.0,21.5,5.0
8,15.0,20.0,25.0,22.5,5.0
8,16.0,20.0,29.0,24.5,9.0
8,17.0,20.0,29.0,24.5,9.0
8,18.0,20.0,30.0,25.0,10.0
8,19.0,21.0,31.0,26.0,10.0
8,20.0,21.0,34.0,27.5,13.0
8,21.0,23.0,34.0,28.5,11.0
8,22.0,24.0,35.0,29.5,11.0
8,23.0,26.0,35.0,30.5,9.0
8,24.0,26.0,38.0,32.0,12.0
8,25.0,28.0,39.0,33.5,11.0
8,26.0,30.0,41.0,35.5,11.0
8,27.0,31.0,41.0,36.0,10.0
8,28.0,31.0,43.0,37.0,12.0
8,29.0,32.0,44.0,38.0,12.0
8,30.0,33.0,44.0,38.5,11.0
8,31.0,33.0,44.0,38.5,11.0
8,32.0,34.0,45.0,39.5,11.0
8,33.0,34.0,46.0,40.0,12.0
8,34.0,34.0,46.0,40.0,12.0
8,35.0,34.0,46.0,40.0,12.0
8,36.0,34.0,47.0,40.5,13.0
8,37.0,34.0,48.0,41.0,14.0
8,38.0,34.0,48.0,41.0,14.0
8,39.0,34.0,48.0,41.0,14.0
8,40.0,35.0,49.0,42.0,14.0
8,41.0,35.0,49.0,42.0,14.0
8,42.0,35.0,50.0,42.5,15.0
8,43.0,36.0,51.0,43.5,15.0
8,44.0,36.0,53.0,44.5,17.0
8,45.0,37.0,54.0,45.5,17.0
8,46.0,37.0,54.0,45.5,17.0
8,47.0,38.0,55.0,46.5,17.0
8,48.0,39.0,57.0,48.0,18.0
8,49.0,40.0,58.0,49.0,18.0
8,50.0,40.0,59.0,49.5,19.0
8,51.0,42.0,60.0,51.0,18.0
8,52.0,42.0,63.0,52.5,21.0
8,53.0,42.0,63.0,52.5,21.0
8,54.0,42.0,64.0,53.0,22.0
8,55.0,45.0,65.0,55.0,20.0
8,56.0,46.0,65.0,55.5,19.0
8,57.0,46.0,65.0,55.5,19.0
8,58.0,47.0,67.0,57.0,20.0
8,59.0,48.0,68.0,58.0,20.0
8,60.0,49.0,68.0,58.5,19.0
8,61.0,49.0,69.0,59.0,20.0
8,62.0,49.0,70.0,59.5,21.0
8,63.0,49.0,71.0,60.0,22.0
8,64.0,49.0,71.0,60.0,22.0
8,65.0,51.0,72.0,61.5,21.0
8,66.0,51.0,73.0,62.0,22.0
8,67.0,52.0,76.0,64.0,24.0
8,68.0,52.0,77.0,64.5,25.0
8,69.0,52.0,79.0,65.5,27.0
8,70.0,52.0,79.0,65.5,27.0
8,71.0,52.0,80.0,66.0,28.0
8,72.0,53.0,81.0,67.0,28.0
8,73.0,53.0,82.0,67.5,29.0
8,74.0,54.0,82.0,68.0,28.0
8,75.0,56.0,82.0,69.0,26.0
8,76.0,57.0,82.0,69.5,25.0
8,77.0,57.0,84.0,70.5,27.0
8,78.0,57.0,86.0,71.5,29.0
8,79.0,57.0,86.0,71.5,29.0
8,80.0,58.0,88.0,73.0,30.0
8,81.0,59.0,90.0,74.5,31.0
8,82.0,60.0,90.0,75.0,30.0
8,83.0,60.0,90.0,75.0,30.0
8,84.0,60.0,90.0,75.0,30.0
8,85.0,60.0,91.0,75.5,31.0
8,86.0,61.0,92.0,76.5,31.0
8,87.0,62.0,93.0,77.5,31.0
8,88.0,62.0,93.0,77.5,31.0
8,89.0,62.0,93.0,77.5,31.0
8,90.0,62.0,94.0,78.0,32.0
8,91.0,62.0,95.0,78.5,33.0
8,92.0,62.0,96.0,79.0,34.0
8,93.0,63.0,98.0,80.5,35.0
8,94.0,64.0,98.0,81.0,34.0
8,95.0,64.0,99.0,81.5,35.0
8,96.0,65.0,100.0,82.5,35.0
8,97.0,65.0,102.0,83.5,37.0
8,98.0,66.0,103.0,84.5,37.0
8,99.0,66.0,105.0,85.5,39.0
8,100.0,66.0,105.0,85.5,39.0
8,101.0,66.0,107.0,86.5,41.0
8,102.0,67.0,107.0,87.0,40.0
8,103.0,67.0,107.0,87.0,40.0
8,104.0,67.0,108.0,87.5,41.0
8,105.0,67.0,109.0,88.0,42.0
8,106.0,67.0,109.0,88.0,42.0
8,107.0,67.0,110.0,88.5,43.0
8,108.0,68.0,110.0,89.0,42.0
8,109.0,69.0,110.0,89.5,41.0
8,110.0,69.0,111.0,90.0,42.0
8,111.0,69.0,113.0,91.0,44.0
8,112.0,69.0,113.0,91.0,44.0
8,113.0,69.0,115.0,92.0,46.0
8,114.0,69.0,116.0,92.5,47.0
8,115.0,69.0,117.0,93.0,48.0
8,116.0,70.0,117.0,93.5,47.0
8,117.0,71.0,119.0,95.0,48.0
8,118.0,71.0,121.0,96.0,50.0
8,119.0,73.0,121.0,97.0,48.0
8,120.0,73.0,121.0,97.0,48.0
8,121.0,74.0,124.0,99.0,50.0
8,122.0,75.0,124.0,99.5,49.0
8,123.0,76.0,125.0,100.5,49.0
8,124.0,76.0,126.0,101.0,50.0
8,125.0,78.0,126.0,102.0,48.0
8,126.0,78.0,127.0,102.5,49.0
8,127.0,80.0,128.0,104.0,48.0
8,128.0,82.0,130.0,106.0,48.0
8,129.0,82.0,132.0,107.0,50.0
8,130.0,82.0,132.0,107.0,50.0
8,131.0,82.0,132.0,107.0,50.0
8,132.0,82.0,133.0,107.5,51.0
8,133.0,84.0,134.0,109.0,50.0
8,134.0,86.0,134.0,110.0,48.0
8,135.0,86.0,137.0,111.5,51.0
8,136.0,88.0,137.0,112.5,49.0
8,137.0,88.0,139.0,113.5,51.0
8,138.0,88.0,139.0,113.5,51.0
8,139.0,90.0,142.0,116.0,52.0
8,140.0,90.0,143.0,116.5,53.0
8,141.0,91.0,143.0,117.0,52.0
8,142.0,91.0,144.0,117.5,53.0
8,143.0,92.0,144.0,118.0,52.0
8,144.0,93.0,144.0,118.5,51.0
8,145.0,93.0,145.0,119.0,52.0
8,146.0,93.0,145.0,119.0,52.0
8,147.0,93.0,145.0,119.0,52.0
8,148.0,93.0,146.0,119.5,53.0
8,149.0,93.0,146.0,119.5,53.0
8,150.0,94.0,147.0,120.5,53.0
8,150.33333333333334,94.0,147.33333333333337,120.66666666666669,53.33333333333337
8,151.0,94.0,150.0,122.0,56.0
8,152.0,95.0,153.0,124.0,58.0
8,153.0,96.0,154.0,125.0,58.0
8,154.0,97.0,154.0,125.5,57.0
8,155.0,97.0,154.0,125.5,57.0
8,156.0,97.0,155.0,126.0,58.0
8,157.0,97.0,156.0,126.5,59.0
8,158.0,97.0,157.0,127.0,60.0
8,159.0,98.0,160.0,129.0,62.0
8,160.0,99.0,162.0,130.5,63.0
8,161.0,99.0,165.0,132.0,66.0
8,162.0,99.0,166.0,132.5,67.0
8,163.0,99.0,167.0,133.0,68.0
8,164.0,99.0,168.0,133.5,69.0
8,165.0,100.0,171.0,135.5,71.0
8,166.0,102.0,173.0,137.5,71.0
8,167.0,102.0,175.0,138.5,73.0
8,168.0,105.0,181.0,143.0,76.0
8,169.0,107.0,182.0,144.5,75.0
8,170.0,108.0,185.0,146.5,77.0
8,171.0,109.0,187.0,148.0,78.0
8,172.0,111.0,188.0,149.5,77.0
8,173.0,112.0,190.0,151.0,78.0
8,174.0,113.0,191.0,152.0,78.0
8,175.0,116.0,192.0,154.0,76.0
8,176.0,116.0,193.0,154.5,77.0
8,176.66666666666666,117.99999999999997,193.66666666666663,155.83333333333331,75.66666666666666
8,177.0,119.0,195.0,157.0,76.0
8,178.0,120.0,199.0,159.5,79.0
8,179.0,122.0,201.0,161.5,79.0
8,180.0,122.0,205.0,163.5,83.0
8,181.0,124.0,205.0,164.5,81.0
8,182.0,127.0,206.0,166.5,79.0
8,183.0,129.0,208.0,168.5,79.0
8,183.5,129.5,210.0,169.75,80.5
8,184.0,130.0,213.0,171.5,83.0
8,185.0,133.0,215.0,174.0,82.0
8,186.0,137.0,220.0,178.5,83.0
8,187.0,139.0,220.0,179.5,81.0
8,188.0,140.0,221.0,180.5,81.0
8,188.33333333333334,140.0,221.33333333333337,180.66666666666669,81.33333333333337
8,189.0,140.0,224.0,182.0,84.0
8,190.0,141.0,228.0,184.5,87.0
8,191.0,141.0,229.0,185.0,88.0
8,192.0,141.0,229.0,185.0,88.0
8,193.0,141.0,231.0,186.0,90.0
8,194.0,141.0,235.0,188.0,94.0
8,195.0,141.0,236.0,188.5,95.0
8,196.0,141.0,236.0,188.5,95.0
8,197.0,143.0,239.0,191.0,96.0
8,198.0,143.0,239.0,191.0,96.0
8,199.0,143.0,242.0,192.5,99.0
8,200.0,143.0,242.0,192.5,99.0
8,201.0,143.0,243.0,193.0,100.0
8,202.0,144.0,243.0,193.5,99.0
8,202.5,144.0,244.0,194.0,100.0
8,203.0,145.0,245.0,195.0,100.0
8,204.0,146.0,245.0,195.5,99.0
8,205.0,146.0,245.0,195.5,99.0
8,206.0,149.0,245.0,197.0,96.0
8,207.0,149.0,245.0,197.0,96.0
8,208.0,149.0,245.0,197.0,96.0
8,209.0,150.0,245.0,197.5,95.0
8,210.0,150.0,245.0,197.5,95.0
8,211.0,150.0,245.0,197.5,95.0
8,212.0,150.0,245.0,197.5,95.0
9,0.0,1.0,6.0,3.5,5.0
9,1.0,4.0,13.0,8.5,9.0
9,3.0,16.0,21.0,18.5,5.0
9,4.0,18.0,23.0,20.5,5.0
9,5.0,22.0,27.0,24.5,5.0
9,6.0,22.0,34.0,28.0,12.0
9,7.0,22.0,40.0,31.0,18.0
9,8.0,26.0,50.0,38.0,24.0
9,9.0,31.0,53.0,42.0,22.0
9,10.0,36.0,60.0,48.0,24.0
9,11.0,37.0,64.0,50.5,27.0
9,12.0,44.0,69.0,56.5,25.0
9,13.0,49.0,72.0,60.5,23.0
9,14.0,53.0,74.0,63.5,21.0
9,15.0,59.0,78.0,68.5,19.0
9,16.0,65.0,84.0,74.5,19.0
9,17.0,68.0,86.0,77.0,18.0
9,18.0,71.0,89.0,80.0,18.0
9,19.0,73.0,94.0,83.5,21.0
9,20.0,77.0,98.0,87.5,21.0
9,21.0,78.0,103.0,90.5,25.0
9,22.0,85.0,109.0,97.0,24.0
9,23.0,89.0,112.0,100.5,23.0
9,24.0,93.0,114.0,103.5,21.0
9,25.0,95.0,117.0,106.0,22.0
9,26.0,99.0,118.0,108.5,19.0
9,27.0,101.0,120.0,110.5,19.0
9,28.0,103.0,122.0,112.5,19.0
9,29.0,106.0,128.0,117.0,22.0
9,30.0,110.0,133.0,121.5,23.0
9,31.0,113.0,137.0,125.0,24.0
9,32.0,117.0,143.0,130.0,26.0
9,33.0,120.0,149.0,134.5,29.0
9,34.0,125.0,156.0,140.5,31.0
9,35.0,128.0,160.0,144.0,32.0
9,36.0,132.0,161.0,146.5,29.0
9,37.0,137.0,164.0,150.5,27.0
9,38.0,139.0,169.0,154.0,30.0
9,39.0,142.0,177.0,159.5,35.0
9,40.0,148.0,184.0,166.0,36.0
9,41.0,152.0,189.0,170.5,37.0
9,42.0,158.0,191.0,174.5,33.0
9,43.0,163.0,194.0,178.5,31.0
9,44.0,170.0,197.0,183.5,27.0
9,45.0,176.0,201.0,188.5,25.0
9,46.0,182.0,204.0,193.0,22.0
9,47.0,186.0,209.0,197.5,23.0
9,48.0,190.0,213.0,201.5,23.0
9,49.0,194.0,215.0,204.5,21.0
9,50.0,202.0,223.0,212.5,21.0
9,51.0,204.0,227.0,215.5,23.0
9,52.0,209.0,241.0,225.0,32.0
9,53.0,213.0,250.0,231.5,37.0
9,54.0,216.0,253.0,234.5,37.0
9,55.0,218.0,257.0,237.5,39.0
9,56.0,223.0,263.0,243.0,40.0
9,57.0,228.0,267.0,247.5,39.0
9,58.0,232.0,273.0,252.5,41.0
9,59.0,235.0,277.0,256.0,42.0
9,60.0,236.0,279.0,257.5,43.0
9,61.0,239.0,283.0,261.0,44.0
9,62.0,243.0,287.0,265.0,44.0
9,63.0,246.0,291.0,268.5,45.0
9,64.0,252.0,295.0,273.5,43.0
9,65.0,261.0,298.0,279.5,37.0
9,66.0,266.0,301.0,283.5,35.0
9,67.0,272.0,305.0,288.5,33.0
9,68.0,275.0,309.0,292.0,34.0
9,69.0,276.0,313.0,294.5,37.0
9,70.0,283.0,316.0,299.5,33.0
9,71.0,285.0,318.0,301.5,33.0
9,72.0,289.0,327.0,308.0,38.0
9,73.0,296.0,327.0,311.5,31.0
9,74.0,298.0,329.0,313.5,31.0
9,75.0,301.0,332.0,316.5,31.0
9,76.0,305.0,334.0,319.5,29.0
9,77.0,311.0,335.0,323.0,24.0
9,78.0,317.0,337.0,327.0,20.0
9,79.0,321.0,347.0,334.0,26.0
9,80.0,330.0,355.0,342.5,25.0
9,81.0,332.0,360.0,346.0,28.0
9,82.0,333.0,363.0,348.0,30.0
9,83.0,340.0,365.0,352.5,25.0
9,84.0,347.0,370.0,358.5,23.0
9,85.0,354.0,373.0,363.5,19.0
9,86.0,358.0,375.0,366.5,17.0
9,87.0,360.0,380.0,370.0,20.0
9,88.0,363.0,384.0,373.5,21.0
9,89.0,369.0,391.0,380.0,22.0
9,90.0,372.0,396.0,384.0,24.0
9,91.0,379.0,405.0,392.0,26.0
9,92.0,380.0,415.0,397.5,35.0
9,93.0,385.0,418.0,401.5,33.0
9,94.0,394.0,425.0,409.5,31.0
9,95.0,400.0,431.0,415.5,31.0
9,96.0,405.0,442.0,423.5,37.0
9,97.0,411.0,449.0,430.0,38.0
9,98.0,418.0,458.0,438.0,40.0
9,99.0,425.0,471.0,448.0,46.0
9,100.0,434.0,476.0,455.0,42.0
9,101.0,436.0,482.0,459.0,46.0
9,102.0,442.0,486.0,464.0,44.0
9,103.0,447.0,492.0,469.5,45.0
9,104.0,451.0,504.0,477.5,53.0
9,105.0,461.0,510.0,485.5,49.0
9,106.0,466.0,516.0,491.0,50.0
9,107.0,474.0,526.0,500.0,52.0
9,108.0,476.0,533.0,504.5,57.0
9,109.0,489.0,547.0,518.0,58.0
9,110.0,495.0,558.0,526.5,63.0
9,111.0,500.0,566.0,533.0,66.0
9,112.0,510.0,570.0,540.0,60.0
9,113.0,514.0,584.0,549.0,70.0
9,114.0,526.0,591.0,558.5,65.0
9,115.0,531.0,596.0,563.5,65.0
9,116.0,542.0,609.0,575.5,67.0
9,117.0,548.0,623.0,585.5,75.0
9,118.0,558.0,641.0,599.5,83.0
9,119.0,567.0,646.0,606.5,79.0
9,120.0,578.0,652.0,615.0,74.0
9,121.0,583.0,661.0,622.0,78.0
9,122.0,594.0,678.0,636.0,84.0
9,123.0,607.0,689.0,648.0,82.0
9,124.0,620.0,702.0,661.0,82.0
9,125.0,623.0,718.0,670.5,95.0
9,126.0,635.0,726.0,680.5,91.0
9,127.0,647.0,731.0,689.0,84.0
9,128.0,659.0,758.0,708.5,99.0
9,129.0,669.0,771.0,720.0,102.0
9,130.0,680.0,780.0,730.0,100.0
9,131.0,691.0,791.0,741.0,100.0
9,132.0,698.0,800.0,749.0,102.0
9,133.0,705.0,805.0,755.0,100.0
9,134.0,709.0,810.0,759.5,101.0
9,135.0,715.0,816.0,765.5,101.0
9,136.0,725.0,825.0,775.0,100.0
9,137.0,734.0,831.0,782.5,97.0
9,138.0,748.0,839.0,793.5,91.0
9,139.0,758.0,850.0,804.0,92.0
9,140.0,767.0,856.0,811.5,89.0
9,141.0,781.0,866.0,823.5,85.0
9,142.0,795.0,869.0,832.0,74.0
9,143.0,802.0,879.0,840.5,77.0
9,144.0,814.0,893.0,853.5,79.0
9,145.0,821.0,897.0,859.0,76.0
9,146.0,832.0,908.0,870.0,76.0
9,147.0,838.0,920.0,879.0,82.0
9,148.0,846.0,927.0,886.5,81.0
9,149.0,858.0,931.0,894.5,73.0
9,150.0,869.0,938.0,903.5,69.0
9,151.0,874.0,950.0,912.0,76.0
9,152.0,883.0,955.0,919.0,72.0
9,153.0,893.0,961.0,927.0,68.0
9,154.0,900.0,971.0,935.5,71.0
9,155.0,911.0,978.0,944.5,67.0
9,156.0,917.0,986.0,951.5,69.0
9,157.0,930.0,991.0,960.5,61.0
9,158.0,941.0,996.0,968.5,55.0
9,159.0,951.0,1007.0,979.0,56.0
9,160.0,964.0,1023.0,993.5,59.0
9,161.0,981.0,1034.0,1007.5,53.0
9,162.0,995.0,1049.0,1022.0,54.0
9,163.0,1008.0,1058.0,1033.0,50.0
9,164.0,1021.0,1066.0,1043.5,45.0
9,165.0,1031.0,1084.0,1057.5,53.0
9,166.0,1038.0,1097.0,1067.5,59.0
9,167.0,1050.0,1107.0,1078.5,57.0
9,168.0,1061.0,1123.0,1092.0,62.0
9,169.0,1079.0,1137.0,1108.0,58.0
9,170.0,1097.0,1145.0,1121.0,48.0
9,171.0,1118.0,1156.0,1137.0,38.0
9,172.0,1128.0,1168.0,1148.0,40.0
9,173.0,1137.0,1173.0,1155.0,36.0
9,174.0,1153.0,1187.0,1170.0,34.0
9,175.0,1169.0,1201.0,1185.0,32.0
9,176.0,1177.0,1210.0,1193.5,33.0
9,177.0,1186.0,1224.0,1205.0,38.0
9,178.0,1201.0,1229.0,1215.0,28.0
9,179.0,1208.0,1237.0,1222.5,29.0
9,180.0,1218.0,1247.0,1232.5,29.0
9,181.0,1231.0,1254.0,1242.5,23.0
9,182.0,1245.0,1264.0,1254.5,19.0
9,183.0,1261.0,1273.0,1267.0,12.0
9,184.0,1268.0,1282.0,1275.0,14.0
9,185.0,1281.0,1290.0,1285.5,9.0
9,186.0,1295.0,1302.0,1298.5,7.0
9,187.0,1308.0,1310.0,1309.0,2.0
10,1.0,1.0,3.0,2.0,2.0
10,2.0,1.0,3.0,2.0,2.0
10,3.0,1.0,4.0,2.5,3.0
10,5.0,4.0,5.0,4.5,1.0
10,10.0,7.0,8.0,7.5,1.0
10,11.0,7.0,8.0,7.5,1.0
10,15.0,11.0,13.0,12.0,2.0
10,16.0,11.0,15.0,13.0,4.0
10,17.0,11.0,15.0,13.0,4.0
10,18.0,11.0,16.0,13.5,5.0
10,19.0,11.0,20.0,15.5,9.0
10,20.0,11.0,21.0,16.0,10.0
10,21.0,13.0,22.0,17.5,9.0
10,22.0,14.0,24.0,19.0,10.0
10,23.0,15.0,25.0,20.0,10.0
10,24.0,16.0,25.0,20.5,9.0
10,25.0,16.0,25.0,20.5,9.0
10,26.0,17.0,28.0,22.5,11.0
10,27.0,18.0,29.0,23.5,11.0
10,28.0,18.0,29.0,23.5,11.0
10,29.0,20.0,29.0,24.5,9.0
10,30.0,20.0,30.0,25.0,10.0
10,31.0,21.0,31.0,26.0,10.0
10,32.0,22.0,31.0,26.5,9.0
10,33.0,23.0,33.0,28.0,10.0
10,34.0,23.0,33.0,28.0,10.0
10,35.0,25.0,33.0,29.0,8.0
10,36.0,26.0,35.0,30.5,9.0
10,37.0,26.0,36.0,31.0,10.0
10,38.0,26.0,36.0,31.0,10.0
10,39.0,29.0,36.0,32.5,7.0
10,40.0,29.0,37.0,33.0,8.0
10,41.0,30.0,39.0,34.5,9.0
10,42.0,30.0,39.0,34.5,9.0
10,43.0,30.0,39.0,34.5,9.0
10,44.0,31.0,41.0,36.0,10.0
10,45.0,34.0,42.0,38.0,8.0
10,46.0,36.0,42.0,39.0,6.0
10,47.0,37.0,43.0,40.0,6.0
10,48.0,38.0,44.0,41.0,6.0
10,49.0,38.0,44.0,41.0,6.0
10,50.0,40.0,46.0,43.0,6.0
10,51.0,41.0,47.0,44.0,6.0
10,52.0,42.0,48.0,45.0,6.0
10,53.0,42.0,49.0,45.5,7.0
10,54.0,45.0,49.0,47.0,4.0
10,55.0,47.0,49.0,48.0,2.0
10,58.0,50.0,51.0,50.5,1.0
10,59.0,50.0,54.0,52.0,4.0
10,60.0,50.0,55.0,52.5,5.0
10,61.0,50.0,57.0,53.5,7.0
10,62.0,50.0,58.0,54.0,8.0
10,63.0,50.0,61.0,55.5,11.0
10,64.0,50.0,63.0,56.5,13.0
10,65.0,52.0,64.0,58.0,12.0
10,66.0,53.0,66.0,59.5,13.0
10,67.0,54.0,67.0,60.5,13.0
10,68.0,55.0,70.0,62.5,15.0
10,69.0,56.0,73.0,64.5,17.0
10,70.0,58.0,74.0,66.0,16.0
10,71.0,59.0,76.0,67.5,17.0
10,72.0,59.0,78.0,68.5,19.0
10,73.0,59.0,79.0,69.0,20.0
10,74.0,59.0,79.0,69.0,20.0
10,75.0,59.0,81.0,70.0,22.0
10,76.0,59.0,82.0,70.5,23.0
10,77.0,59.0,82.0,70.5,23.0
10,78.0,61.0,86.0,73.5,25.0
10,79.0,61.0,87.0,74.0,26.0
10,80.0,64.0,88.0,76.0,24.0
10,81.0,65.0,90.0,77.5,25.0
10,82.0,66.0,92.0,79.0,26.0
10,83.0,66.0,94.0,80.0,28.0
10,84.0,68.0,95.0,81.5,27.0
10,85.0,70.0,97.0,83.5,27.0
10,86.0,72.0,101.0,86.5,29.0
10,87.0,74.0,101.0,87.5,27.0
10,88.0,75.0,102.0,88.5,27.0
10,89.0,76.0,104.0,90.0,28.0
10,90.0,76.0,106.0,91.0,30.0
10,91.0,78.0,106.0,92.0,28.0
10,92.0,78.0,107.0,92.5,29.0
10,93.0,80.0,108.0,94.0,28.0
10,94.0,87.0,108.0,97.5,21.0
10,95.0,89.0,109.0,99.0,20.0
10,95.25,89.5,109.75,99.625,20.25
10,95.25,89.5,109.75,99.625,20.25
10,96.0,91.0,112.0,101.5,21.0
10,97.0,93.0,115.0,104.0,22.0
10,98.0,93.0,115.0,104.0,22.0
10,99.0,95.0,118.0,106.5,23.0
10,100.0,97.0,118.0,107.5,21.0
10,101.0,99.0,121.0,110.0,22.0
10,102.0,99.0,123.0,111.0,24.0
10,102.5,99.0,124.5,111.75,25.5
10,102.5,99.0,124.5,111.75,25.5
10,103.0,99.0,126.0,112.5,27.0
10,104.0,103.0,128.0,115.5,25.0
10,105.0,105.0,131.0,118.0,26.0
10,106.0,106.0,131.0,118.5,25.0
10,107.0,107.0,134.0,120.5,27.0
10,108.0,110.0,136.0,123.0,26.0
10,109.0,112.0,139.0,125.5,27.0
10,110.0,117.0,143.0,130.0,26.0
10,111.0,118.0,145.0,131.5,27.0
10,112.0,118.0,146.0,132.0,28.0
10,113.0,119.0,147.0,133.0,28.0
10,114.0,122.0,150.0,136.0,28.0
10,115.0,124.0,152.0,138.0,28.0
10,116.0,125.0,156.0,140.5,31.0
10,117.0,125.0,158.0,141.5,33.0
10,118.0,127.0,160.0,143.5,33.0
10,119.0,131.0,165.0,148.0,34.0
10,120.0,134.0,172.0,153.0,38.0
10,121.0,136.0,178.0,157.0,42.0
10,122.0,139.0,184.0,161.5,45.0
10,123.0,142.0,186.0,164.0,44.0
10,124.0,146.0,190.0,168.0,44.0
10,125.0,147.0,194.0,170.5,47.0
10,126.0,152.0,198.0,175.0,46.0
10,127.0,153.0,200.0,176.5,47.0
10,128.0,156.0,205.0,180.5,49.0
10,129.0,159.0,206.0,182.5,47.0
10,130.0,162.0,210.0,186.0,48.0
10,131.0,165.0,213.0,189.0,48.0
10,132.0,167.0,215.0,191.0,48.0
10,133.0,171.0,217.0,194.0,46.0
10,134.0,176.0,221.0,198.5,45.0
10,135.0,176.0,222.0,199.0,46.0
10,136.0,179.0,224.0,201.5,45.0
10,137.0,181.0,224.0,202.5,43.0
10,138.0,184.0,225.0,204.5,41.0
10,139.0,187.0,227.0,207.0,40.0
10,140.0,189.0,230.0,209.5,41.0
10,141.0,190.0,230.0,210.0,40.0
10,142.0,190.0,230.0,210.0,40.0
10,143.0,191.0,231.0,211.0,40.0
10,144.0,192.0,232.0,212.0,40.0
10,145.0,192.0,234.0,213.0,42.0
10,146.0,192.0,234.0,213.0,42.0
10,147.0,192.0,236.0,214.0,44.0
10,148.0,194.0,237.0,215.5,43.0
10,149.0,195.0,238.0,216.5,43.0
10,150.0,196.0,240.0,218.0,44.0
10,151.0,199.0,241.0,220.0,42.0
10,152.0,202.0,243.0,222.5,41.0
10,153.0,205.0,244.0,224.5,39.0
10,154.0,209.0,245.0,227.0,36.0
10,155.0,210.0,249.0,229.5,39.0
10,156.0,211.0,254.0,232.5,43.0
10,157.0,213.0,256.0,234.5,43.0
10,158.0,215.0,260.0,237.5,45.0
10,159.0,217.0,265.0,241.0,48.0
10,160.0,219.0,273.0,246.0,54.0
10,161.0,220.0,274.0,247.0,54.0
10,162.0,221.0,277.0,249.0,56.0
10,163.0,223.0,279.0,251.0,56.0
10,164.0,226.0,282.0,254.0,56.0
10,165.0,228.0,285.0,256.5,57.0
10,166.0,229.0,288.0,258.5,59.0
10,167.0,231.0,291.0,261.0,60.0
10,168.0,232.0,294.0,263.0,62.0
10,169.0,234.0,294.0,264.0,60.0
10,170.0,237.0,296.0,266.5,59.0
10,171.0,241.0,298.0,269.5,57.0
10,172.0,243.0,302.0,272.5,59.0
10,173.0,244.0,304.0,274.0,60.0
10,174.0,246.0,309.0,277.5,63.0
10,175.0,251.0,313.0,282.0,62.0
10,176.0,251.0,317.0,284.0,66.0
10,177.0,253.0,321.0,287.0,68.0
10,178.0,253.0,327.0,290.0,74.0
10,179.0,254.0,329.0,291.5,75.0
10,180.0,256.0,333.0,294.5,77.0
10,181.0,259.0,334.0,296.5,75.0
10,182.0,264.0,337.0,300.5,73.0
10,183.0,267.0,340.0,303.5,73.0
10,184.0,270.0,344.0,307.0,74.0
10,185.0,273.0,348.0,310.5,75.0
10,186.0,274.0,354.0,314.0,80.0
10,187.0,277.0,356.0,316.5,79.0
10,188.0,279.0,357.0,318.0,78.0
10,189.0,279.0,368.0,323.5,89.0
10,190.0,279.0,370.0,324.5,91.0
10,191.0,284.0,377.0,330.5,93.0
10,192.0,286.0,381.0,333.5,95.0
10,193.0,288.0,387.0,337.5,99.0
10,194.0,290.0,387.0,338.5,97.0
10,195.0,290.0,387.0,338.5,97.0
10,196.0,290.0,389.0,339.5,99.0
10,197.0,293.0,393.0,343.0,100.0
10,198.0,293.0,397.0,345.0,104.0
10,199.0,293.0,397.0,345.0,104.0
10,200.0,293.0,397.0,345.0,104.0
10,201.0,293.0,402.0,347.5,109.0
10,202.0,293.0,402.0,347.5,109.0
10,203.0,294.0,405.0,349.5,111.0
10,204.0,294.0,411.0,352.5,117.0
10,205.0,294.0,411.0,352.5,117.0
10,206.0,294.0,414.0,354.0,120.0
10,207.0,294.0,414.0,354.0,120.0
10,208.0,294.0,414.0,354.0,120.0
10,209.0,294.0,415.0,354.5,121.0
10,210.0,294.0,415.0,354.5,121.0
10,211.0,295.0,415.0,355.0,120.0
10,212.0,295.0,415.0,355.0,120.0
11,3.0,1.0,4.0,2.5,3.0
11,4.0,1.0,4.0,2.5,3.0
11,5.0,1.0,4.0,2.5,3.0
11,6.0,1.0,5.0,3.0,4.0
11,7.0,2.0,5.0,3.5,3.0
11,8.0,2.0,6.0,4.0,4.0
11,9.0,3.0,7.0,5.0,4.0
11,10.0,3.0,7.0,5.0,4.0
11,11.0,3.0,7.0,5.0,4.0
11,12.0,3.0,7.0,5.0,4.0
11,13.0,4.0,7.0,5.5,3.0
11,14.0,5.0,7.0,6.0,2.0
11,15.0,5.0,9.0,7.0,4.0
11,16.0,5.0,9.0,7.0,4.0
11,17.0,5.0,9.0,7.0,4.0
11,18.0,6.0,9.0,7.5,3.0
11,19.0,6.0,9.0,7.5,3.0
11,20.0,6.0,10.0,8.0,4.0
11,21.0,6.0,10.0,8.0,4.0
11,22.0,6.0,10.0,8.0,4.0
11,23.0,6.0,10.0,8.0,4.0
11,24.0,6.0,10.0,8.0,4.0
11,25.0,7.0,10.0,8.5,3.0
11,26.0,7.0,10.0,8.5,3.0
11,27.0,7.0,10.0,8.5,3.0
11,28.0,8.0,11.0,9.5,3.0
11,29.0,9.0,11.0,10.0,2.0
11,32.5,11.0,12.0,11.5,1.0
11,32.5,11.0,12.0,11.5,1.0
11,33.0,11.0,13.0,12.0,2.0
11,34.0,11.0,14.0,12.5,3.0
11,35.0,12.0,14.0,13.0,2.0
11,36.0,13.0,14.0,13.5,1.0
11,51.0,19.0,20.0,19.5,1.0
11,59.0,24.0,25.0,24.5,1.0
11,60.0,24.0,26.0,25.0,2.0
11,61.0,24.0,26.0,25.0,2.0
11,62.0,25.0,27.0,26.0,2.0
11,63.0,25.0,29.0,27.0,4.0
11,64.0,25.0,29.0,27.0,4.0
11,65.0,26.0,30.0,28.0,4.0
11,66.0,26.0,30.0,28.0,4.0
11,67.0,26.0,30.0,28.0,4.0
11,68.0,27.0,31.0,29.0,4.0
11,69.0,29.0,31.0,30.0,2.0
11,70.0,29.0,31.0,30.0,2.0
11,71.0,30.0,31.0,30.5,1.0
11,72.0,30.0,31.0,30.5,1.0
11,85.0,36.0,38.0,37.0,2.0
11,86.0,37.0,39.0,38.0,2.0
11,87.0,37.0,39.0,38.0,2.0
11,88.0,37.0,41.0,39.0,4.0
11,89.0,37.0,41.0,39.0,4.0
11,90.0,37.0,41.0,39.0,4.0
11,91.0,38.0,41.0,39.5,3.0
11,92.0,39.0,41.0,40.0,2.0
11,93.0,39.0,42.0,40.5,3.0
11,94.0,40.0,42.0,41.0,2.0
11,95.0,40.0,43.0,41.5,3.0
11,96.0,40.0,44.0,42.0,4.0
11,97.0,40.0,45.0,42.5,5.0
11,98.0,41.0,45.0,43.0,4.0
11,99.0,41.0,49.0,45.0,8.0
11,100.0,41.0,50.0,45.5,9.0
11,101.0,42.0,51.0,46.5,9.0
11,102.0,42.0,52.0,47.0,10.0
11,103.0,42.0,53.0,47.5,11.0
11,104.0,42.0,54.0,48.0,12.0
11,105.0,43.0,54.0,48.5,11.0
11,106.0,43.0,54.0,48.5,11.0
11,107.0,43.0,54.0,48.5,11.0
11,108.0,43.0,54.0,48.5,11.0
11,109.0,43.0,55.0,49.0,12.0
11,110.0,45.0,55.0,50.0,10.0
11,111.0,46.0,55.0,50.5,9.0
11,112.0,47.0,57.0,52.0,10.0
11,113.0,47.0,58.0,52.5,11.0
11,114.0,49.0,58.0,53.5,9.0
11,115.0,51.0,58.0,54.5,7.0
11,116.0,53.0,58.0,55.5,5.0
11,117.0,53.0,59.0,56.0,6.0
11,118.0,53.0,59.0,56.0,6.0
11,119.0,54.0,63.0,58.5,9.0
11,120.0,56.0,63.0,59.5,7.0
11,121.0,57.0,63.0,60.0,6.0
11,122.0,57.0,63.0,60.0,6.0
11,123.0,57.0,63.0,60.0,6.0
11,124.0,57.0,64.0,60.5,7.0
11,125.0,57.0,68.0,62.5,11.0
11,126.0,57.0,69.0,63.0,12.0
11,127.0,58.0,70.0,64.0,12.0
11,128.0,59.0,70.0,64.5,11.0
11,129.0,59.0,71.0,65.0,12.0
11,130.0,61.0,72.0,66.5,11.0
11,131.0,62.0,72.0,67.0,10.0
11,132.0,63.0,73.0,68.0,10.0
11,133.0,63.0,73.0,68.0,10.0
11,134.0,65.0,76.0,70.5,11.0
11,135.0,65.0,77.0,71.0,12.0
11,136.0,66.0,77.0,71.5,11.0
11,137.0,70.0,78.0,74.0,8.0
11,138.0,70.0,79.0,74.5,9.0
11,139.0,71.0,80.0,75.5,9.0
11,140.0,71.0,80.0,75.5,9.0
11,141.0,71.0,80.0,75.5,9.0
11,142.0,71.0,80.0,75.5,9.0
11,143.0,71.0,80.0,75.5,9.0
11,144.0,73.0,80.0,76.5,7.0
11,145.0,74.0,80.0,77.0,6.0
11,146.0,74.0,80.0,77.0,6.0
11,147.0,75.0,80.0,77.5,5.0
11,148.0,76.0,81.0,78.5,5.0
11,149.0,76.0,83.0,79.5,7.0
11,150.0,76.0,83.0,79.5,7.0
11,151.0,78.0,85.0,81.5,7.0
11,152.0,78.0,86.0,82.0,8.0
11,153.0,78.0,86.0,82.0,8.0
11,154.0,79.0,87.0,83.0,8.0
11,155.0,79.0,88.0,83.5,9.0
11,156.0,79.0,90.0,84.5,11.0
11,157.0,80.0,90.0,85.0,10.0
11,158.0,82.0,91.0,86.5,9.0
11,159.0,82.0,91.0,86.5,9.0
11,160.0,83.0,91.0,87.0,8.0
11,161.0,84.0,94.0,89.0,10.0
11,162.0,84.0,94.0,89.0,10.0
11,163.0,86.0,94.0,90.0,8.0
11,164.0,86.0,94.0,90.0,8.0
11,165.0,86.0,97.0,91.5,11.0
11,166.0,87.0,100.0,93.5,13.0
11,167.0,88.0,102.0,95.0,14.0
11,168.0,89.0,102.0,95.5,13.0
11,169.0,91.0,103.0,97.0,12.0
11,170.0,92.0,103.0,97.5,11.0
11,171.0,93.0,105.0,99.0,12.0
11,172.0,93.0,106.0,99.5,13.0
11,173.0,95.0,108.0,101.5,13.0
11,174.0,96.0,111.0,103.5,15.0
11,175.0,96.0,114.0,105.0,18.0
11,176.0,97.0,114.0,105.5,17.0
11,177.0,97.0,115.0,106.0,18.0
11,178.0,98.0,116.0,107.0,18.0
11,179.0,98.0,116.0,107.0,18.0
11,180.0,98.0,116.0,107.0,18.0
11,181.0,98.0,118.0,108.0,20.0
11,182.0,99.0,118.0,108.5,19.0
11,183.0,100.0,118.0,109.0,18.0
11,184.0,101.0,119.0,110.0,18.0
11,185.0,101.0,119.0,110.0,18.0
11,186.0,101.0,121.0,111.0,20.0
11,187.0,103.0,121.0,112.0,18.0
11,188.0,103.0,122.0,112.5,19.0
11,189.0,103.0,125.0,114.0,22.0
11,190.0,105.0,125.0,115.0,20.0
11,191.0,105.0,127.0,116.0,22.0
11,192.0,105.0,127.0,116.0,22.0
11,193.0,106.0,129.0,117.5,23.0
11,194.0,106.0,131.0,118.5,25.0
11,195.0,106.0,131.0,118.5,25.0
11,196.0,106.0,131.0,118.5,25.0
11,197.0,106.0,131.0,118.5,25.0
11,198.0,107.0,131.0,119.0,24.0
11,199.0,107.0,131.0,119.0,24.0
11,200.0,108.0,131.0,119.5,23.0
11,201.0,108.0,131.0,119.5,23.0
11,202.0,109.0,131.0,120.0,22.0
11,203.0,111.0,131.0,121.0,20.0
11,204.0,111.0,131.0,121.0,20.0
11,205.0,111.0,131.0,121.0,20.0
11,206.0,114.0,131.0,122.5,17.0
11,207.0,117.0,131.0,124.0,14.0
11,208.0,117.0,131.0,124.0,14.0
11,209.0,117.0,131.0,124.0,14.0
11,210.0,117.0,131.0,124.0,14.0
11,211.0,117.0,131.0,124.0,14.0
11,212.0,117.0,131.0,124.0,14.0
12,31.0,191.0,195.0,193.0,4.0
12,32.0,198.0,202.0,200.0,4.0
12,33.0,204.0,207.0,205.5,3.0
12,35.0,216.0,220.0,218.0,4.0
12,36.0,218.0,222.0,220.0,4.0
12,37.0,227.0,230.0,228.5,3.0
12,39.0,244.0,247.0,245.5,3.0
12,40.0,250.0,255.0,252.5,5.0
12,41.0,254.0,263.0,258.5,9.0
12,42.0,265.0,272.0,268.5,7.0
12,43.0,270.0,288.0,279.0,18.0
12,44.0,281.0,297.0,289.0,16.0
12,45.0,285.0,310.0,297.5,25.0
12,46.0,293.0,319.0,306.0,26.0
12,47.0,299.0,322.0,310.5,23.0
12,48.0,305.0,333.0,319.0,28.0
12,49.0,312.0,340.0,326.0,28.0
12,50.0,317.0,347.0,332.0,30.0
12,51.0,325.0,352.0,338.5,27.0
12,52.0,339.0,358.0,348.5,19.0
12,53.0,344.0,362.0,353.0,18.0
12,54.0,347.0,370.0,358.5,23.0
12,55.0,356.0,375.0,365.5,19.0
12,56.0,359.0,384.0,371.5,25.0
12,57.0,366.0,394.0,380.0,28.0
12,58.0,374.0,397.0,385.5,23.0
12,59.0,378.0,406.0,392.0,28.0
12,60.0,386.0,415.0,400.5,29.0
12,61.0,395.0,422.0,408.5,27.0
12,62.0,408.0,430.0,419.0,22.0
12,63.0,425.0,439.0,432.0,14.0
12,64.0,433.0,445.0,439.0,12.0
12,65.0,439.0,455.0,447.0,16.0
12,66.0,447.0,465.0,456.0,18.0
12,67.0,454.0,475.0,464.5,21.0
12,68.0,462.0,482.0,472.0,20.0
12,69.0,472.0,490.0,481.0,18.0
12,70.0,478.0,498.0,488.0,20.0
12,71.0,483.0,505.0,494.0,22.0
12,72.0,489.0,510.0,499.5,21.0
12,73.0,495.0,520.0,507.5,25.0
12,74.0,504.0,524.0,514.0,20.0
12,75.0,510.0,537.0,523.5,27.0
12,76.0,518.0,544.0,531.0,26.0
12,77.0,526.0,557.0,541.5,31.0
12,78.0,535.0,566.0,550.5,31.0
12,79.0,544.0,580.0,562.0,36.0
12,80.0,550.0,587.0,568.5,37.0
12,81.0,559.0,591.0,575.0,32.0
12,82.0,566.0,597.0,581.5,31.0
12,83.0,573.0,603.0,588.0,30.0
12,84.0,583.0,612.0,597.5,29.0
12,85.0,595.0,629.0,612.0,34.0
12,86.0,609.0,637.0,623.0,28.0
12,87.0,616.0,643.0,629.5,27.0
12,88.0,621.0,658.0,639.5,37.0
12,89.0,637.0,664.0,650.5,27.0
12,90.0,650.0,678.0,664.0,28.0
12,91.0,658.0,685.0,671.5,27.0
12,92.0,671.0,694.0,682.5,23.0
12,93.0,684.0,697.0,690.5,13.0
12,95.0,712.0,714.0,713.0,2.0
13,0.0,0.0,2.0,1.0,2.0
13,1.0,1.0,3.0,2.0,2.0
13,1.5,1.0,4.0,2.5,3.0
13,2.0,2.0,5.0,3.5,3.0
13,3.0,4.0,5.0,4.5,1.0
13,4.0,4.0,9.0,6.5,5.0
13,5.0,5.0,11.0,8.0,6.0
13,6.0,7.0,11.0,9.0,4.0
13,7.0,9.0,11.0,10.0,2.0
13,8.0,10.0,11.0,10.5,1.0
13,10.0,12.0,13.0,12.5,1.0
13,11.0,12.0,13.0,12.5,1.0
13,12.0,13.0,14.0,13.5,1.0
13,14.0,15.0,16.0,15.5,1.0
13,15.0,15.0,17.0,16.0,2.0
13,16.0,15.0,18.0,16.5,3.0
13,19.0,20.0,23.0,21.5,3.0
13,20.0,21.0,24.0,22.5,3.0
13,21.0,22.0,25.0,23.5,3.0
13,22.0,22.0,26.0,24.0,4.0
13,23.0,25.0,27.0,26.0,2.0
13,24.0,26.0,28.0,27.0,2.0
14,120.0,96.0,97.0,96.5,1.0
14,133.0,116.0,117.0,116.5,1.0
14,134.0,116.0,120.0,118.0,4.0
14,135.0,116.0,121.0,118.5,5.0
14,136.0,117.0,122.0,119.5,5.0
14,137.0,118.0,122.0,120.0,4.0
14,138.0,120.0,122.0,121.0,2.0
14,143.0,126.0,128.0,127.0,2.0
14,144.0,126.0,129.0,127.5,3.0
14,145.0,127.0,130.0,128.5,3.0
14,146.0,128.0,133.0,130.5,5.0
14,147.0,131.0,134.0,132.5,3.0
14,148.0,132.0,134.0,133.0,2.0
14,149.0,133.0,134.0,133.5,1.0
14,150.0,134.0,135.0,134.5,1.0
15,0.0,0.0,1.0,0.5,1.0
15,1.0,2.0,4.0,3.0,2.0
16,44.0,15.0,16.0,15.5,1.0
16,45.0,15.0,16.0,15.5,1.0
17,150.33333333333334,146.66666666666669,147.33333333333334,147.0,0.6666666666666572
17,176.66666666666666,192.99999999999997,193.66666666666666,193.33333333333331,0.6666666666666856
17,183.5,209.5,210.0,209.75,0.5
17,188.33333333333334,220.66666666666669,221.33333333333334,221.0,0.6666666666666572
18,0.5,1.0,2.0,1.5,1.0
18,1.0,2.0,3.0,2.5,1.0
19,6.0,7.0,8.0,7.5,1.0
20,0.0,0.0,1.0,0.5,1.0
21,0.0,0.0,1.0,0.5,1.0
22,0.0,1.0,2.0,1.5,1.0
23,0.0,1.0,2.0,1.5,1.0
