month_index,month_label,year,month,landscape_summary,observed_value,fitted_mean_field_value,bootstrap_mean,bootstrap_sd,ci_2_5,ci_50,ci_97_5
0,2007_1,2007,1,landscape_lambda1_peak_top10,4.717871296471032e-05,2.0043540682088238e-05,4.6696766428660956e-05,1.405189389031344e-05,2.877151297354971e-05,4.3333188889370365e-05,7.37136960047e-05
1,2007_2,2007,2,landscape_lambda1_peak_top10,2.8104097577426788e-05,1.6656478900592957e-05,4.359209276087322e-05,1.5845846939323227e-05,2.4964217954265554e-05,3.685684800235884e-05,7.60070939954e-05
2,2007_3,2007,3,landscape_lambda1_peak_top10,3.685684800235884e-05,1.6510596733399235e-05,3.912458955231428e-05,1.1700780161826351e-05,2.247696111485727e-05,3.5231116121758736e-05,7.00819959352e-05
3,2007_4,2007,4,landscape_lambda1_peak_top10,5.112082406765e-05,1.373348725570554e-05,4.01093213252582e-05,1.2507030126042232e-05,2.4672472921960968e-05,3.685684800235884e-05,7.37136960047e-05
4,2007_5,2007,5,landscape_lambda1_peak_top10,5.188875051885e-05,2.5609381876955657e-05,4.734230192032757e-05,1.4891731514821392e-05,2.5833451736653792e-05,4.525706010137581e-05,8.760249491905e-05
5,2007_6,2007,6,landscape_lambda1_peak_top10,7.37136960047e-05,1.3217584057615711e-05,3.5660886352857715e-05,1.2260304903002599e-05,2.0026176562264007e-05,3.421376762009033e-05,7.37136960047e-05
6,2007_7,2007,7,landscape_lambda1_peak_top10,3.491010647582475e-05,2.5454283296352913e-05,4.8978797276122113e-05,1.783364483371355e-05,2.5335697998479857e-05,4.402183483007572e-05,0.0001019783805833
7,2007_8,2007,8,landscape_lambda1_peak_top10,4.2351346772827374e-05,1.3299554563674822e-05,3.818780683112656e-05,1.127613989308384e-05,2.3485230627188482e-05,3.504099796762212e-05,7.37136960047e-05
8,2007_9,2007,9,landscape_lambda1_peak_top10,5.098919029165e-05,1.737214732771184e-05,4.216644172493318e-05,1.4723164934971472e-05,2.4672472921960968e-05,3.685684800235884e-05,7.37136960047e-05
9,2007_10,2007,10,landscape_lambda1_peak_top10,3.399279352777211e-05,2.830662939834894e-05,5.290639884095935e-05,1.7232514262668373e-05,3.3277206569540275e-05,4.934494584392194e-05,0.0001019783805833
10,2007_11,2007,11,landscape_lambda1_peak_top10,4.495392222971454e-05,1.779996298199265e-05,3.922528371360117e-05,1.090067230287108e-05,2.358935648235516e-05,3.565621701799926e-05,7.37136960047e-05
11,2007_12,2007,12,landscape_lambda1_peak_top10,8.760249491905e-05,5.091287114125e-05,6.66162423579071e-05,2.3303141759717683e-05,3.421376762009033e-05,6.288912647e-05,0.00012577825294005
12,2008_1,2008,1,landscape_lambda1_peak_top10,3.1592382444744925e-05,1.743828066776742e-05,3.9363139484051515e-05,1.2100113979049205e-05,2.3443360840210053e-05,3.562673548009223e-05,7.43383883437e-05
13,2008_2,2008,2,landscape_lambda1_peak_top10,7.53829453624e-05,3.667516108136818e-05,6.557381433786985e-05,1.9362033325181727e-05,3.716919417187035e-05,6.1209078766075e-05,0.0001086956521739
14,2008_3,2008,3,landscape_lambda1_peak_top10,3.3961623365596876e-05,1.734361175004888e-05,4.344904023896359e-05,1.330737104973941e-05,2.5476249842140542e-05,3.7255048059012e-05,7.43383883437e-05
15,2008_4,2008,4,landscape_lambda1_peak_top10,3.716919417187035e-05,1.5692059172713866e-05,4.4151438021303796e-05,1.4663086615040113e-05,2.5477707006369428e-05,3.71774853148933e-05,7.43383883437e-05
16,2008_5,2008,5,landscape_lambda1_peak_top10,5.22903158335e-05,2.824429513003743e-05,5.305104307546533e-05,1.5321932587330512e-05,3.3581087131727414e-05,5.17259215835e-05,8.715052638915e-05
17,2008_6,2008,6,landscape_lambda1_peak_top10,3.412270524807207e-05,2.042379557070141e-05,4.016585575780042e-05,1.2779506747895886e-05,2.2577950373665078e-05,3.4860210555671756e-05,6.97204211113e-05
18,2008_7,2008,7,landscape_lambda1_peak_top10,4.68867216804201e-05,2.1013114013065065e-05,4.7242626641825465e-05,1.3197016447280577e-05,3.153380423814329e-05,4.522976721746472e-05,7.62582613116e-05
19,2008_8,2008,8,landscape_lambda1_peak_top10,3.412270524807207e-05,1.707967016469172e-05,3.984674919970641e-05,1.166801638584156e-05,2.3425787106446776e-05,3.4860210555671756e-05,6.97204211113e-05
20,2008_9,2008,9,landscape_lambda1_peak_top10,3.21853878339234e-05,1.6293984883666366e-05,3.865308888950431e-05,1.1757000376908465e-05,2.337540906965872e-05,3.506311360448808e-05,7.43383883437e-05
21,2008_10,2008,10,landscape_lambda1_peak_top10,7.43383883437e-05,1.8502504568731896e-05,4.139051023923234e-05,1.2778459240968813e-05,2.5273905955795937e-05,3.716919417187035e-05,7.43383883437e-05
22,2008_11,2008,11,landscape_lambda1_peak_top10,3.153380423814329e-05,1.7226437932026896e-05,4.283122129465604e-05,1.2411574852500395e-05,2.541942043721403e-05,3.7402752842609215e-05,7.43383883437e-05
23,2008_12,2008,12,landscape_lambda1_peak_top10,3.432494279176202e-05,1.682626688216942e-05,4.3388267394036e-05,1.2157848237373418e-05,2.8350564176227106e-05,3.7910858933693906e-05,7.43383883437e-05
24,2009_1,2009,1,landscape_lambda1_peak_top10,5.263157894735e-05,2.825297259403764e-05,5.112349145965083e-05,1.5390158032932962e-05,3.0197795560924053e-05,5.086728724755e-05,8.940545373265e-05
25,2009_2,2009,2,landscape_lambda1_peak_top10,3.7108505269407746e-05,1.9464466821277833e-05,4.726877905161649e-05,1.5221319324929326e-05,2.8130972227901508e-05,4.416543138327835e-05,7.630093087135e-05
26,2009_3,2009,3,landscape_lambda1_peak_top10,3.508771929824561e-05,2.4698306907096965e-05,5.0071393599269987e-05,1.5128122933249146e-05,3.1070374398011494e-05,4.553630381821908e-05,8.77192982456e-05
27,2009_4,2009,4,landscape_lambda1_peak_top10,4.529669334138608e-05,2.206987318247095e-05,4.864431417484593e-05,1.4062594116001904e-05,3.1525851197982345e-05,4.660556159701725e-05,7.7675935995e-05
28,2009_5,2009,5,landscape_lambda1_peak_top10,3.4421038138510255e-05,1.6807676410098695e-05,4.171260285565103e-05,1.2349674860937581e-05,2.437689588259705e-05,3.7108505269407746e-05,7.42170105388e-05
29,2009_6,2009,6,landscape_lambda1_peak_top10,2.484965955966403e-05,1.3111709700613726e-05,3.616317456865994e-05,1.0022845405759802e-05,2.2351363433169423e-05,3.4599681682928514e-05,6.63437935381e-05
30,2009_7,2009,7,landscape_lambda1_peak_top10,3.85297064036372e-05,1.6242578674902424e-05,4.096922349080018e-05,1.2664837809256405e-05,2.4084480634215348e-05,3.7108505269407746e-05,7.42170105388e-05
31,2009_8,2009,8,landscape_lambda1_peak_top10,3.456738912509938e-05,3.0738607571420966e-05,5.030529766925324e-05,1.590951944109697e-05,3.1525851197982345e-05,4.714979489839219e-05,8.64184728127e-05
32,2009_9,2009,9,landscape_lambda1_peak_top10,3.7859189056170416e-05,1.4998556128100608e-05,3.886361981566274e-05,1.1748694604614737e-05,2.306645445528568e-05,3.535734489911371e-05,7.42170105388e-05
33,2009_10,2009,10,landscape_lambda1_peak_top10,3.7108505269407746e-05,1.193156029673857e-05,3.805650628970462e-05,1.2222270455550736e-05,2.294735875900684e-05,3.535734489911371e-05,7.42170105388e-05
34,2009_11,2009,11,landscape_lambda1_peak_top10,3.7108505269407746e-05,1.11241751752762e-05,3.3126442559338834e-05,8.863529930317176e-06,1.930474191385179e-05,3.391670058336725e-05,5.693158020086874e-05
35,2009_12,2009,12,landscape_lambda1_peak_top10,3.7108505269407746e-05,1.8593340225428525e-05,4.3048950199903486e-05,1.2636356756124634e-05,2.6363428651774257e-05,3.725319756612443e-05,7.42170105388e-05
36,2010_1,2010,1,landscape_lambda1_peak_top10,4.457122481725798e-05,1.8709141472550885e-05,4.330220825800088e-05,1.2119944568584062e-05,2.5561065385205254e-05,3.8370040672243114e-05,7.46212969181e-05
37,2010_2,2010,2,landscape_lambda1_peak_top10,3.736641506613855e-05,2.418160044995368e-05,4.089286061655796e-05,1.2905055929548755e-05,2.41785342972509e-05,3.736641506613855e-05,7.46212969181e-05
38,2010_3,2010,3,landscape_lambda1_peak_top10,5.750596624395e-05,2.1525473323009108e-05,4.3162206854816294e-05,1.3338031359371597e-05,2.5107018667068375e-05,3.7660528000602565e-05,7.46212969181e-05
39,2010_4,2010,4,landscape_lambda1_peak_top10,4.312947468299836e-05,2.5634156961530686e-05,5.0184341150430163e-05,1.5526350327583627e-05,3.220508196193359e-05,4.608507304484078e-05,8.072375764459365e-05
40,2010_5,2010,5,landscape_lambda1_peak_top10,5.11221307704e-05,3.244018814323392e-05,5.89947034856462e-05,1.699224861151855e-05,3.465723989741457e-05,5.571403102155e-05,0.0001022442615408
41,2010_6,2010,6,landscape_lambda1_peak_top10,6.32791242169e-05,1.793530706251967e-05,4.355608379665325e-05,1.2353826055826821e-05,2.6470160915371413e-05,3.823580845272793e-05,7.46212969181e-05
42,2010_7,2010,7,landscape_lambda1_peak_top10,4.991140725212747e-05,2.2798575601896727e-05,4.374258572211637e-05,1.3607219746519111e-05,2.5561065385205254e-05,3.74335554390956e-05,7.463529416164374e-05
43,2010_8,2010,8,landscape_lambda1_peak_top10,4.3937282667369664e-05,1.7109275087400143e-05,4.256472638094492e-05,1.2779011942354453e-05,2.5561065385205254e-05,3.731064845907022e-05,7.46212969181e-05
44,2010_9,2010,9,landscape_lambda1_peak_top10,7.66831961556e-05,2.9426061461229304e-05,5.1035635716504444e-05,1.422809094931887e-05,3.342841861294348e-05,4.982188675485141e-05,7.79996434302e-05
45,2010_10,2010,10,landscape_lambda1_peak_top10,4.689551678859501e-05,1.977199689315136e-05,4.438638492442823e-05,1.2814497427875899e-05,2.8550763257071074e-05,4.053341980462892e-05,7.46212969181e-05
46,2010_11,2010,11,landscape_lambda1_peak_top10,3.328894806924101e-05,1.493140813777468e-05,3.904673061132864e-05,1.1219723274167362e-05,2.3780119408815358e-05,3.505328098710039e-05,6.82407533779e-05
47,2010_12,2010,12,landscape_lambda1_peak_top10,2.2768324706668084e-05,2.0862911531560493e-05,4.298214245431313e-05,1.2495885510442285e-05,2.5551455155684304e-05,3.74335554390956e-05,7.518118665985e-05
48,2011_1,2011,1,landscape_lambda1_peak_top10,5.283364446475e-05,2.8234279748241425e-05,5.1681562860583644e-05,1.6014466166298823e-05,3.180773817249236e-05,4.770423375074538e-05,8.796631750643369e-05
49,2011_2,2011,2,landscape_lambda1_peak_top10,3.45701774602443e-05,2.514387619248567e-05,4.91085115829898e-05,1.3778719548185217e-05,3.2310173960620906e-05,4.60935699469924e-05,7.883948281295e-05
50,2011_3,2011,3,landscape_lambda1_peak_top10,2.5202248040525216e-05,1.64872711545886e-05,3.886482887894808e-05,1.1108220195840144e-05,2.3554906487021248e-05,3.5778175313059034e-05,7.044485928635e-05
51,2011_4,2011,4,landscape_lambda1_peak_top10,7.044485928635e-05,2.683720716816717e-05,5.5441253843136486e-05,1.8768602045167826e-05,3.361894084031185e-05,5.09182253301e-05,0.00011229225932025
52,2011_5,2011,5,landscape_lambda1_peak_top10,3.98416956625674e-05,2.2554715831147045e-05,4.954558960832363e-05,1.5814338473461452e-05,3.01375264203762e-05,4.636713497472991e-05,8.77963652318025e-05
53,2011_6,2011,6,landscape_lambda1_peak_top10,7.044485928635e-05,1.5002258038080035e-05,4.107816709695801e-05,1.3220130947192631e-05,2.4290690864389083e-05,3.743075310675251e-05,7.48615062135e-05
54,2011_7,2011,7,landscape_lambda1_peak_top10,3.743075310675251e-05,2.112730426191865e-05,4.466420082849574e-05,1.2095270340118711e-05,2.8962548257212553e-05,4.3156774174986336e-05,7.044485928635e-05
55,2011_8,2011,8,landscape_lambda1_peak_top10,6.68136567114e-05,1.6956751419587802e-05,4.282425697905783e-05,1.2346575871250405e-05,2.5750299347229912e-05,3.762415972709943e-05,7.48615062135e-05
56,2011_9,2011,9,landscape_lambda1_peak_top10,6.3599745601e-05,2.958396512331155e-05,5.225326514542447e-05,1.5762647803123504e-05,3.296522169111587e-05,4.846996477849226e-05,8.790513941464126e-05
57,2011_10,2011,10,landscape_lambda1_peak_top10,9.544413336725e-05,2.636363475289424e-05,4.942268199338597e-05,1.4730703582987234e-05,3.181471112242301e-05,4.730368968779565e-05,8.79012692943e-05
58,2011_11,2011,11,landscape_lambda1_peak_top10,9.693992955695e-05,2.962142896726963e-05,5.030497497264147e-05,1.5447674472997475e-05,3.209757663296421e-05,4.846996477849226e-05,8.823399655885e-05
59,2011_12,2011,12,landscape_lambda1_peak_top10,3.458292986581823e-05,2.0348655258417546e-05,4.593481383968328e-05,1.314193093582823e-05,3.045987852596933e-05,4.3156774174986336e-05,7.737143446635e-05
60,2012_1,2012,1,landscape_lambda1_peak_top10,3.793051130329237e-05,2.24466637472877e-05,4.330544859758994e-05,1.340236949226367e-05,2.602915180737993e-05,3.795738650741434e-05,7.586102260655e-05
61,2012_2,2012,2,landscape_lambda1_peak_top10,3.583801218492414e-05,1.7362538950108386e-05,4.5334965316979044e-05,1.2385933510688691e-05,3.0008291030948718e-05,4.388370817334065e-05,7.586102260655e-05
62,2012_3,2012,3,landscape_lambda1_peak_top10,3.5578325683993314e-05,1.5801832617051667e-05,4.221756786644838e-05,1.1275388272219848e-05,2.602915180737993e-05,3.793051130329237e-05,7.586102260655e-05
63,2012_4,2012,4,landscape_lambda1_peak_top10,7.07588890854e-05,1.4607014819952671e-05,3.938112367874563e-05,1.2315519451522349e-05,2.3530315097288112e-05,3.543460543566847e-05,7.07588890854e-05
64,2012_5,2012,5,landscape_lambda1_peak_top10,3.3835604078318146e-05,2.1768752309032554e-05,4.52995554589851e-05,1.4263637145266343e-05,2.6566220242758553e-05,3.87121749790309e-05,7.586102260655e-05
65,2012_6,2012,6,landscape_lambda1_peak_top10,4.706657567128704e-05,1.843682240982668e-05,4.460352338762828e-05,1.3311206836007513e-05,2.7129580286394617e-05,3.985016338566988e-05,7.586102260655e-05
66,2012_7,2012,7,landscape_lambda1_peak_top10,3.6363636363636364e-05,2.1847948097942283e-05,4.5308600670998733e-05,1.360930185465133e-05,2.6722678855105074e-05,4.2629380168812346e-05,7.586102260655e-05
67,2012_8,2012,8,landscape_lambda1_peak_top10,3.793051130329237e-05,1.535473595305966e-05,4.3206138435597884e-05,1.2980520230653606e-05,2.5937645899258183e-05,3.793051130329237e-05,7.586102260655e-05
68,2012_9,2012,9,landscape_lambda1_peak_top10,7.586102260655e-05,1.66620154832676e-05,3.813293373460792e-05,1.063930912678639e-05,2.3533287835643517e-05,3.543460543566847e-05,6.920065759575999e-05
69,2012_10,2012,10,landscape_lambda1_peak_top10,3.465844106332097e-05,1.5807639444266996e-05,4.0194636477362116e-05,1.1652208226932805e-05,2.3901716143219084e-05,3.75565203366585e-05,7.586102260655e-05
70,2012_11,2012,11,landscape_lambda1_peak_top10,8.9308041296e-05,2.346838356467391e-05,5.407599699267565e-05,1.591594707691708e-05,3.4198168139840925e-05,5.20634479886e-05,8.9308041296e-05
71,2012_12,2012,12,landscape_lambda1_peak_top10,3.5379444542720676e-05,1.8147418740551396e-05,4.443837459762018e-05,1.357413683638911e-05,2.602915180737993e-05,3.8125738686187046e-05,7.586102260655e-05
72,2013_1,2013,1,landscape_lambda1_peak_top10,6.79624847084e-05,2.0660434624198077e-05,4.7138134510186255e-05,1.3552273528111788e-05,2.893719414544297e-05,4.382601073737263e-05,7.550018875045e-05
73,2013_2,2013,2,landscape_lambda1_peak_top10,3.58055044995584e-05,4.596824540146898e-05,6.422629806740603e-05,2.046010189107925e-05,3.5640459049112556e-05,6.44385256465e-05,0.0001073975427442
74,2013_3,2013,3,landscape_lambda1_peak_top10,6.485084306095e-05,1.981224545407302e-05,4.6745991559194047e-05,1.213678932356878e-05,3.25710486704642e-05,4.526320554021636e-05,7.197424454717492e-05
75,2013_4,2013,4,landscape_lambda1_peak_top10,5.051397974385e-05,2.0951708245820894e-05,4.684022955084723e-05,1.3793808523799273e-05,2.8812631457631024e-05,4.478108446991991e-05,7.550018875045e-05
76,2013_5,2013,5,landscape_lambda1_peak_top10,4.762660739799968e-05,3.3533731440988295e-05,5.44179700535467e-05,1.86842945487257e-05,3.394740415516227e-05,5.26822857002e-05,0.0001028030978
77,2013_6,2013,6,landscape_lambda1_peak_top10,4.526320554021636e-05,2.40952201792757e-05,4.697055218642171e-05,1.3918994940329663e-05,3.052140430864719e-05,4.439117503440316e-05,7.60710808179e-05
78,2013_7,2013,7,landscape_lambda1_peak_top10,4.762660739799968e-05,1.9821902501540866e-05,4.6771669837870084e-05,1.3260296211339718e-05,3.175107159866646e-05,4.516362134819862e-05,7.550018875045e-05
79,2013_8,2013,8,landscape_lambda1_peak_top10,4.564264849074976e-05,3.648950258932105e-05,5.856349287560245e-05,1.7706897823953126e-05,3.494629918691611e-05,5.347212319975e-05,0.00010489153128166995
80,2013_9,2013,9,landscape_lambda1_peak_top10,3.471418653089563e-05,1.9681410845610804e-05,4.5717599241536915e-05,1.3626103187806669e-05,3.0428432327166505e-05,4.2959017097688804e-05,7.550018875045e-05
81,2013_10,2013,10,landscape_lambda1_peak_top10,3.534817956875221e-05,1.340564909915654e-05,4.268839347336741e-05,1.2259168134549222e-05,2.5802318814995228e-05,3.8070582860623596e-05,7.550018875045e-05
82,2013_11,2013,11,landscape_lambda1_peak_top10,7.129616426635e-05,1.6111519268429696e-05,4.197118825755965e-05,1.1394626861120103e-05,2.5823778535275283e-05,3.775009437523594e-05,7.550018875045e-05
83,2013_12,2013,12,landscape_lambda1_peak_top10,3.775009437523594e-05,1.732675603341621e-05,4.0990443671256274e-05,1.141122977725159e-05,2.54776341604303e-05,3.775009437523594e-05,7.12809180982e-05
84,2014_1,2014,1,landscape_lambda1_peak_top10,3.8074931465123364e-05,1.9152628181168096e-05,4.37579010089541e-05,1.2582944388516887e-05,2.6272923125426935e-05,3.8486209108402825e-05,7.61498629302e-05
85,2014_2,2014,2,landscape_lambda1_peak_top10,3.583587170757929e-05,2.3385494748237652e-05,4.91580332658201e-05,1.2601303648755127e-05,3.4067681126504656e-05,4.582531390340024e-05,7.61498629302e-05
86,2014_3,2014,3,landscape_lambda1_peak_top10,5.20670623763e-05,2.4366218301464948e-05,5.362440679430044e-05,1.3400593596951922e-05,3.5053976706209845e-05,5.20670623763e-05,8.67784372939e-05
87,2014_4,2014,4,landscape_lambda1_peak_top10,3.479067609880552e-05,2.2681984496619605e-05,4.4877644470164725e-05,1.2655145471042181e-05,2.858177245098226e-05,4.088140304975267e-05,7.13852303958e-05
88,2014_5,2014,5,landscape_lambda1_peak_top10,7.61498629302e-05,1.5585192826568468e-05,3.929431906066344e-05,1.1379792472537552e-05,2.4440501310743988e-05,3.583587170757929e-05,6.937671340915873e-05
89,2014_6,2014,6,landscape_lambda1_peak_top10,6.542361792605e-05,3.7254684669378e-05,5.790241721921334e-05,1.912369319610319e-05,3.4678873630184493e-05,5.353892279685e-05,0.0001070778455937
90,2014_7,2014,7,landscape_lambda1_peak_top10,7.01163932127e-05,2.1601126472183436e-05,4.866565063120811e-05,1.3832704008990106e-05,3.271180896303566e-05,4.766097178646622e-05,7.633731658637858e-05
91,2014_8,2014,8,landscape_lambda1_peak_top10,5.353892279685e-05,2.7113990123858654e-05,4.963855694902366e-05,1.3254371774568562e-05,3.4067681126504656e-05,4.63875681317407e-05,7.94912559618e-05
92,2014_9,2014,9,landscape_lambda1_peak_top10,5.20670623763e-05,2.0011659927939394e-05,4.735396358006967e-05,1.230918752171977e-05,3.230756160956282e-05,4.543596139394573e-05,7.61498629302e-05
93,2014_10,2014,10,landscape_lambda1_peak_top10,4.528926903119784e-05,2.891060555643151e-05,6.468473497426476e-05,1.7623109419321806e-05,3.881937345531243e-05,6.503924034165e-05,0.00010404830856611248
94,2014_11,2014,11,landscape_lambda1_peak_top10,7.01163932127e-05,2.6011502180961253e-05,5.125648158666438e-05,1.4817142703103077e-05,3.330699763785495e-05,4.888302292613776e-05,8.67784372939e-05
95,2014_12,2014,12,landscape_lambda1_peak_top10,5.677946854415e-05,2.459932420496484e-05,5.2241158276242126e-05,1.4153057751738623e-05,3.4678873630184493e-05,4.8962133306038825e-05,8.372478362597117e-05
96,2015_1,2015,1,landscape_lambda1_peak_top10,6.40717603716e-05,2.998799245418565e-05,5.691484182037415e-05,1.560301440598871e-05,3.5148149449931464e-05,5.38309707518e-05,9.129293620905e-05
97,2015_2,2015,2,landscape_lambda1_peak_top10,5.01002004008e-05,2.2524857840077147e-05,5.051597253566889e-05,1.3060536798052864e-05,3.423485107839781e-05,4.905447499448137e-05,7.701954112467124e-05
98,2015_3,2015,3,landscape_lambda1_peak_top10,3.6201715961336564e-05,2.313600751987332e-05,5.009051207814861e-05,1.4908785434208834e-05,3.309285856112251e-05,4.566140545806e-05,8.971828458635e-05
99,2015_4,2015,4,landscape_lambda1_peak_top10,5.18524279899e-05,2.528909375554848e-05,5.3100918356449836e-05,1.3964181534409794e-05,3.489670575097711e-05,5.101520253035e-05,7.999822126324114e-05
100,2015_5,2015,5,landscape_lambda1_peak_top10,4.747401710525355e-05,3.123815220813866e-05,5.822389864030136e-05,1.597304100618659e-05,3.586194383387388e-05,5.38309707518e-05,9.927857568335e-05
101,2015_6,2015,6,landscape_lambda1_peak_top10,4.77600534912599e-05,2.4812811970677305e-05,5.0370839527338815e-05,1.3946739106483132e-05,3.413901406527379e-05,4.7177621759068255e-05,7.700007700005e-05
102,2015_7,2015,7,landscape_lambda1_peak_top10,5.01002004008e-05,2.520993142507378e-05,5.358767104628478e-05,1.5165685541286746e-05,3.4706412842655416e-05,5.15012617809e-05,8.971828458635e-05
103,2015_8,2015,8,landscape_lambda1_peak_top10,0.0001046901172529,2.024768111181137e-05,5.379909704981357e-05,1.4394150398930553e-05,3.489670575097711e-05,5.16896039284e-05,8.967644737785e-05
104,2015_9,2015,9,landscape_lambda1_peak_top10,6.61857171222e-05,3.777142989986329e-05,6.199365989960729e-05,1.7647069737255246e-05,3.5887313834559486e-05,5.968581387575e-05,0.00010766194150365
105,2015_10,2015,10,landscape_lambda1_peak_top10,4.564646810453042e-05,2.4478895057061032e-05,5.0489183557170776e-05,1.2131717294171874e-05,3.481264632093735e-05,4.775435229593315e-05,7.700007700005e-05
106,2015_11,2015,11,landscape_lambda1_peak_top10,3.876720294630743e-05,3.417702530369889e-05,6.007463038419142e-05,1.7738728724324355e-05,3.5887313834559486e-05,5.399568034555e-05,0.0001041268959772
107,2015_12,2015,12,landscape_lambda1_peak_top10,0.00013883586130295,0.00013906713905965,0.00014141550282086647,4.723631238432335e-05,6.941793065145e-05,0.00013883586130295,0.0002429627572802
108,2016_1,2016,1,landscape_lambda1_peak_top10,8.74814102003e-05,3.159281667262947e-05,5.958445357939323e-05,1.507085532633616e-05,3.846153846153846e-05,5.482576372285e-05,0.00010075715378962246
109,2016_2,2016,2,landscape_lambda1_peak_top10,4.59824478427663e-05,3.074349028104352e-05,5.4197516776188326e-05,1.4054241679771144e-05,3.603084240109534e-05,5.185466864865e-05,8.379701012265e-05
110,2016_3,2016,3,landscape_lambda1_peak_top10,6.16629257825e-05,2.830725086212528e-05,5.5564671153109703e-05,1.3814357808292374e-05,3.637057250379938e-05,5.27522275827e-05,9.141183722365622e-05
111,2016_4,2016,4,landscape_lambda1_peak_top10,6.06178167887e-05,2.8844055580128428e-05,5.90541280367617e-05,1.3425134880495168e-05,3.841573508509085e-05,5.76236026276e-05,8.773339922646873e-05
112,2016_5,2016,5,landscape_lambda1_peak_top10,4.94274651948266e-05,2.8300944501090677e-05,5.7325850548412596e-05,1.5514971690033483e-05,3.606202668589975e-05,5.40930400288e-05,0.00010415220108315
113,2016_6,2016,6,landscape_lambda1_peak_top10,4.64792005577504e-05,3.868636819581487e-05,6.424615631284028e-05,1.5302252321745437e-05,4.111503988158869e-05,6.167255982235e-05,0.00010278759970395
114,2016_7,2016,7,landscape_lambda1_peak_top10,5.257208947765e-05,3.081903153262103e-05,6.564259878056104e-05,1.7135480489488764e-05,4.0400662380274415e-05,6.56110576502e-05,0.00010818608005765
115,2016_8,2016,8,landscape_lambda1_peak_top10,4.444731780640365e-05,2.6076566654091714e-05,5.9815381493236424e-05,1.570517373024693e-05,3.7805074007401764e-05,5.7107613587e-05,0.00010495382031905
116,2016_9,2016,9,landscape_lambda1_peak_top10,6.72275363989e-05,2.761982759775951e-05,6.1017537147303066e-05,1.5332332728650535e-05,3.886712796480157e-05,5.76236026276e-05,0.00010415220108315
117,2016_10,2016,10,landscape_lambda1_peak_top10,4.444731780640365e-05,4.0793959641914036e-05,6.40719284026841e-05,1.6497053333998393e-05,3.882515403412434e-05,6.410256410255e-05,0.00010415220108315
118,2016_11,2016,11,landscape_lambda1_peak_top10,5.03212171025e-05,2.7662286084225588e-05,5.5337035074261646e-05,1.286316556737619e-05,3.673024974892795e-05,5.29249876508e-05,8.486494350415e-05
119,2016_12,2016,12,landscape_lambda1_peak_top10,6.643856094075e-05,3.6571253301612533e-05,6.698736688218648e-05,1.6593711866286067e-05,4.2202817668944075e-05,6.643856094075e-05,0.0001093517627504
120,2017_1,2017,1,landscape_lambda1_peak_top10,0.00012094823415575,0.0001919047568232,0.00019169545692039779,5.5514098061970515e-05,0.000101250059335545,0.0001900615108162,0.000311009744972
121,2017_2,2017,2,landscape_lambda1_peak_top10,0.00013822655332085,8.9626250704e-05,0.00010439766912524265,2.9816256035922333e-05,6.558380517235e-05,0.00010288700948615,0.0001727831916511
122,2017_3,2017,3,landscape_lambda1_peak_top10,5.763799496625e-05,4.584731699903868e-05,7.639158298686986e-05,1.7537763171452115e-05,5.1133199924601254e-05,7.227261229355e-05,0.00012094823415575
123,2017_4,2017,4,landscape_lambda1_peak_top10,9.0510843199e-05,5.844124910005e-05,8.805143750547239e-05,2.3873292619477053e-05,5.420445922015e-05,8.639159582555e-05,0.0001445452245871
124,2017_5,2017,5,landscape_lambda1_peak_top10,7.372236344565e-05,4.532054505727127e-05,7.690248673740795e-05,1.7235097758636195e-05,5.2599989552130005e-05,7.227261229355e-05,0.00012094823415575
125,2017_6,2017,6,landscape_lambda1_peak_top10,5.199532042115e-05,4.118521541446807e-05,7.769579268946286e-05,1.8828022893828916e-05,5.144350474305e-05,7.6269216760625e-05,0.0001177816664423
126,2017_7,2017,7,landscape_lambda1_peak_top10,7.227261229355e-05,3.4847859218311036e-05,6.615103650698248e-05,1.6791098585564912e-05,4.4042602078129306e-05,6.606765327695e-05,0.00010840891844035
127,2017_8,2017,8,landscape_lambda1_peak_top10,5.95643294758e-05,3.0878398599806094e-05,5.934370733279212e-05,1.3901837787211577e-05,3.861898509307175e-05,5.721478430025e-05,9.034501731275124e-05
128,2017_9,2017,9,landscape_lambda1_peak_top10,6.621444652075e-05,3.870655327490253e-05,7.250074438915939e-05,2.1311953903912457e-05,4.3818014177925435e-05,6.757061128875e-05,0.00011700927583496747
129,2017_10,2017,10,landscape_lambda1_peak_top10,9.47979618438e-05,3.282180574869455e-05,6.636863990586544e-05,1.808206307148267e-05,3.8996490315871574e-05,6.606765327695e-05,0.00010845151436587996
130,2017_11,2017,11,landscape_lambda1_peak_top10,6.75356250422e-05,3.013873751807176e-05,5.706942548954171e-05,1.3826071858344717e-05,3.8425329977521184e-05,5.43065059194e-05,9.0510843199e-05
131,2017_12,2017,12,landscape_lambda1_peak_top10,5.943041886555e-05,2.989243237058402e-05,6.511944215783386e-05,1.6703762133711297e-05,3.879878947776829e-05,6.606765327695e-05,0.00011011275546155
132,2018_1,2018,1,landscape_lambda1_peak_top10,6.12234902287e-05,2.696710750832823e-05,5.915328035067985e-05,1.7457157253420286e-05,3.623057135611029e-05,5.434585703415e-05,0.0001060295469004
133,2018_2,2018,2,landscape_lambda1_peak_top10,7.304335122895e-05,5.299622449825e-05,7.484083921239979e-05,2.3051480878679955e-05,4.418289559883271e-05,6.91586846018e-05,0.000135800373451
134,2018_3,2018,3,landscape_lambda1_peak_top10,0.00011331187961745,6.842585592555e-05,9.939909718010275e-05,2.695804012596296e-05,6.15100722743e-05,9.064950369395e-05,0.0001586366314644
135,2018_4,2018,4,landscape_lambda1_peak_top10,5.95521676989e-05,3.348393420858291e-05,6.204516986895559e-05,1.5313212750202906e-05,3.730731664488494e-05,5.9227693148725e-05,9.272485688810748e-05
136,2018_5,2018,5,landscape_lambda1_peak_top10,4.420866489832007e-05,4.035133752805287e-05,6.261967557382334e-05,1.754378096150008e-05,3.8504894753153014e-05,5.93201945352e-05,0.00011035518457092999
137,2018_6,2018,6,landscape_lambda1_peak_top10,0.0001060295469004,3.437267338354362e-05,6.559958214801848e-05,1.7915984770935052e-05,3.8517833757029506e-05,6.463372070475e-05,0.00011060054475344367
138,2018_7,2018,7,landscape_lambda1_peak_top10,6.79001867255e-05,2.9984681213122633e-05,5.742317723965283e-05,1.4737365529589938e-05,3.6454662551340316e-05,5.425151000035e-05,8.846737613503245e-05
139,2018_8,2018,8,landscape_lambda1_peak_top10,4.568504728402394e-05,2.7413956033752798e-05,6.868560284531398e-05,1.8586073300832273e-05,4.532475184698364e-05,6.798712777045e-05,0.00011555350127105
140,2018_9,2018,9,landscape_lambda1_peak_top10,5.47825134217e-05,3.240618593330519e-05,5.671171804532976e-05,1.4416184637493205e-05,3.678363863753403e-05,5.425151000035e-05,9.057642839025e-05
141,2018_10,2018,10,landscape_lambda1_peak_top10,3.678363863753403e-05,2.617780671651403e-05,5.5045534359797546e-05,1.6010380092109653e-05,3.53431823001343e-05,5.340810467985e-05,9.130418903615e-05
142,2018_11,2018,11,landscape_lambda1_peak_top10,4.568504728402394e-05,4.082387082979762e-05,6.660353849705147e-05,1.9388760034772116e-05,3.8517833757029506e-05,6.631299734745e-05,0.0001105216622458
143,2018_12,2018,12,landscape_lambda1_peak_top10,5.425151000035e-05,3.217170897300025e-05,5.824459961519224e-05,1.6351310325887796e-05,3.652167561447719e-05,5.434585703415e-05,9.059462240639748e-05
144,2019_1,2019,1,landscape_lambda1_peak_top10,6.828502168045e-05,3.272272113824492e-05,5.6242923346425626e-05,1.4974045309643826e-05,3.6774169823116246e-05,5.365238618985e-05,9.075727873375e-05
145,2019_2,2019,2,landscape_lambda1_peak_top10,7.2605822987e-05,3.157257633568342e-05,5.8166387199356974e-05,1.639919047774432e-05,3.619778469557663e-05,5.445436724025e-05,9.380617884758872e-05
146,2019_3,2019,3,landscape_lambda1_peak_top10,7.77665448324e-05,4.1776006813349385e-05,6.350922764939347e-05,1.6004215726216484e-05,3.888327241620655e-05,6.03589344636e-05,0.00010414300011696369
147,2019_4,2019,4,landscape_lambda1_peak_top10,8.71851275585e-05,5.21608671995e-05,7.72509604793492e-05,2.0811350990180016e-05,4.634779384501298e-05,7.398350771505e-05,0.00011672104151590619
148,2019_5,2019,5,landscape_lambda1_peak_top10,6.70091579182e-05,3.364009759460601e-05,6.139564725719015e-05,1.6119501125821933e-05,3.731900283624421e-05,5.83105490262e-05,0.00010310695628265
149,2019_6,2019,6,landscape_lambda1_peak_top10,7.35483396462e-05,3.5876891139719295e-05,6.087474112924858e-05,1.814608403218616e-05,3.810278607571786e-05,5.516125473465e-05,0.0001166498172486
150,2019_7,2019,7,landscape_lambda1_peak_top10,5.121376626035e-05,4.951441990019265e-05,7.621469624607418e-05,1.9761379691359346e-05,4.891570194032284e-05,7.35483396462e-05,0.00011949878794085
151,2019_8,2019,8,landscape_lambda1_peak_top10,5.20327459414e-05,3.4438404145878186e-05,5.681967727233437e-05,1.397150510151719e-05,3.6774169823116246e-05,5.37686968423e-05,8.673284034376999e-05
152,2019_9,2019,9,landscape_lambda1_peak_top10,5.121376626035e-05,4.617617585682472e-05,6.944597964106092e-05,1.976442742396799e-05,4.0300428625971105e-05,6.828502168045e-05,0.0001166498172486
153,2019_10,2019,10,landscape_lambda1_peak_top10,3.825625663688089e-05,3.5304680596717784e-05,5.842829350529359e-05,1.557808906783368e-05,3.6774169823116246e-05,5.516125473465e-05,9.193542455775e-05
154,2019_11,2019,11,landscape_lambda1_peak_top10,6.828502168045e-05,5.049819740295e-05,7.437928625456407e-05,1.7618263135109066e-05,4.879476920074168e-05,7.15655683737e-05,0.0001166498172486
155,2019_12,2019,12,landscape_lambda1_peak_top10,5.96008446291e-05,5.906362363505e-05,8.132151368134444e-05,2.6498143892467246e-05,4.582216418081426e-05,7.2605822987e-05,0.0001563547018092
156,2020_1,2020,1,landscape_lambda1_peak_top10,5.72436058892e-05,3.298260262718797e-05,6.568592026856793e-05,1.880976252469691e-05,3.905944848058745e-05,6.123323740125e-05,0.00011717834544175
157,2020_2,2020,2,landscape_lambda1_peak_top10,0.00013538517081095,4.738485838001232e-05,7.317988761112236e-05,2.1257043329708822e-05,4.4154334115846255e-05,6.900835001035e-05,0.0001277468741682198
158,2020_3,2020,3,landscape_lambda1_peak_top10,7.811889696115e-05,6.30002165933e-05,7.997635337437537e-05,1.9834920618205916e-05,5.126865804732619e-05,7.490636704115e-05,0.00012079378774805
159,2020_4,2020,4,landscape_lambda1_peak_top10,6.900835001035e-05,5.293498785045e-05,7.253129751674726e-05,1.7580892599167445e-05,4.587997797761057e-05,6.90250215703e-05,0.00011717834544175
160,2020_5,2020,5,landscape_lambda1_peak_top10,0.00011081560283685,9.256074023095e-05,0.00011518768657698355,2.9109132066822886e-05,7.4477304734e-05,0.000112834343844175,0.0001952972424029
161,2020_6,2020,6,landscape_lambda1_peak_top10,7.4477304734e-05,6.419237070345e-05,9.450942995705105e-05,2.6185745947631017e-05,6.093597660055e-05,8.91583452211e-05,0.0001562377939223
162,2020_7,2020,7,landscape_lambda1_peak_top10,7.811889696115e-05,7.35375264106e-05,9.66150269310547e-05,2.8496291595133852e-05,5.54078014184e-05,8.80186328675e-05,0.0001562377939223
163,2020_8,2020,8,landscape_lambda1_peak_top10,7.288629737605e-05,5.767606835945e-05,8.77289149613473e-05,2.4264068706098563e-05,5.3693998578826245e-05,7.811889696115e-05,0.00014194464158975
164,2020_9,2020,9,landscape_lambda1_peak_top10,7.38770685579e-05,3.315965452752129e-05,6.137091071013381e-05,1.4517070448653808e-05,4.062398440038999e-05,5.72436058892e-05,9.234633569735e-05
165,2020_10,2020,10,landscape_lambda1_peak_top10,7.811889696115e-05,6.084840227215e-05,8.799091033591838e-05,2.640478436557145e-05,5.17687661777e-05,7.89691385533e-05,0.0001562377939223
166,2020_11,2020,11,landscape_lambda1_peak_top10,6.841583142335e-05,7.01347673713e-05,0.00010294075519334059,3.6597067154506364e-05,5.416531253385e-05,8.970756288085e-05,0.0001952972424029
167,2020_12,2020,12,landscape_lambda1_peak_top10,0.0001197277049909,7.18989878317e-05,0.00010026566334434095,2.648533004375748e-05,6.093597660055e-05,9.47892969342e-05,0.0001566078385382034
168,2021_1,2021,1,landscape_lambda1_peak_top10,0.00011322463768115,8.64919218598e-05,0.00012966871497015385,3.868275610810959e-05,7.872156183575e-05,0.00011976457705995,0.00023616468550735
169,2021_2,2021,2,landscape_lambda1_peak_top10,5.439907158915e-05,3.728064912297145e-05,6.838073574386438e-05,2.0201430372293472e-05,4.215550905133346e-05,6.7940936679e-05,0.00011808234275365
170,2021_3,2021,3,landscape_lambda1_peak_top10,5.72134749176e-05,4.759804487041274e-05,8.676645421312393e-05,2.1844391881816446e-05,5.536281095445e-05,7.93566818326e-05,0.00013977217136065
171,2021_4,2021,4,landscape_lambda1_peak_top10,9.219705584065e-05,5.76909678651e-05,8.237093735732273e-05,2.307310301615228e-05,5.184212345335e-05,7.872156183575e-05,0.00013992670309794238
172,2021_5,2021,5,landscape_lambda1_peak_top10,6.967670011145e-05,6.753253791075e-05,8.878440939843957e-05,2.2591693505698277e-05,5.63952176855e-05,8.22041677513e-05,0.00015744312367155
173,2021_6,2021,6,landscape_lambda1_peak_top10,6.91658597316e-05,3.602416933014229e-05,7.121029836249467e-05,1.8373651187521574e-05,4.551845495536414e-05,6.91658597316e-05,0.00011323489446505
174,2021_7,2021,7,landscape_lambda1_peak_top10,9.058791557205e-05,5.703992283195e-05,8.589676501784533e-05,2.0927386433666002e-05,5.480277850085e-05,8.22041677513e-05,0.00013588187335805
175,2021_8,2021,8,landscape_lambda1_peak_top10,7.872156183575e-05,3.762399545851206e-05,7.178511668570059e-05,1.950088423171559e-05,4.529395778603134e-05,6.86561699011e-05,0.00011808234275365
176,2021_9,2021,9,landscape_lambda1_peak_top10,6.967670011145e-05,6.516636143885e-05,8.942442657932521e-05,2.1908035891544776e-05,5.536281095445e-05,8.709587513935e-05,0.0001476341625452
177,2021_10,2021,10,landscape_lambda1_peak_top10,8.22041677513e-05,6.20842063066e-05,0.0001041829799018432,3.203081012996907e-05,6.747900362122999e-05,9.227135159075e-05,0.00019680390458945
178,2021_11,2021,11,landscape_lambda1_peak_top10,5.936127270565e-05,4.900807288000822e-05,8.26402800630717e-05,2.3084783051080007e-05,5.13276758828e-05,7.872156183575e-05,0.00015744312367155
179,2021_12,2021,12,landscape_lambda1_peak_top10,5.72134749176e-05,7.89062445634e-05,0.00010448412767506164,2.790279827080338e-05,6.7940936679e-05,9.869163094965e-05,0.0001811758311441
180,2022_1,2022,1,landscape_lambda1_peak_top10,7.61888930446e-05,5.073044689625e-05,7.320458834803355e-05,2.0646009174350046e-05,4.553526706434134e-05,7.0144069218e-05,0.0001192653255943
181,2022_2,2022,2,landscape_lambda1_peak_top10,5.302976737605e-05,6.770928398785e-05,0.00010209313404056305,2.597822836927912e-05,6.2550040032e-05,9.722124018945e-05,0.00015937343472515
182,2022_3,2022,3,landscape_lambda1_peak_top10,7.61888930446e-05,7.352884509925e-05,8.923009469375774e-05,2.119040703703497e-05,5.553087516655e-05,8.61178091629e-05,0.00013852526008115
183,2022_4,2022,4,landscape_lambda1_peak_top10,5.75691981762e-05,3.7010997087514374e-05,6.333673051024459e-05,1.7195806645937295e-05,3.975510853144629e-05,5.881737857475e-05,0.0001192653255943
184,2022_5,2022,5,landscape_lambda1_peak_top10,7.951021706285e-05,2.882664267811912e-05,6.799939793561593e-05,1.9365066786795233e-05,4.155757802435274e-05,6.8071709238e-05,0.0001192653255943
185,2022_6,2022,6,landscape_lambda1_peak_top10,7.951021706285e-05,4.779695389261722e-05,7.919115754444972e-05,2.198622940161033e-05,4.847630305035356e-05,7.61888930446e-05,0.00012273699425889993
186,2022_7,2022,7,landscape_lambda1_peak_top10,8.31151560487e-05,5.051964602645e-05,8.77609675877964e-05,3.0006645689014904e-05,5.24548887956e-05,7.951021706285e-05,0.00015902043412575
187,2022_8,2022,8,landscape_lambda1_peak_top10,0.00023853065118865,9.50138576977e-05,0.0001238206730446433,4.119112780083961e-05,7.07063565014e-05,0.0001192653255943,0.00023853065118865
188,2022_9,2022,9,landscape_lambda1_peak_top10,6.23363670365e-05,5.85397443449e-05,7.843496613349679e-05,2.2383597613026315e-05,4.599674956303088e-05,7.61888930446e-05,0.00012467273407305
189,2022_10,2022,10,landscape_lambda1_peak_top10,7.28358643796e-05,5.50718371775e-05,8.541517379958607e-05,2.362692200089218e-05,5.39219210583e-05,7.951021706285e-05,0.000136605801193
190,2022_11,2022,11,landscape_lambda1_peak_top10,6.83029005965e-05,4.462484074566316e-05,7.576306082810232e-05,2.078764419356343e-05,4.599674956303088e-05,7.28358643796e-05,0.00012769133862751728
191,2022_12,2022,12,landscape_lambda1_peak_top10,0.00015937343472515,6.56882958299e-05,8.609862365260867e-05,2.5475985541428068e-05,5.22821142887e-05,7.951021706285e-05,0.00015937343472515
192,2023_1,2023,1,landscape_lambda1_peak_top10,4.625988805107092e-05,3.1991712135862845e-05,5.6077762306002426e-05,1.569352985221537e-05,3.664077385314378e-05,5.39141686435e-05,9.25891633643e-05
193,2023_2,2023,2,landscape_lambda1_peak_top10,7.407133069145e-05,3.87300804355494e-05,6.0384781208239594e-05,1.651930687362805e-05,3.854990670922577e-05,5.557948561185e-05,0.0001099223215594
194,2023_3,2023,3,landscape_lambda1_peak_top10,5.7107613587e-05,3.181651754281391e-05,6.356701950794907e-05,1.743307269295312e-05,3.9381448712226624e-05,5.882276048675e-05,0.00011120064010530241
195,2023_4,2023,4,landscape_lambda1_peak_top10,5.555349801855e-05,5.052973848665e-05,6.967480940842167e-05,1.6961610819205693e-05,4.450846460301011e-05,6.94743570148e-05,0.00011110699603715
196,2023_5,2023,5,landscape_lambda1_peak_top10,9.031666411925e-05,5.21808558688e-05,6.667213045423138e-05,1.8520559393713326e-05,4.008337341670675e-05,6.25269213133e-05,0.00011815999975832245
197,2023_6,2023,6,landscape_lambda1_peak_top10,6.89988270199e-05,5.20468046138e-05,7.586537654745808e-05,2.4351183398902406e-05,4.21929059660769e-05,7.328154770625e-05,0.0001391223999221861
198,2023_7,2023,7,landscape_lambda1_peak_top10,5.450383343625e-05,3.7774395541713045e-05,6.0522456927937436e-05,1.5656072543044516e-05,3.8613380825151156e-05,5.557948561185e-05,0.000105939685006
199,2023_8,2023,8,landscape_lambda1_peak_top10,5.228689821045e-05,3.331596158468291e-05,5.76812401361789e-05,1.682725415554888e-05,3.737200089692802e-05,5.39698693929e-05,9.25891633643e-05
200,2023_9,2023,9,landscape_lambda1_peak_top10,8.01667468334e-05,3.4027236200748764e-05,5.698595206129677e-05,1.8350867972324964e-05,3.6330997335319995e-05,5.345878327805e-05,0.0001099223215594
201,2023_10,2023,10,landscape_lambda1_peak_top10,6.25269213133e-05,3.6193139908474194e-05,5.326209591072061e-05,1.5569488494243248e-05,3.4737178507412915e-05,4.863204991037808e-05,9.18822070106e-05
202,2023_11,2023,11,landscape_lambda1_peak_top10,7.2671777915e-05,6.874454698065e-05,8.6916135222688e-05,2.809179435571151e-05,4.5749412307557405e-05,7.755167614205e-05,0.0001457183042759684
203,2023_12,2023,12,landscape_lambda1_peak_top10,4.59411035053062e-05,3.31216313370284e-05,5.41765078496257e-05,1.7354021403408116e-05,3.4759861013580404e-05,4.863204991037808e-05,9.820606723472107e-05
204,2024_1,2024,1,landscape_lambda1_peak_top10,3.5639188852061724e-05,4.157604841689162e-05,5.9130724566732464e-05,2.0806454599694416e-05,3.531322833533442e-05,5.345878327805e-05,0.00011485275876325
205,2024_2,2024,2,landscape_lambda1_peak_top10,6.58587987355e-05,2.83571144541452e-05,5.24084836276461e-05,1.600246755348668e-05,3.139437679983483e-05,4.863204991037808e-05,9.08397223938e-05
206,2024_3,2024,3,landscape_lambda1_peak_top10,6.891165525795e-05,3.455878825448952e-05,5.7712238315488395e-05,2.0638704685974535e-05,3.4938159457759764e-05,5.29836907805e-05,0.00010995193842134373
207,2024_4,2024,4,landscape_lambda1_peak_top10,4.099368697220628e-05,2.0817932255201168e-05,4.6930162286028826e-05,1.4646076880914763e-05,2.7985671336275827e-05,4.0684585966530145e-05,8.01667468334e-05
208,2024_5,2024,5,landscape_lambda1_peak_top10,3.4737178507412915e-05,2.228575283613792e-05,4.5352040846604584e-05,1.3511030235766566e-05,2.7323972964709586e-05,4.008337341670675e-05,7.407133069145e-05
209,2024_6,2024,6,landscape_lambda1_peak_top10,3.470173855710171e-05,2.3184854036477907e-05,4.5913969746733414e-05,1.4972341550127765e-05,2.6726062254194358e-05,4.16846142088955e-05,8.01667468334e-05
210,2024_7,2024,7,landscape_lambda1_peak_top10,2.6254299141484417e-05,1.0389761148311048e-05,3.101521261281974e-05,1.0796117139479585e-05,1.7467423255628253e-05,2.7789742805930332e-05,5.555349801855e-05
211,2024_8,2024,8,landscape_lambda1_peak_top10,1.7467423255628253e-05,5.988548814057225e-06,2.262850620359401e-05,1.087245108642527e-05,1.0884472211942443e-05,1.8517832672863968e-05,4.008337341670675e-05
212,2024_9,2024,9,landscape_lambda1_peak_top10,0.0,1.762742505674192e-09,9.418474499956455e-08,8.82072741057145e-07,0.0,0.0,4.1046272570641645e-07
0,2007_1,2007,1,landscape_total_tent_area_top10,5.24293794716185e-09,1.112469581285694e-09,5.5119149256100504e-09,2.3750138835924086e-09,2.466127242950085e-09,4.970452123824328e-09,1.0884835716422293e-08
1,2007_2,2007,2,landscape_total_tent_area_top10,2.812534013294312e-09,4.38568591670837e-10,4.446173043042401e-09,2.3861986575928657e-09,1.882574469483445e-09,3.817038910422492e-09,1.0303473041677144e-08
2,2007_3,2007,3,landscape_total_tent_area_top10,4.025158400203338e-09,3.8702721819930445e-10,3.760974558896873e-09,1.6996887311584918e-09,1.5015093836682994e-09,3.471891152787818e-09,7.818985097727866e-09
3,2007_4,2007,4,landscape_total_tent_area_top10,4.721157366725324e-09,4.429864911270115e-10,4.168606915026887e-09,1.8853463183151403e-09,1.8326550320539872e-09,3.762657929785664e-09,8.575835271875054e-09
4,2007_5,2007,5,landscape_total_tent_area_top10,6.818724372377744e-09,1.0663391482489569e-09,5.164611824258483e-09,2.453918050845712e-09,1.9361911501854097e-09,4.609637855161945e-09,1.1526507104637608e-08
5,2007_6,2007,6,landscape_total_tent_area_top10,6.7937960591606066e-09,2.7025079501849043e-10,3.2801193780440725e-09,1.6664365653224083e-09,1.3507738654074562e-09,2.9511874626730113e-09,7.540611971837524e-09
6,2007_7,2007,7,landscape_total_tent_area_top10,3.5661284088632575e-09,1.0904332927108182e-09,5.606246991520934e-09,2.856806926621705e-09,2.196360737251376e-09,4.99506700364305e-09,1.395740370118846e-08
7,2007_8,2007,8,landscape_total_tent_area_top10,4.0513736509013855e-09,2.4731241996459943e-10,3.729562567056801e-09,1.6312877161449283e-09,1.6789084423205946e-09,3.4070473958517655e-09,8.492088316368451e-09
8,2007_9,2007,9,landscape_total_tent_area_top10,3.727632258750037e-09,5.599293443350722e-10,4.4083424524183846e-09,2.1255285987626546e-09,1.891619465379028e-09,3.959572644761573e-09,9.233097094665676e-09
9,2007_10,2007,10,landscape_total_tent_area_top10,2.9444464769020193e-09,1.6662107437409067e-09,6.803974777012093e-09,3.113090475597932e-09,2.905190258530833e-09,6.178104485405654e-09,1.4782862476007775e-08
10,2007_11,2007,11,landscape_total_tent_area_top10,4.752703814961808e-09,4.376261636921841e-10,3.977245551467206e-09,1.6602908008328932e-09,1.695697278578735e-09,3.6451998584309566e-09,8.275199781423446e-09
11,2007_12,2007,12,landscape_total_tent_area_top10,1.2400100152628345e-08,4.141179637639466e-09,9.633830756295715e-09,5.238455880417724e-09,3.1060203193524613e-09,8.60514421393832e-09,2.3418577082226557e-08
12,2008_1,2008,1,landscape_total_tent_area_top10,2.282217651867492e-09,3.901847045708651e-10,3.809457271836389e-09,1.743730985107581e-09,1.6070384070587985e-09,3.4635860151281826e-09,7.860299873125445e-09
13,2008_2,2008,2,landscape_total_tent_area_top10,9.289653740565888e-09,2.7849483396850816e-09,9.455312236817812e-09,4.515355817155987e-09,3.834853521273384e-09,8.683288936192447e-09,2.0009229049911434e-08
14,2008_3,2008,3,landscape_total_tent_area_top10,3.183992902570627e-09,5.81318868307943e-10,4.5792411039106675e-09,2.0333843509431373e-09,1.979774994382369e-09,4.065101209636026e-09,9.746684694111984e-09
15,2008_4,2008,4,landscape_total_tent_area_top10,4.159168365193216e-09,4.081948336306256e-10,4.73695096312085e-09,2.1930370464341737e-09,2.0834384503287397e-09,4.253793339697294e-09,9.845254795326764e-09
16,2008_5,2008,5,landscape_total_tent_area_top10,5.44356721532082e-09,1.3218505476981887e-09,6.405647796202895e-09,2.8100687430946855e-09,2.725877627850702e-09,5.817083269877714e-09,1.3304791087701095e-08
17,2008_6,2008,6,landscape_total_tent_area_top10,3.5041961211550246e-09,6.026205537304944e-10,3.973329579502422e-09,1.8567603254522695e-09,1.5066276223843787e-09,3.5535106946713913e-09,8.462926631023482e-09
18,2008_7,2008,7,landscape_total_tent_area_top10,3.820752125985011e-09,5.748588048672261e-10,5.184699912406454e-09,2.177607652401841e-09,2.203553952089374e-09,4.6943648401874395e-09,1.0255748863710707e-08
19,2008_8,2008,8,landscape_total_tent_area_top10,2.7593670478655812e-09,3.9789713051816344e-10,3.973316859947132e-09,1.7846345543632783e-09,1.6656578462481213e-09,3.6011456478250617e-09,8.653320241439349e-09
20,2008_9,2008,9,landscape_total_tent_area_top10,3.2418531641352868e-09,4.464298971033289e-10,3.87035450032692e-09,1.7602672037360662e-09,1.6180311588072974e-09,3.486776712242102e-09,8.187840067941034e-09
21,2008_10,2008,10,landscape_total_tent_area_top10,6.43195345328684e-09,4.756707645768235e-10,4.0354871151883885e-09,1.7869493571200172e-09,1.818515680046312e-09,3.64350737972178e-09,8.125270479011263e-09
22,2008_11,2008,11,landscape_total_tent_area_top10,2.6987095884941273e-09,4.661690443802619e-10,4.436737492867555e-09,1.9469404851172184e-09,1.9447069617246924e-09,3.955975629551569e-09,9.695238479994255e-09
23,2008_12,2008,12,landscape_total_tent_area_top10,4.580918741507806e-09,4.696372946468406e-10,4.643199326207449e-09,1.932408823933585e-09,2.134776680154848e-09,4.268812308065625e-09,9.25574311963706e-09
24,2009_1,2009,1,landscape_total_tent_area_top10,4.86185013997025e-09,1.2861606792010794e-09,6.030341587087217e-09,2.7075646103949735e-09,2.4034782260517625e-09,5.468671132698696e-09,1.2682148101365859e-08
25,2009_2,2009,2,landscape_total_tent_area_top10,3.5027073908480863e-09,7.156559054924825e-10,5.274941051351489e-09,2.355058851173978e-09,2.3146668497603663e-09,4.801741132472441e-09,1.0419704149616912e-08
26,2009_3,2009,3,landscape_total_tent_area_top10,2.6481544447391524e-09,1.039015536016213e-09,5.7797391265699105e-09,2.4966310828785874e-09,2.5841348759229397e-09,5.19115388261281e-09,1.2061676062357042e-08
27,2009_4,2009,4,landscape_total_tent_area_top10,3.050614255562097e-09,7.768881408125252e-10,5.391983597271647e-09,2.402151590143336e-09,2.218022680385429e-09,4.9118576305775756e-09,1.0778266307575925e-08
28,2009_5,2009,5,landscape_total_tent_area_top10,3.142184989141151e-09,4.0407600547007796e-10,4.213507225206056e-09,1.878102936953689e-09,1.7269049547838972e-09,3.830814141613887e-09,9.188537036972743e-09
29,2009_6,2009,6,landscape_total_tent_area_top10,2.2747833802386805e-09,3.5639464259275693e-10,3.506406395805784e-09,1.3912351115440726e-09,1.4465186875550132e-09,3.319881518718761e-09,7.023576340636406e-09
30,2009_7,2009,7,landscape_total_tent_area_top10,4.051373303802252e-09,3.578079169512683e-10,4.1899615776445026e-09,1.9168091526979603e-09,1.748839399871758e-09,3.772408017495213e-09,9.146298418580093e-09
31,2009_8,2009,8,landscape_total_tent_area_top10,3.181968483347211e-09,1.2211549830191527e-09,5.670992086965384e-09,2.667193239609496e-09,2.29197468007831e-09,5.019706381510204e-09,1.2447904201779121e-08
32,2009_9,2009,9,landscape_total_tent_area_top10,2.4041015739492268e-09,3.32460869638452e-10,3.802557033815815e-09,1.7514565935776155e-09,1.5992302823962892e-09,3.4675984031636046e-09,8.350081150490577e-09
33,2009_10,2009,10,landscape_total_tent_area_top10,4.98109532448714e-09,2.7183652755178316e-10,3.849831309925181e-09,1.728726356576826e-09,1.8473091162969272e-09,3.5579703244401133e-09,8.014667125189157e-09
34,2009_11,2009,11,landscape_total_tent_area_top10,3.1058869393063606e-09,2.6330365793852274e-10,3.0505423832036336e-09,1.1597951440238308e-09,1.3878739661550757e-09,2.8896905901277e-09,6.132360011246373e-09
35,2009_12,2009,12,landscape_total_tent_area_top10,2.784727509208357e-09,4.663846126938556e-10,4.500363576341684e-09,1.9865918343289405e-09,2.0297777021663237e-09,4.050328941963179e-09,9.413877543301416e-09
36,2010_1,2010,1,landscape_total_tent_area_top10,4.2097296191296e-09,4.858094388043133e-10,4.6193006994771124e-09,1.914944937879497e-09,2.064587046195939e-09,4.23791118843299e-09,9.542309361352747e-09
37,2010_2,2010,2,landscape_total_tent_area_top10,3.6865423731317467e-09,9.25566778243367e-10,4.445991202882438e-09,1.9566105021319795e-09,1.919943404118244e-09,4.060684227564812e-09,9.003783015847461e-09
38,2010_3,2010,3,landscape_total_tent_area_top10,9.113248925292821e-09,7.051323773658371e-10,4.4384300097251545e-09,1.983881095689526e-09,1.8459092851773164e-09,3.969484234615861e-09,9.487795580607111e-09
39,2010_4,2010,4,landscape_total_tent_area_top10,4.725345362046129e-09,1.246413924050849e-09,5.848891088949044e-09,2.8434857463202337e-09,2.5701656357384747e-09,5.2183803946101875e-09,1.199221941897244e-08
40,2010_5,2010,5,landscape_total_tent_area_top10,7.875279010033832e-09,2.069659236436176e-09,7.890653702560812e-09,3.527022626957993e-09,3.3863075599710838e-09,7.153825567350306e-09,1.7109411418777255e-08
41,2010_6,2010,6,landscape_total_tent_area_top10,6.804443587997358e-09,4.826404027962347e-10,4.523067112241507e-09,1.9855379281969413e-09,1.962219293549234e-09,4.128519846365969e-09,9.22900391093311e-09
42,2010_7,2010,7,landscape_total_tent_area_top10,5.425981827860897e-09,7.486304008294257e-10,4.6068975339513726e-09,2.0486363375809532e-09,1.9653528505642155e-09,4.106218843122978e-09,9.75864490100216e-09
43,2010_8,2010,8,landscape_total_tent_area_top10,4.391140873697795e-09,4.1542603667166465e-10,4.398664334196903e-09,1.9868401881798465e-09,1.907598252279074e-09,3.93990841202899e-09,9.256345205061142e-09
44,2010_9,2010,9,landscape_total_tent_area_top10,7.955039823947034e-09,1.5226669751134186e-09,6.3069383223499685e-09,2.6885037999115375e-09,2.6625364229340146e-09,5.774437919579001e-09,1.2249919194342734e-08
45,2010_10,2010,10,landscape_total_tent_area_top10,5.069486666268326e-09,6.428646752822852e-10,4.794182651896929e-09,1.983332563746866e-09,2.1361227364720793e-09,4.346457823101894e-09,9.488727573180972e-09
46,2010_11,2010,11,landscape_total_tent_area_top10,2.18760815702259e-09,3.639519304289688e-10,3.889687395747051e-09,1.6630006372841064e-09,1.6882572161704831e-09,3.536220739416795e-09,7.637845248392184e-09
47,2010_12,2010,12,landscape_total_tent_area_top10,1.7902550208416045e-09,6.087224712817858e-10,4.5476264374809106e-09,1.952611111449959e-09,2.0832993277895895e-09,4.126794184918319e-09,9.715353256057914e-09
48,2011_1,2011,1,landscape_total_tent_area_top10,6.2555773542291685e-09,1.132503202074618e-09,6.130050284674719e-09,2.8765713571547146e-09,2.368579753521221e-09,5.5248329387986315e-09,1.2912784433230294e-08
49,2011_2,2011,2,landscape_total_tent_area_top10,3.5576396030538044e-09,8.770546698879372e-10,5.452728521288811e-09,2.264948023611184e-09,2.4636719388811394e-09,5.006024950956918e-09,1.113056571427812e-08
50,2011_3,2011,3,landscape_total_tent_area_top10,2.7852356468080168e-09,4.486565618615868e-10,3.800996433043166e-09,1.5235988640396036e-09,1.6798283023831692e-09,3.5245365797572043e-09,7.796117002077125e-09
51,2011_4,2011,4,landscape_total_tent_area_top10,7.207494089727236e-09,1.0371492710820703e-09,6.730815526186776e-09,3.3486127977914163e-09,2.815551391759186e-09,6.017089500831827e-09,1.5590128464707666e-08
52,2011_5,2011,5,landscape_total_tent_area_top10,4.541950585359777e-09,1.370249861513529e-09,6.175299079365573e-09,2.862093609798393e-09,2.648439492765966e-09,5.519106108720227e-09,1.3965276785703917e-08
53,2011_6,2011,6,landscape_total_tent_area_top10,7.1274563029239476e-09,4.0749301098106374e-10,4.208649170628421e-09,1.9398546914967925e-09,1.9319427567647466e-09,3.727602342183385e-09,9.273128466368659e-09
54,2011_7,2011,7,landscape_total_tent_area_top10,4.36411720457069e-09,5.319164030170029e-10,4.8250405004609785e-09,1.9534940918971324e-09,2.2236651627677538e-09,4.429115626804536e-09,9.399369116912673e-09
55,2011_8,2011,8,landscape_total_tent_area_top10,8.054755051294743e-09,3.5618527317978713e-10,4.554202489429502e-09,1.942452771029347e-09,2.0243692572316276e-09,4.1399259721282326e-09,9.247002288807779e-09
56,2011_9,2011,9,landscape_total_tent_area_top10,7.840113627117961e-09,1.1554407598575404e-09,5.965461503391668e-09,2.6688075351175145e-09,2.577156784182605e-09,5.4422558021628975e-09,1.2106643983430154e-08
57,2011_10,2011,10,landscape_total_tent_area_top10,1.247834839237236e-08,9.632003489541846e-10,5.49828073096677e-09,2.39403128879816e-09,2.3492576300700347e-09,5.001288803202353e-09,1.1605736843959722e-08
58,2011_11,2011,11,landscape_total_tent_area_top10,1.2948985672691938e-08,1.2267960398768989e-09,6.2250757721916044e-09,2.7145328043800895e-09,2.570444257799393e-09,5.569160746198753e-09,1.3152688500889258e-08
59,2011_12,2011,12,landscape_total_tent_area_top10,4.03297570687411e-09,6.959358449991431e-10,5.019680949937851e-09,2.1354201930559227e-09,2.3102551616030076e-09,4.549551303827378e-09,1.0510162405185966e-08
60,2012_1,2012,1,landscape_total_tent_area_top10,3.4793638544580062e-09,6.64736923534865e-10,4.527406717051967e-09,2.024231605229537e-09,2.0676641308291624e-09,4.079965609777139e-09,9.276279292264711e-09
61,2012_2,2012,2,landscape_total_tent_area_top10,3.337837434802861e-09,4.5128482738719166e-10,4.982528431923981e-09,1.9837452002007874e-09,2.1846493812954923e-09,4.596648849219932e-09,9.504856263454851e-09
62,2012_3,2012,3,landscape_total_tent_area_top10,4.5110766891316395e-09,5.62141448146119e-10,4.6797028422698904e-09,1.817316178028142e-09,2.173034988288819e-09,4.324103968599656e-09,9.474613184143253e-09
63,2012_4,2012,4,landscape_total_tent_area_top10,8.405100713995887e-09,4.577771566047591e-10,4.206223633579283e-09,1.8272302461664918e-09,1.961670366442103e-09,3.878427492562767e-09,8.847712173495899e-09
64,2012_5,2012,5,landscape_total_tent_area_top10,3.4569207830175274e-09,6.623452903841329e-10,4.9100729528306426e-09,2.319555381436002e-09,2.090259750820064e-09,4.403222924613219e-09,9.908890795479969e-09
65,2012_6,2012,6,landscape_total_tent_area_top10,4.692834555915022e-09,9.308560997275828e-10,5.208035952577429e-09,2.283265599392298e-09,2.3802245051727265e-09,4.694117994546933e-09,1.0718146921212154e-08
66,2012_7,2012,7,landscape_total_tent_area_top10,3.6574206035315713e-09,6.305552224439094e-10,4.885522534240709e-09,2.1198557404114456e-09,2.19102582441655e-09,4.427365005949322e-09,1.0305223338464903e-08
67,2012_8,2012,8,landscape_total_tent_area_top10,4.98834235285468e-09,4.2100482951301303e-10,4.70440908839933e-09,2.0742803412617286e-09,2.17695698488406e-09,4.284722974848083e-09,9.342669654917494e-09
68,2012_9,2012,9,landscape_total_tent_area_top10,8.131717537841553e-09,4.6004567097009723e-10,3.8282089120314926e-09,1.5723025028851071e-09,1.7994873302392052e-09,3.5406021962709455e-09,7.796946623625388e-09
69,2012_10,2012,10,landscape_total_tent_area_top10,3.73803239697081e-09,3.962805272789574e-10,4.135815720195299e-09,1.792146305594514e-09,1.8499843545757284e-09,3.8100084330886084e-09,8.484054064118206e-09
70,2012_11,2012,11,landscape_total_tent_area_top10,1.3290297607336153e-08,1.1064697968603691e-09,6.96157101480328e-09,3.0359279759210396e-09,2.847580941439653e-09,6.35639987865015e-09,1.4702387364758528e-08
71,2012_12,2012,12,landscape_total_tent_area_top10,3.7049442898238007e-09,4.3551570790923336e-10,4.67526236615165e-09,2.0730063960202593e-09,2.0642632496581422e-09,4.213315238099256e-09,1.012990680593399e-08
72,2013_1,2013,1,landscape_total_tent_area_top10,7.391332084148618e-09,8.477320344876919e-10,5.421984629950047e-09,2.3066188235272195e-09,2.2738911142949423e-09,4.987112260070438e-09,1.0517362081388533e-08
73,2013_2,2013,2,landscape_total_tent_area_top10,4.1844407530069516e-09,3.289946779829644e-09,9.086983270433122e-09,4.621917475170875e-09,3.491189608876446e-09,8.097760289852139e-09,2.1881586989535677e-08
74,2013_3,2013,3,landscape_total_tent_area_top10,1.0623004449981407e-08,4.6536586479249316e-10,5.22420162395061e-09,2.0882085081399677e-09,2.4346614374452532e-09,4.803242575815073e-09,1.0081834876254898e-08
75,2013_4,2013,4,landscape_total_tent_area_top10,7.240133309960132e-09,6.754060494828767e-10,5.4094136804503706e-09,2.298487512216726e-09,2.2890041475606886e-09,4.9310196472659895e-09,1.088128930971101e-08
76,2013_5,2013,5,landscape_total_tent_area_top10,6.557780653180115e-09,1.634179600907462e-09,6.657161463590983e-09,3.3549415105152313e-09,2.68453763407991e-09,5.803415626498366e-09,1.5097564392579562e-08
77,2013_6,2013,6,landscape_total_tent_area_top10,5.260883770905498e-09,7.299389493993732e-10,5.290139419107831e-09,2.307517741650149e-09,2.3670373834083696e-09,4.724406656306168e-09,1.1059686524191442e-08
78,2013_7,2013,7,landscape_total_tent_area_top10,4.373173414671086e-09,4.701864611741713e-10,5.1623529417609976e-09,2.1349545711063965e-09,2.3487650990314303e-09,4.734818024227019e-09,1.0297952831812272e-08
79,2013_8,2013,8,landscape_total_tent_area_top10,5.8007999624373835e-09,1.8145058916763027e-09,7.410440304294886e-09,3.519177561782157e-09,3.1046067200348052e-09,6.692084941784017e-09,1.5465407571151395e-08
80,2013_9,2013,9,landscape_total_tent_area_top10,2.996694735610788e-09,4.758135550720429e-10,4.953367052233082e-09,2.1559844186211756e-09,2.2940522964273605e-09,4.465801986102606e-09,9.715084492040534e-09
81,2013_10,2013,10,landscape_total_tent_area_top10,3.2693946455035647e-09,4.2780543983459913e-10,4.786082380871829e-09,1.96941424290503e-09,2.2431357744066564e-09,4.37062326935146e-09,9.742035721703966e-09
82,2013_11,2013,11,landscape_total_tent_area_top10,8.061966624419376e-09,4.5483748682369706e-10,4.525553675508019e-09,1.7572209864720773e-09,2.123347453072238e-09,4.1794621913861256e-09,8.774069505468283e-09
83,2013_12,2013,12,landscape_total_tent_area_top10,4.346633808122712e-09,4.863088578257145e-10,4.424319183863753e-09,1.7546203955434065e-09,2.042708893313228e-09,4.130796875161515e-09,8.472694758757084e-09
84,2014_1,2014,1,landscape_total_tent_area_top10,4.4800631578283485e-09,6.093037594988808e-10,4.822185608773211e-09,2.0254445016089442e-09,2.13769642924231e-09,4.3819514766063225e-09,9.993934460475624e-09
85,2014_2,2014,2,landscape_total_tent_area_top10,4.530636366557359e-09,9.362405322270491e-10,5.710084750632439e-09,2.1663092992798474e-09,2.7976134494432554e-09,5.301611637519664e-09,1.065281854370052e-08
86,2014_3,2014,3,landscape_total_tent_area_top10,5.342325517043557e-09,7.722351044634618e-10,6.3676090761814805e-09,2.314087588804858e-09,3.0709734646581956e-09,5.887484476227387e-09,1.2122322511373733e-08
87,2014_4,2014,4,landscape_total_tent_area_top10,2.941210325255904e-09,6.58262399101478e-10,4.942487426235458e-09,2.0668189746536444e-09,2.163312602319335e-09,4.542033740457365e-09,9.72867806307884e-09
88,2014_5,2014,5,landscape_total_tent_area_top10,8.759947676852719e-09,5.010731363340517e-10,4.0840642113314944e-09,1.6749971963027178e-09,1.8393066413675137e-09,3.769696227084646e-09,8.325283954107103e-09
89,2014_6,2014,6,landscape_total_tent_area_top10,7.842858939921302e-09,2.2377583572015157e-09,7.534312967598593e-09,3.618448192253519e-09,3.023857834113243e-09,6.677332990704165e-09,1.6695514516677104e-08
90,2014_7,2014,7,landscape_total_tent_area_top10,7.046305453666066e-09,7.702466163935274e-10,5.570499625396988e-09,2.354354578327484e-09,2.5471508170694684e-09,5.132928992454539e-09,1.203230406798102e-08
91,2014_8,2014,8,landscape_total_tent_area_top10,5.6531202828557815e-09,1.0830061679347168e-09,5.815890023691924e-09,2.272500699290855e-09,2.69740713739809e-09,5.364371414210638e-09,1.1157125823873408e-08
92,2014_9,2014,9,landscape_total_tent_area_top10,5.285010292782406e-09,5.380924042968834e-10,5.227407475448019e-09,1.9846169389445305e-09,2.4800262754492106e-09,4.850492227685333e-09,1.0357796799491511e-08
93,2014_10,2014,10,landscape_total_tent_area_top10,5.393010448017218e-09,1.6602448281208602e-09,9.553934391506038e-09,4.1721567414081225e-09,4.1903823914771835e-09,8.775730472897299e-09,1.8966653416648594e-08
94,2014_11,2014,11,landscape_total_tent_area_top10,1.133725068096803e-08,1.1729364620582657e-09,6.380070663780238e-09,2.695943361412323e-09,2.9292283142259338e-09,5.746596779578697e-09,1.2546425839100224e-08
95,2014_12,2014,12,landscape_total_tent_area_top10,6.8174237944571556e-09,7.096829996947127e-10,6.16670863644338e-09,2.4913266260401007e-09,2.9773351384522775e-09,5.615613923478449e-09,1.1907301587096499e-08
96,2015_1,2015,1,landscape_total_tent_area_top10,8.875499054317649e-09,1.1661035832247164e-09,7.052291865743602e-09,2.9110867210139485e-09,3.0241487083120035e-09,6.407734816999304e-09,1.4391529628469556e-08
97,2015_2,2015,2,landscape_total_tent_area_top10,5.80499440094136e-09,6.811706669514035e-10,6.056864254665088e-09,2.2916142681312752e-09,2.928349040852889e-09,5.608689608472454e-09,1.1615995300887818e-08
98,2015_3,2015,3,landscape_total_tent_area_top10,3.6045942588988652e-09,9.437875825000065e-10,6.043949620692922e-09,2.5364283225863854e-09,2.7884552820398003e-09,5.517644624327826e-09,1.235039893216802e-08
99,2015_4,2015,4,landscape_total_tent_area_top10,9.270910859621586e-09,1.3985640380891658e-09,7.255974052102642e-09,2.6978979353698485e-09,3.547928741648173e-09,6.85285392883475e-09,1.4015104556106235e-08
100,2015_5,2015,5,landscape_total_tent_area_top10,4.986156042001815e-09,1.421626776325484e-09,7.747368272239532e-09,3.288890070992932e-09,3.3408482697292725e-09,7.031391420327417e-09,1.5775723782207725e-08
101,2015_6,2015,6,landscape_total_tent_area_top10,5.1535458776757785e-09,8.175038821169887e-10,5.880222486917385e-09,2.454823282829735e-09,2.7558767874517032e-09,5.505683812602886e-09,1.1422782072285028e-08
102,2015_7,2015,7,landscape_total_tent_area_top10,7.0660072372596286e-09,8.482922607740434e-10,6.520176811805879e-09,2.774751973156007e-09,2.8608776729969476e-09,5.9667764979481765e-09,1.3261465734121766e-08
103,2015_8,2015,8,landscape_total_tent_area_top10,1.5472042106150412e-08,5.987020723808023e-10,6.873370807884096e-09,2.8104539031015178e-09,3.1820145121949253e-09,6.2456406008112505e-09,1.3712094069610472e-08
104,2015_9,2015,9,landscape_total_tent_area_top10,8.716359129838392e-09,2.11099267855865e-09,8.498072881812276e-09,3.842248446059837e-09,3.4688576069859162e-09,7.665607807920583e-09,1.827428487319464e-08
105,2015_10,2015,10,landscape_total_tent_area_top10,3.7866450247420975e-09,8.89762186707302e-10,5.936390494187999e-09,2.1588941215458983e-09,2.8858382688611303e-09,5.54799609309911e-09,1.1229382818104455e-08
106,2015_11,2015,11,landscape_total_tent_area_top10,3.804346970516912e-09,1.825455218914251e-09,8.030547043371196e-09,3.5690357269516477e-09,3.574668045712275e-09,7.252841741670315e-09,1.600809062413066e-08
107,2015_12,2015,12,landscape_total_tent_area_top10,2.1575640716660457e-08,2.021475231180716e-08,2.8521164929050086e-08,1.555615139042388e-08,9.181910243980161e-09,2.5619174843189858e-08,6.824260729732089e-08
108,2016_1,2016,1,landscape_total_tent_area_top10,1.0258496148514528e-08,1.5430712028996755e-09,7.64738570231189e-09,2.964090579791221e-09,3.75254445055832e-09,7.004320964413091e-09,1.5709874266023832e-08
109,2016_2,2016,2,landscape_total_tent_area_top10,4.86658932770377e-09,1.3782445900947744e-09,6.705324058983481e-09,2.5924058205201805e-09,3.323551949625209e-09,6.223985768569543e-09,1.2754819597834242e-08
110,2016_3,2016,3,landscape_total_tent_area_top10,7.153344924710999e-09,1.5947605403461874e-09,7.727584994330355e-09,2.905206841468498e-09,3.910204596904776e-09,7.137602019932182e-09,1.5117976839104622e-08
111,2016_4,2016,4,landscape_total_tent_area_top10,5.1656300369405445e-09,1.5765755451045201e-09,8.482478675526697e-09,3.0982749850900304e-09,3.910508152024247e-09,8.004105076263343e-09,1.6281407163915546e-08
112,2016_5,2016,5,landscape_total_tent_area_top10,6.991619159063638e-09,1.7204053041764897e-09,8.344883776194408e-09,3.2503157330953113e-09,3.9989137791675255e-09,7.641653174210125e-09,1.675387792048161e-08
113,2016_6,2016,6,landscape_total_tent_area_top10,7.668501613792463e-09,3.287131964656401e-09,1.0401804370777529e-08,3.739154135405674e-09,5.042441307451639e-09,9.854892302772405e-09,1.9622831844310794e-08
114,2016_7,2016,7,landscape_total_tent_area_top10,8.409694113260275e-09,2.421837303084403e-09,1.0623771168491132e-08,4.215628741336745e-09,4.834137698675219e-09,9.785375801793473e-09,2.064227656557757e-08
115,2016_8,2016,8,landscape_total_tent_area_top10,6.002293477640232e-09,1.4998968167436644e-09,8.662068945920871e-09,3.3748047611150056e-09,3.985792735173333e-09,8.086457521692523e-09,1.7085477220695934e-08
116,2016_9,2016,9,landscape_total_tent_area_top10,9.739761557009038e-09,1.6051955337693348e-09,8.914669527974803e-09,3.3947306607396793e-09,4.438191951068033e-09,8.259541314696214e-09,1.7682970409071638e-08
117,2016_10,2016,10,landscape_total_tent_area_top10,5.770020904289291e-09,3.2000957228383794e-09,1.0069663227069979e-08,3.728204407687681e-09,4.657273701666146e-09,9.462310107753998e-09,1.862221222250558e-08
118,2016_11,2016,11,landscape_total_tent_area_top10,7.196303246712789e-09,1.7900564413522432e-09,7.566436264523233e-09,2.591901861775728e-09,4.066523630174925e-09,7.10661007707292e-09,1.3295054257422847e-08
119,2016_12,2016,12,landscape_total_tent_area_top10,9.73361818351859e-09,2.37108318906467e-09,1.0009578425483289e-08,3.7701116255539145e-09,4.796440108015108e-09,9.476640588189996e-09,1.94979358116389e-08
120,2017_1,2017,1,landscape_total_tent_area_top10,1.8033979289823822e-08,3.831205712479676e-08,4.877748828661947e-08,2.3227371555612313e-08,1.644180425200481e-08,4.508399012921477e-08,1.0526013650000365e-07
121,2017_2,2017,2,landscape_total_tent_area_top10,2.9831586255048435e-08,1.024207098869827e-08,1.9578484085922334e-08,8.482219234842305e-09,8.965516904301469e-09,1.7712631149498965e-08,3.9251476789963723e-08
122,2017_3,2017,3,landscape_total_tent_area_top10,7.92885172181273e-09,2.6642923250045313e-09,1.175580378284622e-08,4.395043129532033e-09,5.610843303495815e-09,1.0934774597001908e-08,2.2976480067750864e-08
123,2017_4,2017,4,landscape_total_tent_area_top10,1.4250870975982975e-08,6.309879013395746e-09,1.6738578945030162e-08,7.446411557329149e-09,7.193930674751416e-09,1.507839441228682e-08,3.444550911767287e-08
124,2017_5,2017,5,landscape_total_tent_area_top10,9.378443430006028e-09,2.8412155544847153e-09,1.1940637399940967e-08,4.4089588702143545e-09,5.8159211958583574e-09,1.1124380275826392e-08,2.2892355560236377e-08
125,2017_6,2017,6,landscape_total_tent_area_top10,9.136418696011227e-09,4.205752879095444e-09,1.4523936494247089e-08,5.378665292212042e-09,7.0856691202019344e-09,1.3584232198443774e-08,2.772391726371052e-08
126,2017_7,2017,7,landscape_total_tent_area_top10,9.566629605728934e-09,1.9186239439260584e-09,9.6544464354488e-09,3.8922018573846425e-09,4.434910416752694e-09,8.942786032166381e-09,1.994395072948745e-08
127,2017_8,2017,8,landscape_total_tent_area_top10,7.53824023452736e-09,1.2885287360616554e-09,7.6732002740428e-09,2.904879588951685e-09,3.63735161022791e-09,7.229455466212527e-09,1.4321014506191913e-08
128,2017_9,2017,9,landscape_total_tent_area_top10,8.979995515635641e-09,2.8786909262745377e-09,1.1243171981342563e-08,4.652094733395665e-09,5.03127103768295e-09,1.0443596853630832e-08,2.2116870680125023e-08
129,2017_10,2017,10,landscape_total_tent_area_top10,1.346061931192113e-08,1.7763947845748066e-09,9.473555497037674e-09,4.1043126363994594e-09,4.110349521485849e-09,8.603070687604017e-09,1.9151890190347867e-08
130,2017_11,2017,11,landscape_total_tent_area_top10,8.162968418076197e-09,1.9247230293580834e-09,7.63632990481228e-09,2.749373672107049e-09,3.7468567095008826e-09,7.18148145867665e-09,1.3696320999054669e-08
131,2017_12,2017,12,landscape_total_tent_area_top10,7.2709308480831004e-09,1.194401040471317e-09,9.155235421869313e-09,3.792546209450032e-09,4.106851056167584e-09,8.499599047001583e-09,1.871425866287114e-08
132,2018_1,2018,1,landscape_total_tent_area_top10,6.935675549458412e-09,1.0416325392756675e-09,7.971883201334614e-09,3.701987256397442e-09,3.552520208322166e-09,7.1722580209789936e-09,1.6455540121280478e-08
133,2018_2,2018,2,landscape_total_tent_area_top10,8.289637152387024e-09,3.1302085539918293e-09,1.0775452900877464e-08,4.848538085970734e-09,4.830453014089244e-09,9.69322979225083e-09,2.3370901314235826e-08
134,2018_3,2018,3,landscape_total_tent_area_top10,1.752984304054436e-08,8.85073997863058e-09,2.1319464905137746e-08,8.894813829437202e-09,8.67126767560133e-09,1.9414516857998633e-08,4.394982115319328e-08
135,2018_4,2018,4,landscape_total_tent_area_top10,8.842348870942898e-09,1.5473749784262583e-09,8.082073718042807e-09,3.2104648543392063e-09,3.561433316209336e-09,7.557515058562706e-09,1.5284186433501056e-08
136,2018_5,2018,5,landscape_total_tent_area_top10,4.394139771238944e-09,2.0201289339421332e-09,8.149353425230897e-09,3.4785328904309316e-09,3.790375444554978e-09,7.432402988581115e-09,1.67364605212124e-08
137,2018_6,2018,6,landscape_total_tent_area_top10,1.9053773143667756e-08,1.6330502619657383e-09,8.637379342229742e-09,3.715732333599335e-09,3.693963631634618e-09,7.976218062430563e-09,1.8888630107136733e-08
138,2018_7,2018,7,landscape_total_tent_area_top10,6.962812638494299e-09,1.6014758149186274e-09,7.705903167402501e-09,2.870652694696416e-09,3.619563768009369e-09,7.191441623082731e-09,1.4775792142507421e-08
139,2018_8,2018,8,landscape_total_tent_area_top10,4.378853598220329e-09,1.6828440375846084e-09,1.019145964149509e-08,4.152802277317986e-09,4.643975084411981e-09,9.331225772234043e-09,2.0303828104416725e-08
140,2018_9,2018,9,landscape_total_tent_area_top10,5.5990810661292125e-09,1.647489031372042e-09,7.2197124075915704e-09,2.6784781649809492e-09,3.6372478031104507e-09,6.631761271832768e-09,1.3714085621411963e-08
141,2018_10,2018,10,landscape_total_tent_area_top10,4.240627494738616e-09,1.407373036664927e-09,6.858744766985964e-09,2.881579875937514e-09,3.141848907705165e-09,6.22194169937704e-09,1.4107388719516251e-08
142,2018_11,2018,11,landscape_total_tent_area_top10,5.365097094372465e-09,2.618869825135661e-09,9.267700363301417e-09,4.1871801516076066e-09,3.747378039132861e-09,8.433821109991284e-09,1.9490454980553156e-08
143,2018_12,2018,12,landscape_total_tent_area_top10,6.5180698929393434e-09,1.8484853462210587e-09,7.650435949472538e-09,3.3634232009149314e-09,3.7350244878230944e-09,7.04799361633448e-09,1.4457699272819199e-08
144,2019_1,2019,1,landscape_total_tent_area_top10,8.86132227249987e-09,1.9092691438307246e-09,7.3357067995893134e-09,2.809488767765058e-09,3.7231011625653728e-09,6.681703823414322e-09,1.393725970805593e-08
145,2019_2,2019,2,landscape_total_tent_area_top10,8.506244706779348e-09,1.3885991467565912e-09,7.315104957333057e-09,3.033612859169612e-09,3.3998380667739352e-09,6.755074642350432e-09,1.484311899290108e-08
146,2019_3,2019,3,landscape_total_tent_area_top10,1.0547989554914616e-08,2.4536974451457956e-09,8.353510649493632e-09,3.2069945814490306e-09,3.92466285133887e-09,7.749225366879157e-09,1.653015184963462e-08
147,2019_4,2019,4,landscape_total_tent_area_top10,1.2103313125848193e-08,3.941355034622481e-09,1.1815163539082885e-08,5.041090899176945e-09,5.005866149200791e-09,1.0895372007527875e-08,2.372196221816068e-08
148,2019_5,2019,5,landscape_total_tent_area_top10,6.490086084026028e-09,1.9018748765546405e-09,7.982008950650108e-09,3.0992139406866884e-09,3.608776077749661e-09,7.41592451595143e-09,1.6070604019543682e-08
149,2019_6,2019,6,landscape_total_tent_area_top10,8.775824508077201e-09,1.8360726786100332e-09,7.966378082143427e-09,3.567701703354787e-09,3.778451201276275e-09,7.156976589194467e-09,1.6788445619296096e-08
150,2019_7,2019,7,landscape_total_tent_area_top10,5.8906207353665e-09,2.743760910358454e-09,1.1074476993007897e-08,4.581775070852103e-09,5.234106399280109e-09,1.009858723801024e-08,2.165974703497051e-08
151,2019_8,2019,8,landscape_total_tent_area_top10,8.07926447030021e-09,1.9974357483201864e-09,7.418078412447289e-09,2.7188758738537352e-09,3.6031369932663618e-09,6.901906185420967e-09,1.405626327194463e-08
152,2019_9,2019,9,landscape_total_tent_area_top10,4.7234828341956204e-09,2.8577277271834267e-09,9.632454816674721e-09,4.079922278807273e-09,4.4898996781819974e-09,8.71728875479262e-09,1.9642158626972797e-08
153,2019_10,2019,10,landscape_total_tent_area_top10,4.314662894646624e-09,2.0218319822333913e-09,7.488406277407784e-09,2.782014803693527e-09,3.6755795375872265e-09,6.956112386866353e-09,1.3832230424392435e-08
154,2019_11,2019,11,landscape_total_tent_area_top10,1.081560113013993e-08,4.004392995994302e-09,1.15202524894521e-08,4.232956951760913e-09,5.286177194867082e-09,1.0874514632021115e-08,2.201019989390714e-08
155,2019_12,2019,12,landscape_total_tent_area_top10,6.393647974337378e-09,5.009388406247747e-09,1.3676857108357439e-08,6.946344131038171e-09,5.141457439559405e-09,1.2140221053355445e-08,3.4417814502384285e-08
156,2020_1,2020,1,landscape_total_tent_area_top10,7.219310515725446e-09,1.488114838953472e-09,8.946654714404695e-09,3.951214047850755e-09,4.0731322197448586e-09,8.165188245719627e-09,1.8901377789943263e-08
157,2020_2,2020,2,landscape_total_tent_area_top10,2.6623339762495643e-08,3.773897834215521e-09,1.1628756493097196e-08,5.2421632987534345e-09,4.834402187775465e-09,1.0472786719878156e-08,2.42401982585621e-08
158,2020_3,2020,3,landscape_total_tent_area_top10,9.006969885502963e-09,5.106589090584395e-09,1.2196041126367661e-08,4.6950852848805975e-09,6.008749212500519e-09,1.1130546152292583e-08,2.286329775646109e-08
159,2020_4,2020,4,landscape_total_tent_area_top10,1.0117442295572528e-08,3.6071570957860492e-09,1.0300031565341134e-08,3.848737974881444e-09,5.080074942174006e-09,9.57328443250981e-09,1.919477521388177e-08
160,2020_5,2020,5,landscape_total_tent_area_top10,2.071154425213446e-08,9.956835490174135e-09,2.213259542433934e-08,9.256531397925369e-09,1.041714705628274e-08,2.023396246561897e-08,4.6511377485266304e-08
161,2020_6,2020,6,landscape_total_tent_area_top10,1.0615563928096125e-08,5.763011092399557e-09,1.6050028192212634e-08,6.926405903979587e-09,8.03964045575111e-09,1.4270122583382227e-08,3.360214112292072e-08
162,2020_7,2020,7,landscape_total_tent_area_top10,1.1846902475729142e-08,7.730880506060832e-09,1.6984883826970504e-08,7.94339148886978e-09,7.655311098349162e-09,1.5147731394055508e-08,3.94482329236931e-08
163,2020_8,2020,8,landscape_total_tent_area_top10,1.0790099088128944e-08,4.99199990051617e-09,1.4795434357210235e-08,6.534709625566033e-09,6.130883738122231e-09,1.3452143387446478e-08,3.0591638798768875e-08
164,2020_9,2020,9,landscape_total_tent_area_top10,8.790890069623424e-09,2.7668490825369847e-09,8.900605108793709e-09,2.918852670069322e-09,4.61781965724304e-09,8.33377388127458e-09,1.5968051260427834e-08
165,2020_10,2020,10,landscape_total_tent_area_top10,1.096272846849426e-08,4.479182368091131e-09,1.3658071636457974e-08,6.994439140148487e-09,5.893792065441291e-09,1.1748928377823932e-08,3.087691756582808e-08
166,2020_11,2020,11,landscape_total_tent_area_top10,7.750879589044624e-09,7.309848179234007e-09,1.9650847902229802e-08,1.0532117044415813e-08,7.601026292907528e-09,1.6880753909025394e-08,4.736321549723378e-08
167,2020_12,2020,12,landscape_total_tent_area_top10,3.073742918614594e-08,6.1428714441374455e-09,1.7031878515707613e-08,7.042087555773424e-09,7.654906921003112e-09,1.568568004547158e-08,3.537041761094465e-08
168,2021_1,2021,1,landscape_total_tent_area_top10,1.5729082659217918e-08,9.062659518354791e-09,2.607169040057946e-08,1.335599127649604e-08,1.130402973345337e-08,2.2070503929322397e-08,6.255215490346762e-08
169,2021_2,2021,2,landscape_total_tent_area_top10,7.368987493576316e-09,2.4696284331259198e-09,9.74457521737519e-09,4.453214551486083e-09,4.304412854444781e-09,8.843091710192465e-09,2.0481346179637812e-08
170,2021_3,2021,3,landscape_total_tent_area_top10,7.647840454050988e-09,3.6999174602016133e-09,1.438875396215643e-08,5.5885444738282346e-09,6.720005113726006e-09,1.331457182735889e-08,2.8979806624394572e-08
171,2021_4,2021,4,landscape_total_tent_area_top10,1.1732265555680853e-08,4.353656988238272e-09,1.2655089328721901e-08,5.587958769723103e-09,5.536621184274745e-09,1.156534340912997e-08,2.6415362831011185e-08
172,2021_5,2021,5,landscape_total_tent_area_top10,8.460627771702546e-09,5.747585521009945e-09,1.4120716154900326e-08,5.690596435562373e-09,6.870027117515922e-09,1.2761801162332549e-08,3.029520233666505e-08
173,2021_6,2021,6,landscape_total_tent_area_top10,1.3145135069981915e-08,2.37722053591191e-09,1.0587082450670143e-08,4.176342785126537e-09,4.937703311036704e-09,9.80956246483707e-09,2.1180430184229444e-08
174,2021_7,2021,7,landscape_total_tent_area_top10,1.5128658935860306e-08,4.828346786869643e-09,1.4124104041489683e-08,5.200579095481284e-09,7.167335750302064e-09,1.3184562651441068e-08,2.6087913974129083e-08
175,2021_8,2021,8,landscape_total_tent_area_top10,1.0719209154144118e-08,2.8182215723912898e-09,1.0874099191459883e-08,4.512676960020115e-09,5.117860139403909e-09,1.0106685895759432e-08,2.1363849046442195e-08
176,2021_9,2021,9,landscape_total_tent_area_top10,9.61411822147946e-09,5.505809812768203e-09,1.4382837661819482e-08,5.7290022105617e-09,6.6274723828432554e-09,1.3336674519886771e-08,2.8902239542410283e-08
177,2021_10,2021,10,landscape_total_tent_area_top10,1.3010810381918443e-08,5.489848829634889e-09,1.9524591905109606e-08,9.517440853462346e-09,8.491612818602485e-09,1.7316802656774467e-08,4.575093769073869e-08
178,2021_11,2021,11,landscape_total_tent_area_top10,7.943778190561204e-09,3.191170512504855e-09,1.2417297291474132e-08,5.366663171608484e-09,5.6717308078811896e-09,1.115380996793802e-08,2.7799536941075043e-08
179,2021_12,2021,12,landscape_total_tent_area_top10,8.184087850668264e-09,8.710242523557595e-09,1.8789421855583376e-08,8.473371325998803e-09,8.329213380347299e-09,1.715846142264695e-08,3.853350040397755e-08
180,2022_1,2022,1,landscape_total_tent_area_top10,9.93861084985984e-09,3.547384623393182e-09,1.0438525254093093e-08,4.583542979924861e-09,5.108729313399009e-09,9.589138983765653e-09,2.0208083529794566e-08
181,2022_2,2022,2,landscape_total_tent_area_top10,5.422188837197702e-09,5.5629899302525675e-09,1.7990987333728402e-08,7.166934082360096e-09,8.486025966978716e-09,1.6409588892206237e-08,3.5995659983734914e-08
182,2022_3,2022,3,landscape_total_tent_area_top10,1.0620546404086936e-08,6.5976388181957306e-09,1.4357513263458273e-08,5.640805022270166e-09,6.929172632979866e-09,1.3191415501913938e-08,2.88048974103508e-08
183,2022_4,2022,4,landscape_total_tent_area_top10,5.796817374062219e-09,2.4235029941455575e-09,8.626034135109512e-09,3.4447594103010194e-09,4.050965804453866e-09,7.992491812780984e-09,1.7881165102301608e-08
184,2022_5,2022,5,landscape_total_tent_area_top10,8.1934567893377e-09,1.7780301110067568e-09,9.782696771456034e-09,4.30071020770057e-09,4.502247540259386e-09,8.945787685054977e-09,1.992735929798773e-08
185,2022_6,2022,6,landscape_total_tent_area_top10,1.3355929370892913e-08,2.9701504841234195e-09,1.1584153845839219e-08,5.200676622065659e-09,5.221903410614555e-09,1.0471371020161354e-08,2.4076169952350014e-08
186,2022_7,2022,7,landscape_total_tent_area_top10,1.3883414059561837e-08,4.051862989506831e-09,1.4531970221936264e-08,7.99149933725608e-09,6.235744313828976e-09,1.2678265216425846e-08,3.3403206563655855e-08
187,2022_8,2022,8,landscape_total_tent_area_top10,6.597961471843626e-08,1.1078384611159984e-08,2.3786103545943398e-08,1.3693980788616639e-08,9.647376148297934e-09,1.9709413665044276e-08,6.25430616982747e-08
188,2022_9,2022,9,landscape_total_tent_area_top10,7.52418098166887e-09,4.5669257483024475e-09,1.1436707141769952e-08,5.2636635865370585e-09,5.268114641192571e-09,1.0166811945737601e-08,2.3613833425407473e-08
189,2022_10,2022,10,landscape_total_tent_area_top10,1.1574121720635907e-08,4.308324169158582e-09,1.399705042299063e-08,6.3319192875594716e-09,6.236892194355382e-09,1.2326942997369475e-08,2.9535073833677527e-08
190,2022_11,2022,11,landscape_total_tent_area_top10,8.875912319980215e-09,2.9932446729601405e-09,1.1343351027830768e-08,4.827518590586393e-09,5.0328653515996684e-09,1.0401387924429917e-08,2.3211588036311367e-08
191,2022_12,2022,12,landscape_total_tent_area_top10,2.9147612684228036e-08,7.303435316056725e-09,1.482635440711454e-08,6.41580090565638e-09,6.6610893804022455e-09,1.339995284799779e-08,3.162974974671951e-08
192,2023_1,2023,1,landscape_total_tent_area_top10,9.758051719101541e-09,3.1328044070009833e-09,8.162889680386394e-09,3.1354644131644004e-09,4.0520144248839785e-09,7.464489685970923e-09,1.7007427935983145e-08
193,2023_2,2023,2,landscape_total_tent_area_top10,1.6328766681123547e-08,3.6608575575019406e-09,8.803354179836424e-09,3.3451933900521282e-09,4.413408018491599e-09,8.08195712553197e-09,1.7888714030908094e-08
194,2023_3,2023,3,landscape_total_tent_area_top10,1.3434103938106844e-08,2.5869843027507525e-09,8.857485501759624e-09,3.4913483392039602e-09,4.102642089519906e-09,8.237714072700256e-09,1.805985360116885e-08
195,2023_4,2023,4,landscape_total_tent_area_top10,9.957678723051658e-09,5.3570508259469966e-09,1.1434667459637604e-08,3.964275589811231e-09,5.875404817759049e-09,1.0855476334609884e-08,2.096739405966554e-08
196,2023_5,2023,5,landscape_total_tent_area_top10,1.5007850034084754e-08,4.634562825315757e-09,9.903920487678207e-09,3.909520597253888e-09,4.979351839256867e-09,9.062973204953318e-09,2.00890626959592e-08
197,2023_6,2023,6,landscape_total_tent_area_top10,9.337656348432891e-09,3.981541750487976e-09,1.1064999550539994e-08,5.388984248149892e-09,4.879651448467436e-09,9.871266790400458e-09,2.7314433712076546e-08
198,2023_7,2023,7,landscape_total_tent_area_top10,8.329656935303795e-09,3.3422459802067443e-09,9.07083100553839e-09,3.3496504902273653e-09,4.490393201941159e-09,8.51240025025561e-09,1.7378470275342508e-08
199,2023_8,2023,8,landscape_total_tent_area_top10,1.1635663352829438e-08,3.0868833649368336e-09,8.26837311766425e-09,3.3462691394678228e-09,4.046323767361296e-09,7.652476451470468e-09,1.582751806355296e-08
200,2023_9,2023,9,landscape_total_tent_area_top10,1.3875097513740601e-08,2.039021897899114e-09,7.342565014520361e-09,3.273653678531355e-09,3.5605372311445194e-09,6.577355256844135e-09,1.5333398297579112e-08
201,2023_10,2023,10,landscape_total_tent_area_top10,1.1196177773880123e-08,2.511104141032619e-09,6.92464648748533e-09,2.666457150006682e-09,3.340281081266477e-09,6.382839042825328e-09,1.373878694089286e-08
202,2023_11,2023,11,landscape_total_tent_area_top10,9.948280757021265e-09,7.610460318362868e-09,1.5378167031407748e-08,7.9519362553174e-09,4.946144539072746e-09,1.3578837425877545e-08,3.408592554791704e-08
203,2023_12,2023,12,landscape_total_tent_area_top10,8.568840032250421e-09,1.6618322460616826e-09,6.474941462202325e-09,2.997575990024019e-09,3.085162002690094e-09,5.751510791111144e-09,1.4002074722907805e-08
204,2024_1,2024,1,landscape_total_tent_area_top10,6.7480757942046995e-09,3.39765443665336e-09,8.233676666291443e-09,3.7999852617080024e-09,3.612143689577664e-09,7.230854794441626e-09,1.873858203490322e-08
205,2024_2,2024,2,landscape_total_tent_area_top10,9.061699537051903e-09,1.6111590466268836e-09,6.5046714493461366e-09,2.860733832000039e-09,2.930266479698586e-09,5.902672252306119e-09,1.3323354719031434e-08
206,2024_3,2024,3,landscape_total_tent_area_top10,1.3399686463426122e-08,2.4358916959263548e-09,7.409169947046047e-09,3.932786106817647e-09,3.304584007364558e-09,6.350418633641315e-09,1.7077396351845233e-08
207,2024_4,2024,4,landscape_total_tent_area_top10,6.6558956311211154e-09,1.1327180012506898e-09,5.5180095531137294e-09,2.370039048576567e-09,2.61461549183533e-09,5.003707277888477e-09,1.0840532947709567e-08
208,2024_5,2024,5,landscape_total_tent_area_top10,4.395488733130848e-09,1.5927636193094338e-09,5.61261111945205e-09,2.295108666565691e-09,2.7055142183467065e-09,5.014695919475585e-09,1.1361493957532935e-08
209,2024_6,2024,6,landscape_total_tent_area_top10,4.955171479140893e-09,1.2949344078783483e-09,5.328424168798894e-09,2.2469002713220356e-09,2.457806707748156e-09,4.843636482544067e-09,1.0870398026433586e-08
210,2024_7,2024,7,landscape_total_tent_area_top10,1.741581693401183e-09,3.4705399042513206e-10,2.6085943930761783e-09,1.2517557923869303e-09,1.0540237679846788e-09,2.400131248812759e-09,6.039671812231581e-09
211,2024_8,2024,8,landscape_total_tent_area_top10,7.467452767955526e-10,7.35301671860497e-11,1.2816916022787066e-09,9.228734225554783e-10,3.651550439250397e-10,1.0113509330985152e-09,3.1513077994909846e-09
212,2024_9,2024,9,landscape_total_tent_area_top10,0.0,4.2579083201577326e-18,7.861450343861784e-13,1.2090413091560656e-11,0.0,0.0,1.6944556840324216e-13
