grid_index,x,observed_lambda1,fitted_mean_lambda1,bootstrap_mean,bootstrap_sd,ci_2_5,ci_50,ci_97_5
0,0.0,0.0,0.0,0.0,0.0,0.0,0.0,0.0
1,3.1931814081481927e-06,3.1781899461381143e-06,1.7520608908942128e-06,3.178342234759096e-06,1.436308022967224e-09,3.1781899461381143e-06,3.1781899461381143e-06,3.1781899461381143e-06
2,6.3863628162963855e-06,6.356379892276229e-06,4.7029852463730475e-06,6.3565512765646806e-06,2.1837971263381815e-09,6.356379892276229e-06,6.356379892276229e-06,6.356379892276229e-06
3,9.579544224444579e-06,9.53456983841434e-06,7.839311529145663e-06,9.534676211238687e-06,3.023478403520339e-09,9.53456983841434e-06,9.53456983841434e-06,9.53456983841434e-06
4,1.2772725632592771e-05,1.2712759784552457e-05,1.0965433459290409e-05,1.2711833209679102e-05,5.842637771936738e-09,1.2695029705485316e-05,1.2712759784552457e-05,1.2712759784552457e-05
5,1.5965907040740965e-05,1.5890949730690463e-05,1.3999617387339334e-05,1.5883810148517377e-05,1.377633394063039e-08,1.584323672760315e-05,1.5890949730690463e-05,1.5890949730690463e-05
6,1.9159088448889157e-05,1.9053255496610267e-05,1.6534445059365475e-05,1.9047377464300853e-05,2.4912555669484257e-08,1.8987532422265936e-05,1.905971546897313e-05,1.906913967682868e-05
7,2.235226985703735e-05,2.2201462518728273e-05,1.8268726523873887e-05,2.2194845857147865e-05,3.92661498105187e-08,2.211530608902632e-05,2.219941823233726e-05,2.2247329622966856e-05
8,2.5545451265185542e-05,2.5313837414191707e-05,1.9365093474374323e-05,2.5304633743740473e-05,6.257518780445842e-08,2.5176167762010373e-05,2.530487220704468e-05,2.541717817168717e-05
9,2.8738632673333734e-05,2.834281051281465e-05,1.9972456822973276e-05,2.8331837366313116e-05,1.0128181457527338e-07,2.8121984048105768e-05,2.833083764224912e-05,2.8527959110117163e-05
10,3.193181408148193e-05,3.133417858168543e-05,2.024760734600275e-05,3.12875024929691e-05,1.5537430705981487e-07,3.096553979704629e-05,3.129336002025437e-05,3.157878499354213e-05
11,3.512499548963012e-05,3.412505397575853e-05,2.0130339227997298e-05,3.402424708845552e-05,2.2128949573464085e-07,3.356912746485869e-05,3.4038490772311016e-05,3.4427900767675165e-05
12,3.8318176897778315e-05,3.617250862334498e-05,1.9623304927525733e-05,3.607650810095811e-05,2.9938552950352733e-07,3.547489070622987e-05,3.6089981592971184e-05,3.663027280876433e-05
13,4.1511358305926503e-05,3.776225911079323e-05,1.8945663344926046e-05,3.7629892910205174e-05,3.999060045348243e-07,3.6831478975663914e-05,3.763784534693654e-05,3.836728179768351e-05
14,4.47045397140747e-05,3.9251552011945324e-05,1.8224402841286916e-05,3.89613194849478e-05,5.180641050302711e-07,3.789483520866117e-05,3.896835372860616e-05,3.990428764939958e-05
15,4.789772112222289e-05,4.030284252680741e-05,1.7480906577730748e-05,3.986120343032076e-05,6.281185527602235e-07,3.859455597265464e-05,3.9883650187471216e-05,4.1040334371291255e-05
16,5.1090902530371084e-05,4.1003273257397606e-05,1.6727568995375723e-05,4.0434157264080874e-05,7.444072077323912e-07,3.893753633316936e-05,4.043213682651199e-05,4.18289426272168e-05
17,5.428408393851928e-05,4.12328813586074e-05,1.591459554994002e-05,4.059390544064964e-05,8.489691060204912e-07,3.8832240016249026e-05,4.058528098055656e-05,4.221751591864528e-05
18,5.747726534666747e-05,4.116645387888275e-05,1.5004290710989658e-05,4.031747368946866e-05,9.512291452407404e-07,3.8374852238288975e-05,4.033139384812938e-05,4.214005303405e-05
19,6.0670446754815664e-05,4.081390663850459e-05,1.409957054141819e-05,3.983192380869182e-05,1.0554752236861716e-06,3.768758228583955e-05,3.983018327875555e-05,4.183962686603435e-05
20,6.386362816296386e-05,4.026079249907554e-05,1.3222918296312021e-05,3.917727364175494e-05,1.163956486847527e-06,3.681899886319877e-05,3.9187806734370444e-05,4.138404178818381e-05
21,6.705680957111204e-05,3.954605951564111e-05,1.2471405379613671e-05,3.841165043298142e-05,1.2691197628226424e-06,3.5804546182719974e-05,3.843793185073834e-05,4.0843703614408235e-05
22,7.024999097926024e-05,3.855081386646017e-05,1.1721481508420502e-05,3.7444125854152284e-05,1.3510715371449988e-06,3.468874701277725e-05,3.745615618369543e-05,3.997723672206025e-05
23,7.344317238740843e-05,3.739383780272198e-05,1.101203952486581e-05,3.632194038690748e-05,1.4051921077330568e-06,3.3447972775427464e-05,3.63621638495897e-05,3.895426631964149e-05
24,7.663635379555663e-05,3.604830290119564e-05,1.0321436835444435e-05,3.509444473472988e-05,1.4399752081893754e-06,3.211683342500457e-05,3.513351447243499e-05,3.76970741403666e-05
25,7.982953520370482e-05,3.456506260558449e-05,9.640477464584885e-06,3.38015912075562e-05,1.4587564337567917e-06,3.082087050499813e-05,3.3830812992976996e-05,3.6487023375834e-05
26,8.302271661185301e-05,3.294632587378034e-05,8.995082646921783e-06,3.241898296596633e-05,1.4758860948871125e-06,2.947108989240704e-05,3.242547558320945e-05,3.5191427538696404e-05
27,8.62158980200012e-05,3.129024581295214e-05,8.417141527471167e-06,3.101663204933211e-05,1.497834945350471e-06,2.806566314876571e-05,3.103320976821053e-05,3.387403248350143e-05
28,8.94090794281494e-05,2.9617022661954925e-05,7.867510644087075e-06,2.9581440365621125e-05,1.518993214948818e-06,2.6552022099043616e-05,2.9574509819319768e-05,3.244902387299254e-05
29,9.26022608362976e-05,2.7946149144810427e-05,7.294806355442094e-06,2.813637833130648e-05,1.5282118855745137e-06,2.5192565415760367e-05,2.814488070903808e-05,3.111156647491912e-05
30,9.579544224444578e-05,2.6356555727184254e-05,6.758702763652335e-06,2.672327916672144e-05,1.5297955443177918e-06,2.3851412416795758e-05,2.6721040045046154e-05,2.970639628500146e-05
31,9.898862365259397e-05,2.477883478175816e-05,6.21685187013262e-06,2.5361607113381005e-05,1.5324430338979185e-06,2.242057087818731e-05,2.5334069391115604e-05,2.830282427848112e-05
32,0.00010218180506074217,2.3248010331642844e-05,5.69318316378489e-06,2.4031456573288028e-05,1.5403793252380603e-06,2.1082561833854152e-05,2.4017298525774336e-05,2.6984500892171437e-05
33,0.00010537498646889036,2.186324804911989e-05,5.2255703494085455e-06,2.276554777643785e-05,1.5457794510207874e-06,1.97807750629864e-05,2.273964076621123e-05,2.586185588861017e-05
34,0.00010856816787703856,2.0567853484659728e-05,4.829039597024259e-06,2.159794718928408e-05,1.5452615029642652e-06,1.863632871802183e-05,2.1562819708940866e-05,2.469086511227671e-05
35,0.00011176134928518674,1.9324922271608916e-05,4.4685133171011065e-06,2.05032719227567e-05,1.5390829090484422e-06,1.7567289951970792e-05,2.0507397407996287e-05,2.3589845183486573e-05
36,0.00011495453069333494,1.8066134631717534e-05,4.123709690869142e-06,1.943971051341445e-05,1.5305644227120912e-06,1.6558429736763437e-05,1.94093205582161e-05,2.2507561087537146e-05
37,0.00011814771210148313,1.687916722356494e-05,3.7976592860881143e-06,1.8388793239211093e-05,1.5196039114860446e-06,1.5539859522921887e-05,1.834136817512217e-05,2.142196370649121e-05
38,0.00012134089350963133,1.5731367381975528e-05,3.5300754059704134e-06,1.7314876565509367e-05,1.5024453532305383e-06,1.4530522677339286e-05,1.7304325939881688e-05,2.032039203475374e-05
39,0.0001245340749177795,1.4592495782847585e-05,3.2752205517989652e-06,1.626200434126491e-05,1.484792183654443e-06,1.3439621395740022e-05,1.6275856622848084e-05,1.9222845757409423e-05
40,0.00012772725632592772,1.35029939206748e-05,3.0295901802371596e-06,1.5238876509685737e-05,1.4680481699889634e-06,1.2430217745858704e-05,1.5227995571323466e-05,1.810844572989786e-05
41,0.0001309204377340759,1.2457702796292199e-05,2.8131356323482083e-06,1.4239127332300413e-05,1.4540642698180575e-06,1.142188843939272e-05,1.420518501549623e-05,1.7146101494843632e-05
42,0.00013411361914222408,1.1474156801933836e-05,2.6270634858139248e-06,1.3285249677246015e-05,1.442907701740221e-06,1.0490273020171564e-05,1.3241540382705032e-05,1.6158513424252373e-05
43,0.0001373068005503723,1.0576526196804472e-05,2.4717126241783106e-06,1.239530233817119e-05,1.432972310199818e-06,9.713469060707347e-06,1.2366093671256735e-05,1.5213572846465026e-05
44,0.00014049998195852048,9.759459722105796e-06,2.33897525570113e-06,1.1600736997634774e-05,1.4179674589391236e-06,8.983737897234489e-06,1.1550805668983848e-05,1.4398819639166326e-05
45,0.00014369316336666868,9.021608437570909e-06,2.2040520976103605e-06,1.0886056609156865e-05,1.4023841644130578e-06,8.318431992543356e-06,1.084745280974024e-05,1.366032201979157e-05
46,0.00014688634477481687,8.34280049718353e-06,2.0832066929483105e-06,1.023993455124195e-05,1.386881086935744e-06,7.73877724984837e-06,1.020111752346346e-05,1.2976583812407723e-05
47,0.00015007952618296505,7.78386191169682e-06,1.9853198293025103e-06,9.662797248146774e-06,1.3717094548674603e-06,7.151072627781386e-06,9.6588020411162e-06,1.2404561367670509e-05
48,0.00015327270759111326,7.291180947817379e-06,1.9100137895613087e-06,9.132160211631928e-06,1.3591308002280327e-06,6.6522327187278934e-06,9.126695955443354e-06,1.1806019676537374e-05
49,0.00015646588899926144,6.863580661474479e-06,1.8350564795108816e-06,8.646695574386358e-06,1.3456965210622604e-06,6.157027010892719e-06,8.642103936092537e-06,1.1336669761442897e-05
50,0.00015965907040740965,6.502512176643983e-06,1.7670429781966497e-06,8.190270136321262e-06,1.3249850778428852e-06,5.777694139774794e-06,8.181109742398686e-06,1.084162242216129e-05
51,0.00016285225181555783,6.154542244029903e-06,1.7070771301563085e-06,7.759802160341897e-06,1.299126232399746e-06,5.401901853892207e-06,7.766509648537541e-06,1.0399015733796695e-05
52,0.00016604543322370601,5.817424522591866e-06,1.647111282115967e-06,7.3446305848101005e-06,1.273754285838293e-06,5.003951477901852e-06,7.336495696038396e-06,9.954821583155302e-06
53,0.00016923861463185422,5.501735844447236e-06,1.5871454340756249e-06,6.943174358652998e-06,1.2498410864998386e-06,4.6814196692035664e-06,6.939863739543028e-06,9.519857083505372e-06
54,0.0001724317960400024,5.186915142235444e-06,1.5271795860352832e-06,6.561499921922715e-06,1.2279820149331975e-06,4.387238648363647e-06,6.5375621431515675e-06,9.113729542796539e-06
55,0.0001756249774481506,4.883065646543612e-06,1.4672137379949421e-06,6.2028800445045415e-06,1.2051599441253171e-06,4.068796194573702e-06,6.175734464554041e-06,8.707571879628215e-06
56,0.0001788181588562988,4.614168045217937e-06,1.4214462327287726e-06,5.866660763079667e-06,1.183106498591891e-06,3.7649928927589805e-06,5.8283933290134905e-06,8.330662227300139e-06
57,0.00018201134026444698,4.374351571387992e-06,1.3850123270517887e-06,5.56197830280984e-06,1.1620442471913502e-06,3.503788783059751e-06,5.526741161720663e-06,7.979450661169006e-06
58,0.0001852045216725952,4.168275844989965e-06,1.3550294030316176e-06,5.298485300453643e-06,1.1408576796149792e-06,3.2733638345361856e-06,5.25092071627502e-06,7.673994058260615e-06
59,0.00018839770308074337,3.973386838858856e-06,1.325046479011447e-06,5.0567316257279774e-06,1.1205886218907865e-06,3.065666912974117e-06,5.000610551210184e-06,7.385136174938027e-06
60,0.00019159088448889155,3.7911625207825956e-06,1.308347808125509e-06,4.818510177910985e-06,1.1010797186088319e-06,2.833368795189097e-06,4.752740648055056e-06,7.098224637379819e-06
61,0.00019478406589703976,3.6305015409399176e-06,1.2797677874296737e-06,4.585604320258797e-06,1.0819119552440838e-06,2.621646083595837e-06,4.515933679489267e-06,6.841818279662935e-06
62,0.00019797724730518794,3.480586920839064e-06,1.2497848634095029e-06,4.356428387954425e-06,1.0623582941599646e-06,2.410065823572499e-06,4.282735872573064e-06,6.561146527416895e-06
63,0.00020117042871333615,3.3306723007382087e-06,1.219801939389332e-06,4.126228476399181e-06,1.0422291132047543e-06,2.201465369506053e-06,4.0677689639245996e-06,6.306305066600818e-06
64,0.00020436361012148434,3.1807576806373554e-06,1.1898190153691612e-06,3.901592397791317e-06,1.0233775290934003e-06,2.0196996263002304e-06,3.8537071944706e-06,6.0802259358165054e-06
65,0.00020755679152963252,3.0308430605365015e-06,1.1598360913489905e-06,3.6916906098707358e-06,1.0054404379183902e-06,1.8555151268250659e-06,3.645248193436278e-06,5.82783827904656e-06
66,0.00021074997293778073,2.887359137299406e-06,1.1298531673288195e-06,3.4961312372200253e-06,9.858734944852835e-07,1.6614512689011498e-06,3.4510596668703262e-06,5.594403597887678e-06
67,0.0002139431543459289,2.7612813338806043e-06,1.0998702433086488e-06,3.310169828066573e-06,9.67403829977507e-07,1.5243981729114143e-06,3.2655738368370673e-06,5.379300238146366e-06
68,0.00021713633575407712,2.6413496377999205e-06,1.0698873192884778e-06,3.1338649591699616e-06,9.498072787804444e-07,1.371217255874998e-06,3.0829107972500414e-06,5.154428307995085e-06
69,0.0002203295171622253,2.5214179417192376e-06,1.0399043952683072e-06,2.9688743990049294e-06,9.337722093158018e-07,1.252075277306371e-06,2.9133422655244583e-06,4.929720621492128e-06
70,0.00022352269857037348,2.410366493979745e-06,1.0099214712481363e-06,2.8147472069773158e-06,9.19508520176348e-07,1.1506297429203508e-06,2.7632108403890045e-06,4.719170234943186e-06
71,0.0002267158799785217,2.3071104165281297e-06,9.799385472279655e-07,2.666613870886338e-06,9.060158024129666e-07,1.0357150131437843e-06,2.624079173076936e-06,4.561215542084796e-06
72,0.00022990906138666987,2.2321531064777024e-06,9.499556232077947e-07,2.530308225817531e-06,8.93226799115781e-07,9.175912624406515e-07,2.4950322570538326e-06,4.38084054907123e-06
73,0.00023310224279481808,2.157195796427275e-06,9.199726991876238e-07,2.4020097128106496e-06,8.820859097267945e-07,7.835907342996884e-07,2.3645033454431326e-06,4.225967405899231e-06
74,0.00023629542420296627,2.0822384863768486e-06,8.89989775167453e-07,2.2874542426366706e-06,8.714918342473916e-07,6.851930345642586e-07,2.23504997984156e-06,4.1165725779309956e-06
75,0.00023948860561111445,1.998442147145133e-06,8.600068511472823e-07,2.1896087300961885e-06,8.594494387522152e-07,6.303793931483628e-07,2.1391206508422143e-06,3.973210596756475e-06
76,0.00024268178701926266,1.9121803173745857e-06,8.300239271271113e-07,2.105038808407283e-06,8.461641210716693e-07,5.85286270628777e-07,2.051016092460529e-06,3.8766525086428546e-06
77,0.00024587496842741084,1.8372230073241588e-06,8.000410031069406e-07,2.0262435421990802e-06,8.311803537898445e-07,5.536424285822325e-07,1.964290539722858e-06,3.77387109891139e-06
78,0.000249068149835559,1.7622656972737319e-06,7.700580790867699e-07,1.9500207620609717e-06,8.169814416869778e-07,5.127247985060064e-07,1.892317721438713e-06,3.6917072748011535e-06
79,0.0002522613312437072,1.6873083872233052e-06,7.400751550665991e-07,1.8764535062495641e-06,8.038017265555287e-07,4.5600249350639796e-07,1.8179930258049445e-06,3.605793219153995e-06
80,0.00025545451265185544,1.612351077172877e-06,7.100922310464279e-07,1.8046762307157024e-06,7.915876749275839e-07,4.260095809069861e-07,1.7405366516703738e-06,3.5093450740922316e-06
81,0.0002586476940600036,1.5373937671224503e-06,6.801093070262571e-07,1.7347549950719466e-06,7.800008045499774e-07,4.080689635783867e-07,1.6684107959299874e-06,3.4074944735748154e-06
82,0.0002618408754681518,1.4624364570720234e-06,6.501263830060865e-07,1.6662801534826285e-06,7.674368209039116e-07,3.855599991894347e-07,1.60362745944914e-06,3.317321954716268e-06
83,0.0002650340568763,1.3874791470215965e-06,6.201434589859157e-07,1.5984809517865091e-06,7.549524292163796e-07,3.3610408708583356e-07,1.5413977339652585e-06,3.2390892701247996e-06
84,0.00026822723828444817,1.3125218369711698e-06,5.90160534965745e-07,1.5316440259390832e-06,7.432706818773845e-07,2.851440679280329e-07,1.4726898751169444e-06,3.178904204651283e-06
85,0.0002714204196925964,1.240616536642321e-06,5.601776109455737e-07,1.4659284478136962e-06,7.326153921370379e-07,2.4358075782880126e-07,1.405303102951501e-06,3.092531038050951e-06
86,0.0002746136011007446,1.1806506886019796e-06,5.30194686925403e-07,1.4058232534819286e-06,7.221391510853381e-07,2.1252005958549684e-07,1.3514241630358079e-06,2.987965590530605e-06
87,0.00027780678250889277,1.1276742103747158e-06,5.002117629052324e-07,1.3501831873049472e-06,7.111022883660816e-07,1.8877702652053868e-07,1.295863764151762e-06,2.91393056334958e-06
88,0.00028099996391704095,1.0976912863545452e-06,4.833622043110754e-07,1.2978242079677772e-06,6.986867705866841e-07,1.692851670664744e-07,1.2416887089625687e-06,2.8247571148511365e-06
89,0.00028419314532518913,1.0677083623343743e-06,4.683707423009901e-07,1.246496286911403e-06,6.866964846902029e-07,1.5429370505638903e-07,1.1782609815875025e-06,2.744041479025617e-06
90,0.00028738632673333737,1.037725438314203e-06,4.5337928029090445e-07,1.1967478615429811e-06,6.75183232996286e-07,1.3373615790932477e-07,1.1174509225184002e-06,2.683586286962851e-06
91,0.00029057950814148555,1.0077425142940324e-06,4.383878182808191e-07,1.1475649412942336e-06,6.642446864857468e-07,1.1386004069037472e-07,1.0670048656891029e-06,2.6235143944632807e-06
92,0.00029377268954963373,9.777595902738618e-07,4.2339635627073376e-07,1.0993086750745743e-06,6.538577340637422e-07,9.884174322067498e-08,1.0121460019323096e-06,2.5665490982805165e-06
93,0.0002969658709577819,9.477766662536909e-07,4.084048942606484e-07,1.0508114027608425e-06,6.429425263489249e-07,8.385028121058962e-08,9.615718354626111e-07,2.504271475284642e-06
94,0.0003001590523659301,9.177937422335203e-07,3.93413432250563e-07,1.0029079785373678e-06,6.325575140666417e-07,5.782411022849708e-08,9.187680146724169e-07,2.4448252483211563e-06
95,0.00030335223377407833,8.87810818213349e-07,3.784219702404774e-07,9.553180868395987e-07,6.228119089049158e-07,4.283264821841146e-08,8.678076116880164e-07,2.3908826788912835e-06
96,0.0003065454151822265,8.578278941931783e-07,3.63430508230392e-07,9.079159414335401e-07,6.137563086031464e-07,2.78411862083261e-08,8.280140241116605e-07,2.345158719760524e-06
97,0.0003097385965903747,8.278449701730075e-07,3.484390462203067e-07,8.617049191563527e-07,6.052467883973984e-07,1.2849724198240736e-08,7.756478209706035e-07,2.2792781927612688e-06
98,0.0003129317779985229,7.978620461528368e-07,3.3344758421022133e-07,8.192455507911351e-07,5.963101077925685e-07,0.0,7.313690317768879e-07,2.264061971959715e-06
99,0.00031612495940667106,7.678791221326661e-07,3.1845612220013596e-07,7.852996429448114e-07,5.866458354117121e-07,0.0,6.854382154672411e-07,2.1954434988293492e-06
100,0.0003193181408148193,7.405782232980314e-07,3.034646601900503e-07,7.565227172892726e-07,5.770878240892056e-07,0.0,6.512508590101474e-07,2.1269729549397446e-06
101,0.0003225113222229675,7.25586761287946e-07,2.8847319817996496e-07,7.315700453361874e-07,5.67569564120598e-07,0.0,6.173409425637619e-07,2.067381893449655e-06
102,0.00032570450363111566,7.105952992778607e-07,2.734817361698796e-07,7.070998746179843e-07,5.58298087381739e-07,0.0,5.895476603744274e-07,2.007790831959565e-06
103,0.00032889768503926385,6.956038372677753e-07,2.5849027415979427e-07,6.829153329901305e-07,5.492297119605087e-07,0.0,5.64970015275287e-07,1.957293662513701e-06
104,0.00033209086644741203,6.8061237525769e-07,2.434988121497089e-07,6.586929160690383e-07,5.40144814634441e-07,0.0,5.499785532652016e-07,1.9557945163126936e-06
105,0.00033528404785556026,6.656209132476043e-07,2.2850735013962326e-07,6.345898588942886e-07,5.313213805976864e-07,0.0,5.34987091255116e-07,1.9103148393289265e-06
106,0.00033847722926370845,6.50629451237519e-07,2.135158881295379e-07,6.105340750538931e-07,5.227736207321443e-07,0.0,5.199956292450307e-07,1.850036079309899e-06
107,0.00034167041067185663,6.356379892274336e-07,1.9852442611945255e-07,5.866787940103255e-07,5.145108550472362e-07,0.0,5.050041672349452e-07,1.8081237257807104e-06
108,0.0003448635920800048,6.206465272173483e-07,1.8353296410936718e-07,5.634040256333483e-07,5.064719622548028e-07,0.0,4.900127052248599e-07,1.7664014708492619e-06
109,0.000348056773488153,6.056550652072629e-07,1.685415020992818e-07,5.42327805926157e-07,4.973382541369616e-07,0.0,4.7191107307508923e-07,1.7364185468290913e-06
110,0.0003512499548963012,5.906636031971775e-07,1.5355004008919647e-07,5.227617676628993e-07,4.87865702212076e-07,0.0,4.419281490549185e-07,1.7064252399176643e-06
111,0.0003544431363044494,5.756721411870919e-07,1.3855857807911083e-07,5.033208126254365e-07,4.786701781798642e-07,0.0,4.119452250347472e-07,1.6760675293472414e-06
112,0.0003576363177125976,5.606806791770066e-07,1.235671160690255e-07,4.840730843991802e-07,4.6975693107723916e-07,0.0,3.8196230101457653e-07,1.6629839601500212e-06
113,0.0003608294991207458,5.456892171669212e-07,1.0857565405894012e-07,4.649739617983314e-07,4.6116450071971294e-07,0.0,3.5162180188736356e-07,1.6330036689995343e-06
114,0.00036402268052889396,5.306977551568358e-07,9.358419204885475e-08,4.461487010060479e-07,4.5281612639442616e-07,0.0,3.216388778671929e-07,1.6029179390463716e-06
115,0.00036721586193704214,5.157062931467504e-07,7.85927300387694e-08,4.2790594306482785e-07,4.4466496700981847e-07,0.0,2.9165595384702214e-07,1.5701597587817472e-06
116,0.0003704090433451904,5.007148311366649e-07,6.360126802868377e-08,4.0978068724871043e-07,4.3676945695673504e-07,0.0,2.613154547198087e-07,1.5265380786878951e-06
117,0.00037360222475333856,4.857233691265795e-07,4.8609806018598416e-08,3.917069667996968e-07,4.2913024347729096e-07,0.0,2.3133253069963795e-07,1.4965551546677245e-06
118,0.00037679540616148674,4.707319071164941e-07,3.361834400851305e-08,3.7371720633776446e-07,4.217856055535373e-07,0.0,2.0134960667946724e-07,1.4759350648772818e-06
119,0.0003799885875696349,4.557404451064088e-07,1.862688199842769e-08,3.559412356794029e-07,4.14777325041227e-07,0.0,1.714506870388032e-07,1.4607707935904462e-06
120,0.0003831817689777831,4.407489830963234e-07,3.6354199883423267e-09,3.402907834518894e-07,4.071271986097314e-07,0.0,1.5645922502871784e-07,1.445779331580361e-06
121,0.00038637495038593134,4.257575210862378e-07,0.0,3.252719455523643e-07,3.9977841905245456e-07,0.0,1.4146776301863223e-07,1.4039529468818905e-06
122,0.0003895681317940795,4.107660590761524e-07,0.0,3.103161907122349e-07,3.9276937404595556e-07,0.0,1.2647630100854686e-07,1.3589130737012248e-06
123,0.0003927613132022277,3.9577459706606704e-07,0.0,2.96451325946917e-07,3.858484148485551e-07,0.0,1.0687719594856635e-07,1.3166576105466996e-06
124,0.0003959544946103759,3.807831350559817e-07,0.0,2.8403040400802227e-07,3.7892301048509526e-07,0.0,8.79115744235875e-08,1.2866746865265288e-06
125,0.00039914767601852407,3.6579167304589635e-07,0.0,2.726057467106592e-07,3.7186709816287513e-07,0.0,7.292011241350213e-08,1.2566917625063581e-06
126,0.0004023408574266723,3.508002110358107e-07,0.0,2.618892921868743e-07,3.646902510452826e-07,0.0,5.792865040341651e-08,1.2267088384861869e-06
127,0.0004055340388348205,3.3580874902572535e-07,0.0,2.5122197776409166e-07,3.5764023844071874e-07,0.0,4.293718839333115e-08,1.1964796231099692e-06
128,0.00040872722024296867,3.2081728701564e-07,0.0,2.406209991457593e-07,3.5072417027882344e-07,0.0,2.7945726383245787e-08,1.1666017995571446e-06
129,0.00041192040165111685,3.058258250055546e-07,0.0,2.301987420335256e-07,3.439329600336448e-07,0.0,1.2954264373160426e-08,1.1487245355401185e-06
130,0.00041511358305926503,2.908343629954693e-07,0.0,2.2010046132945677e-07,3.3719819030963647e-07,0.0,0.0,1.1336269728400704e-06
131,0.00041830676446741327,2.7584290098538365e-07,0.0,2.1200384925753047e-07,3.29983077258383e-07,0.0,0.0,1.1186355108299847e-06
132,0.00042149994587556145,2.608514389752983e-07,0.0,2.042082890122861e-07,3.229010700794971e-07,0.0,0.0,1.1036440488198995e-06
133,0.00042469312728370964,2.458599769652129e-07,0.0,1.9641272876704172e-07,3.159349092097298e-07,0.0,0.0,1.0886525868098141e-06
134,0.0004278863086918578,2.3086851495512757e-07,0.0,1.8862118374330842e-07,3.09089948596902e-07,0.0,0.0,1.0736611247997287e-06
135,0.000431079490100006,2.158770529450422e-07,0.0,1.8084061496007407e-07,3.0237004483096603e-07,0.0,0.0,1.0586696627896435e-06
136,0.00043427267150815424,2.008855909349566e-07,0.0,1.7306004617683964e-07,2.957908133519378e-07,0.0,0.0,1.0436782007795578e-06
137,0.0004374658529163024,1.8589412892487122e-07,0.0,1.6527947739360532e-07,2.893618497324723e-07,0.0,0.0,1.0286867387694724e-06
138,0.0004406590343244506,1.7090266691478585e-07,0.0,1.5749890861037108e-07,2.830933917679266e-07,0.0,0.0,1.013695276759387e-06
139,0.0004438522157325988,1.559112049047005e-07,0.0,1.4971833982713676e-07,2.7699633645522245e-07,0.0,0.0,9.987038147493018e-07
140,0.00044704539714074696,1.4091974289461514e-07,0.0,1.4194876866309842e-07,2.710762616893643e-07,0.0,0.0,9.837123527392164e-07
141,0.0004502385785488952,1.2592828088452953e-07,0.0,1.3463492328823814e-07,2.651437368249237e-07,0.0,0.0,9.687208907291307e-07
142,0.0004534317599570434,1.1093681887444416e-07,0.0,1.2863727927568031e-07,2.5896106711185694e-07,0.0,0.0,9.447596788061654e-07
143,0.00045662494136519157,9.594535686435879e-08,0.0,1.2284155657975754e-07,2.52921182010393e-07,0.0,0.0,9.147767547859947e-07
144,0.00045981812277333975,8.095389485427344e-08,0.0,1.1705485224386457e-07,2.4702044598379703e-07,0.0,0.0,8.847938307658239e-07
145,0.00046301130418148793,6.596243284418808e-08,0.0,1.1126814790797163e-07,2.4127102860106904e-07,0.0,0.0,8.548109067456532e-07
146,0.00046620448558963617,5.097097083410246e-08,0.0,1.0548144357207858e-07,2.356840041964774e-07,0.0,0.0,8.24827982725482e-07
147,0.00046939766699778435,3.5979508824017094e-08,0.0,9.977826701083536e-08,2.3027001548087462e-07,0.0,0.0,7.948450587053113e-07
148,0.00047259084840593253,2.098804681393173e-08,0.0,9.44278146563771e-08,2.2501507219473206e-07,0.0,0.0,7.649157709511733e-07
149,0.0004757840298140807,5.996584803846369e-09,0.0,8.961481109344268e-08,2.197916258975804e-07,0.0,0.0,7.349328469310026e-07
150,0.0004789772112222289,0.0,0.0,8.510837761321739e-08,2.146975955893772e-07,0.0,0.0,7.049499229108318e-07
151,0.0004821703926303771,0.0,0.0,8.080582801632291e-08,2.0972576494817096e-07,0.0,0.0,6.749669988906611e-07
152,0.0004853635740385253,0.0,0.0,7.708581530120579e-08,2.0474428344904204e-07,0.0,0.0,6.54449773825233e-07
153,0.0004885567554466734,0.0,0.0,7.4152889857071e-08,1.996361520040774e-07,0.0,0.0,6.394583118151479e-07
154,0.0004917499368548217,0.0,0.0,7.125953768912448e-08,1.945814964250223e-07,0.0,0.0,6.244668498050623e-07
155,0.0004949431182629699,0.0,0.0,6.836618552117796e-08,1.8959826333176963e-07,0.0,0.0,6.094753877949767e-07
156,0.000498136299671118,0.0,0.0,6.547283335323154e-08,1.8469223402532078e-07,0.0,0.0,5.944839257848916e-07
157,0.0005013294810792663,0.0,0.0,6.257948118528501e-08,1.7986972592274397e-07,0.0,0.0,5.794924637748059e-07
158,0.0005045226624874144,0.0,0.0,5.968612901733858e-08,1.7513763856235857e-07,0.0,0.0,5.645010017647208e-07
159,0.0005077158438955626,0.0,0.0,5.679277684939205e-08,1.7050350061595525e-07,0.0,0.0,5.495095397546353e-07
160,0.0005109090253037109,0.0,0.0,5.389942468144552e-08,1.659755167089674e-07,0.0,0.0,5.345180777445496e-07
161,0.000514102206711859,0.0,0.0,5.10060725134991e-08,1.6156261236666574e-07,0.0,0.0,5.195266157344645e-07
162,0.0005172953881200072,0.0,0.0,4.811272034555258e-08,1.5727447480787002e-07,0.0,0.0,5.045351537243789e-07
163,0.0005204885695281554,0.0,0.0,4.5681310667950505e-08,1.5307254834370925e-07,0.0,0.0,4.895436917142938e-07
164,0.0005236817509363036,0.0,0.0,4.3649242994732915e-08,1.4894290568291278e-07,0.0,0.0,4.7455222970420817e-07
165,0.0005268749323444518,0.0,0.0,4.162539562337135e-08,1.4488971876944307e-07,0.0,0.0,4.5956076769412253e-07
166,0.0005300681137526,0.0,0.0,3.9601548252009866e-08,1.409191720328613e-07,0.0,0.0,4.4456930568403743e-07
167,0.0005332612951607482,0.0,0.0,3.75777008806483e-08,1.3703844890134036e-07,0.0,0.0,4.2957784367395185e-07
168,0.0005364544765688963,0.0,0.0,3.5553853509286816e-08,1.3325539725528302e-07,0.0,0.0,4.1458638166386674e-07
169,0.0005396476579770446,0.0,0.0,3.3530006137925265e-08,1.295785719459843e-07,0.0,0.0,3.995949196537811e-07
170,0.0005428408393851928,0.0,0.0,3.15061587665637e-08,1.2601727146299272e-07,0.0,0.0,3.8460345764369547e-07
171,0.0005460340207933409,0.0,0.0,2.9482311395202206e-08,1.2258156507368481e-07,0.0,0.0,3.6961199563361037e-07
172,0.0005492272022014892,0.0,0.0,2.7503439112540916e-08,1.193020563523725e-07,0.0,0.0,3.546205336235248e-07
173,0.0005524203836096373,0.0,0.0,2.5603851052090066e-08,1.1615426650637213e-07,0.0,0.0,3.396290716134397e-07
174,0.0005556135650177855,0.0,0.0,2.4354221968271154e-08,1.131335489980931e-07,0.0,0.0,3.2463760960335404e-07
175,0.0005588067464259338,0.0,0.0,2.333330340538531e-08,1.1014827770117545e-07,0.0,0.0,3.096461475932684e-07
176,0.0005619999278340819,0.0,0.0,2.234386691271969e-08,1.0720275165806247e-07,0.0,0.0,2.946546855831833e-07
177,0.0005651931092422301,0.0,0.0,2.1354430420054043e-08,1.043070122838691e-07,0.0,0.0,2.7966322357309767e-07
178,0.0005683862906503783,0.0,0.0,2.036499392738842e-08,1.0146532228360992e-07,0.0,0.0,2.6467176156301257e-07
179,0.0005715794720585265,0.0,0.0,1.937555743472277e-08,9.868235103932561e-08,0.0,0.0,2.49680299552927e-07
180,0.0005747726534666747,0.0,0.0,1.8386120942057122e-08,9.596320728895481e-08,0.0,0.0,2.3468883754284135e-07
181,0.0005779658348748229,0.0,0.0,1.7396684449391506e-08,9.331347097670151e-08,0.0,0.0,2.1969737553275624e-07
182,0.0005811590162829711,0.0,0.0,1.6407247956725853e-08,9.073922274440368e-08,0.0,0.0,2.0470591352267064e-07
183,0.0005843521976911192,0.0,0.0,1.5417811464060237e-08,8.824706900968329e-08,0.0,0.0,1.8971445151258553e-07
184,0.0005875453790992675,0.0,0.0,1.443651148405617e-08,8.584277225872267e-08,0.0,0.0,1.747229895024999e-07
185,0.0005907385605074157,0.0,0.0,1.37805602907782e-08,8.345201218101842e-08,0.0,0.0,1.597315274924143e-07
186,0.0005939317419155638,0.0,0.0,1.3165910348364708e-08,8.109529086610635e-08,0.0,0.0,1.4474006548232918e-07
187,0.0005971249233237121,0.0,0.0,1.2551260405951199e-08,7.878036029861422e-08,0.0,0.0,1.2974860347224357e-07
188,0.0006003181047318602,0.0,0.0,1.1936610463537711e-08,7.651101385698725e-08,0.0,0.0,1.1475714146215846e-07
189,0.0006035112861400084,0.0,0.0,1.1321960521124199e-08,7.42914289712617e-08,0.0,0.0,9.976567945207283e-08
190,0.0006067044675481567,0.0,0.0,1.0707310578710688e-08,7.212619981867618e-08,0.0,0.0,8.477421744198723e-08
191,0.0006098976489563048,0.0,0.0,1.0092660636297199e-08,7.002036908285084e-08,0.0,0.0,6.978275543190212e-08
192,0.000613090830364453,0.0,0.0,9.478010693883688e-09,6.797945702370115e-08,0.0,0.0,5.47912934218165e-08
193,0.0006162840117726012,0.0,0.0,8.8633607514702e-09,6.600948547367478e-08,0.0,0.0,3.9799831411731395e-08
194,0.0006194771931807494,0.0,0.0,8.248710809056688e-09,6.41169936310555e-08,0.0,0.0,2.4808369401645773e-08
195,0.0006226703745888976,0.0,0.0,7.679897813466956e-09,6.230227780946936e-08,0.0,0.0,9.816907391560159e-09
196,0.0006258635559970458,0.0,0.0,7.309926940683537e-09,6.051759494314262e-08,0.0,0.0,0.0
197,0.000629056737405194,0.0,0.0,6.980114776461654e-09,5.875928849509202e-08,0.0,0.0,0.0
198,0.0006322499188133421,0.0,0.0,6.661933711428243e-09,5.702910769224505e-08,0.0,0.0,0.0
199,0.0006354431002214904,0.0,0.0,6.347113009216445e-09,5.532810218563989e-08,0.0,0.0,0.0
200,0.0006386362816296386,0.0,0.0,6.044285476612809e-09,5.365668614951836e-08,0.0,0.0,0.0
201,0.0006418294630377867,0.0,0.0,5.7444562364111065e-09,5.20160622812596e-08,0.0,0.0,0.0
202,0.000645022644445935,0.0,0.0,5.444626996209395e-09,5.04095257159813e-08,0.0,0.0,0.0
203,0.0006482158258540831,0.0,0.0,5.144797756007692e-09,4.884044032904402e-08,0.0,0.0,0.0
204,0.0006514090072622313,0.0,0.0,4.84496851580598e-09,4.731253238965412e-08,0.0,0.0,0.0
205,0.0006546021886703796,0.0,0.0,4.5451392756042675e-09,4.5829920485110726e-08,0.0,0.0,0.0
206,0.0006577953700785277,0.0,0.0,4.285379014887511e-09,4.43907032495034e-08,0.0,0.0,0.0
207,0.0006609885514866759,0.0,0.0,4.097617756632342e-09,4.2969373307688916e-08,0.0,0.0,0.0
208,0.0006641817328948241,0.0,0.0,3.91772021251132e-09,4.156354783792477e-08,0.0,0.0,0.0
209,0.0006673749143029723,0.0,0.0,3.737822668390294e-09,4.0174922998084864e-08,0.0,0.0,0.0
210,0.0006705680957111205,0.0,0.0,3.557925124269266e-09,3.8805345373225146e-08,0.0,0.0,0.0
211,0.0006737612771192687,0.0,0.0,3.3780275801482454e-09,3.7456904353873284e-08,0.0,0.0,0.0
212,0.0006769544585274169,0.0,0.0,3.1981300360272167e-09,3.6131966464914214e-08,0.0,0.0,0.0
213,0.000680147639935565,0.0,0.0,3.018232491906196e-09,3.4833213748875954e-08,0.0,0.0,0.0
214,0.0006833408213437133,0.0,0.0,2.8383349477851685e-09,3.3563686062986e-08,0.0,0.0,0.0
215,0.0006865340027518614,0.0,0.0,2.6584374036641472e-09,3.232682673571807e-08,0.0,0.0,0.0
216,0.0006897271841600096,0.0,0.0,2.47853985954312e-09,3.1126530389270846e-08,0.0,0.0,0.0
217,0.0006929203655681579,0.0,0.0,2.340604732411714e-09,2.9958056239625476e-08,0.0,0.0,0.0
218,0.000696113546976306,0.0,0.0,2.2356644983411185e-09,2.8797434072770628e-08,0.0,0.0,0.0
219,0.0006993067283844542,0.0,0.0,2.130724264270519e-09,2.7644652328644312e-08,0.0,0.0,0.0
220,0.0007024999097926023,0.0,0.0,2.0257840301999233e-09,2.6500734201992355e-08,0.0,0.0,0.0
221,0.0007056930912007506,0.0,0.0,1.920843796129324e-09,2.5366878834313575e-08,0.0,0.0,0.0
222,0.0007088862726088988,0.0,0.0,1.8159035620587246e-09,2.4244498097957006e-08,0.0,0.0,0.0
223,0.000712079454017047,0.0,0.0,1.710963327988129e-09,2.3135262088983143e-08,0.0,0.0,0.0
224,0.0007152726354251952,0.0,0.0,1.6060230939175296e-09,2.2041155448548622e-08,0.0,0.0,0.0
225,0.0007184658168333433,0.0,0.0,1.501082859846934e-09,2.0964547044122926e-08,0.0,0.0,0.0
226,0.0007216589982414916,0.0,0.0,1.3961426257763346e-09,1.990827590979246e-08,0.0,0.0,0.0
227,0.0007248521796496398,0.0,0.0,1.2912023917057353e-09,1.887575652292162e-08,0.0,0.0,0.0
228,0.0007280453610577879,0.0,0.0,1.208383811373993e-09,1.786276801997792e-08,0.0,0.0,0.0
229,0.0007312385424659362,0.0,0.0,1.1334265013235649e-09,1.6855618950619405e-08,0.0,0.0,0.0
230,0.0007344317238740843,0.0,0.0,1.0584691912731392e-09,1.5855085608640682e-08,0.0,0.0,0.0
231,0.0007376249052822325,0.0,0.0,9.835118812227112e-10,1.4862504152466425e-08,0.0,0.0,0.0
232,0.0007408180866903808,0.0,0.0,9.085545711722833e-10,1.3879580695495035e-08,0.0,0.0,0.0
233,0.0007440112680985289,0.0,0.0,8.335972611218576e-10,1.290852166049018e-08,0.0,0.0,0.0
234,0.0007472044495066771,0.0,0.0,7.586399510714294e-10,1.1952219175192751e-08,0.0,0.0,0.0
235,0.0007503976309148252,0.0,0.0,6.836826410210041e-10,1.101451749012451e-08,0.0,0.0,0.0
236,0.0007535908123229735,0.0,0.0,6.087253309705759e-10,1.0100598420122841e-08,0.0,0.0,0.0
237,0.0007567839937311217,0.0,0.0,5.337680209201479e-10,9.21753882144426e-09,0.0,0.0,0.0
238,0.0007599771751392698,0.0,0.0,4.588107108697223e-10,8.375105729540953e-09,0.0,0.0,0.0
239,0.0007631703565474181,0.0,0.0,4.1131174150021487e-10,7.560489220139439e-09,0.0,0.0,0.0
240,0.0007663635379555662,0.0,0.0,3.6633735546995957e-10,6.747313531084996e-09,0.0,0.0,0.0
241,0.0007695567193637144,0.0,0.0,3.2136296943970266e-10,5.936096907737516e-09,0.0,0.0,0.0
242,0.0007727499007718627,0.0,0.0,2.7638858340944585e-10,5.12776921104262e-09,0.0,0.0,0.0
243,0.0007759430821800108,0.0,0.0,2.3141419737919057e-10,4.323950929156672e-09,0.0,0.0,0.0
244,0.000779136263588159,0.0,0.0,1.8643981134893371e-10,3.5277259199328422e-09,0.0,0.0,0.0
245,0.0007823294449963072,0.0,0.0,1.4146542531867838e-10,2.745708044740326e-09,0.0,0.0,0.0
246,0.0007855226264044554,0.0,0.0,9.649103928842152e-11,1.994677703317188e-09,0.0,0.0,0.0
247,0.0007887158078126036,0.0,0.0,5.85597962384633e-11,1.3091592748215528e-09,0.0,0.0,0.0
248,0.0007919089892207518,0.0,0.0,2.8576872218293084e-11,6.394525515352955e-10,0.0,0.0,0.0
249,0.0007951021706289,0.0,0.0,0.0,0.0,0.0,0.0,0.0
