predicted,lower_50,upper_50,lower_80,upper_80,lower_90,upper_90,lower_95,upper_95,model,target,train_end,holdout_year,horizon,date,observed
2.485444642126116e-05,1.6054997733433205e-05,3.2389410142084945e-05,1.4086383267185301e-05,3.915821035790604e-05,1.3720767275726894e-05,4.3650386005025135e-05,1.3010786115166622e-05,4.481187913503531e-05,mean_residual_bootstrap,statewide_rate,2021-12-01,2022,1,2022-01-01,3.741593001928536e-05
2.485444642126116e-05,1.6071335994608325e-05,3.223431565148224e-05,1.4086383267185301e-05,3.915821035790604e-05,1.346024637808651e-05,4.3650386005025135e-05,1.3010786115166622e-05,4.496300836354454e-05,mean_residual_bootstrap,statewide_rate,2021-12-01,2022,2,2022-02-01,3.4354626654071106e-05
2.485444642126116e-05,1.600598294990785e-05,3.2389410142084945e-05,1.4086383267185301e-05,3.915821035790604e-05,1.346024637808651e-05,4.3093091191525674e-05,1.273616929990577e-05,4.481187913503531e-05,mean_residual_bootstrap,statewide_rate,2021-12-01,2022,3,2022-03-01,4.05622695890889e-05
2.485444642126116e-05,1.59418717767528e-05,3.282810567664112e-05,1.3999430284054527e-05,3.935325684748794e-05,1.3357740411571065e-05,4.404513595591874e-05,1.273616929990577e-05,4.496300836354454e-05,mean_residual_bootstrap,statewide_rate,2021-12-01,2022,4,2022-04-01,3.5375061109142526e-05
2.485444642126116e-05,1.6325976252130734e-05,3.339592513485522e-05,1.4086383267185301e-05,3.935325684748794e-05,1.346024637808651e-05,4.3650386005025135e-05,1.273616929990577e-05,4.481187913503531e-05,mean_residual_bootstrap,statewide_rate,2021-12-01,2022,5,2022-05-01,3.6055350745856803e-05
2.485444642126116e-05,1.6325976252130734e-05,3.2658451383738585e-05,1.4086383267185301e-05,3.915821035790604e-05,1.346024637808651e-05,4.3093091191525674e-05,1.3010786115166622e-05,4.481187913503531e-05,mean_residual_bootstrap,statewide_rate,2021-12-01,2022,6,2022-06-01,3.66506041779818e-05
2.485444642126116e-05,1.5804934456849966e-05,3.1810179919225896e-05,1.3999430284054527e-05,3.915821035790604e-05,1.3357740411571065e-05,4.3093091191525674e-05,1.2730390144576588e-05,4.481187913503531e-05,mean_residual_bootstrap,statewide_rate,2021-12-01,2022,7,2022-07-01,4.107248681662461e-05
2.485444642126116e-05,1.6325976252130734e-05,3.2658451383738585e-05,1.4086383267185301e-05,3.935325684748794e-05,1.3707741230844879e-05,4.31209559322005e-05,1.3010786115166622e-05,4.481187913503531e-05,mean_residual_bootstrap,statewide_rate,2021-12-01,2022,8,2022-08-01,3.903161790648177e-05
2.485444642126116e-05,1.6071335994608325e-05,3.223431565148224e-05,1.4086383267185301e-05,3.915821035790604e-05,1.3720767275726894e-05,4.3093091191525674e-05,1.3003920694785103e-05,4.481187913503531e-05,mean_residual_bootstrap,statewide_rate,2021-12-01,2022,9,2022-09-01,3.639549556421394e-05
2.485444642126116e-05,1.59418717767528e-05,3.282810567664112e-05,1.4086383267185301e-05,3.915821035790604e-05,1.3357740411571065e-05,4.3093091191525674e-05,1.273616929990577e-05,4.481187913503531e-05,mean_residual_bootstrap,statewide_rate,2021-12-01,2022,10,2022-10-01,4.209292127169603e-05
2.485444642126116e-05,1.5786420486402168e-05,3.2658451383738585e-05,1.3999430284054527e-05,3.935325684748794e-05,1.3357740411571065e-05,4.3650386005025135e-05,1.273616929990577e-05,4.496300836354454e-05,mean_residual_bootstrap,statewide_rate,2021-12-01,2022,11,2022-11-01,3.77560748376425e-05
2.485444642126116e-05,1.6152295653703814e-05,3.282810567664112e-05,1.4086383267185301e-05,3.935325684748794e-05,1.3357740411571065e-05,4.3093091191525674e-05,1.2505003086738435e-05,4.481187913503531e-05,mean_residual_bootstrap,statewide_rate,2021-12-01,2022,12,2022-12-01,4.1157523021213896e-05
3.790832085092791e-05,3.620839614909258e-05,3.955828653598368e-05,3.4793643087702594e-05,4.1263191958973125e-05,3.36486365225025e-05,4.237225360487139e-05,3.3052280716522945e-05,4.4779319713480705e-05,naive_residual_bootstrap,statewide_rate,2021-12-01,2022,1,2022-01-01,3.741593001928536e-05
3.790832085092791e-05,3.5528165486925185e-05,4.025758718490926e-05,3.340771429331907e-05,4.288848404770934e-05,3.211226626811862e-05,4.495005194052476e-05,3.0927955892213125e-05,4.741108193213134e-05,naive_residual_bootstrap,statewide_rate,2021-12-01,2022,2,2022-02-01,3.4354626654071106e-05
3.790832085092791e-05,3.499492869556e-05,4.112697968689336e-05,3.2205097119507485e-05,4.446305907597215e-05,3.062189642995717e-05,4.6944693246927484e-05,2.9165633130022665e-05,5.0083059035713304e-05,naive_residual_bootstrap,statewide_rate,2021-12-01,2022,3,2022-03-01,4.05622695890889e-05
3.790832085092791e-05,3.446936803983505e-05,4.1642857093067206e-05,3.130347713411203e-05,4.5998809927810965e-05,2.9326046740715336e-05,4.9146647935864575e-05,2.766529695591991e-05,5.28653280650979e-05,naive_residual_bootstrap,statewide_rate,2021-12-01,2022,4,2022-04-01,3.5375061109142526e-05
3.790832085092791e-05,3.412638630642872e-05,4.240378204742613e-05,3.061198856182489e-05,4.692299893856822e-05,2.820253380031974e-05,5.0553923505371956e-05,2.655250598719316e-05,5.413407044063552e-05,naive_residual_bootstrap,statewide_rate,2021-12-01,2022,5,2022-05-01,3.6055350745856803e-05
3.790832085092791e-05,3.399216061542515e-05,4.288808258658903e-05,2.9756308928937632e-05,4.838924865546735e-05,2.7252222894071614e-05,5.195037223234488e-05,2.4972402587146218e-05,5.5975127661049204e-05,naive_residual_bootstrap,statewide_rate,2021-12-01,2022,6,2022-06-01,3.66506041779818e-05
3.790832085092791e-05,3.3479392511154915e-05,4.344098537127358e-05,2.9055023920544926e-05,4.9221529828352675e-05,2.6392719212529183e-05,5.342869739715105e-05,2.3898348993037256e-05,5.747255013021513e-05,naive_residual_bootstrap,statewide_rate,2021-12-01,2022,7,2022-07-01,4.107248681662461e-05
3.790832085092791e-05,3.308904365646741e-05,4.4124463355646996e-05,2.8564421917359458e-05,5.0352088251167904e-05,2.5430463738904782e-05,5.4553262975555073e-05,2.3495420000361585e-05,5.808235029575738e-05,naive_residual_bootstrap,statewide_rate,2021-12-01,2022,8,2022-08-01,3.903161790648177e-05
3.790832085092791e-05,3.273106845546718e-05,4.443140801246578e-05,2.7840433804274127e-05,5.098910668667242e-05,2.5149051754980746e-05,5.525051238410027e-05,2.2762627279217864e-05,5.933638454097194e-05,naive_residual_bootstrap,statewide_rate,2021-12-01,2022,9,2022-09-01,3.639549556421394e-05
3.790832085092791e-05,3.247838220385426e-05,4.496788792758168e-05,2.7435071243860564e-05,5.174653054362238e-05,2.457711103737632e-05,5.624989051694219e-05,2.1877200224074344e-05,6.058048126358537e-05,naive_residual_bootstrap,statewide_rate,2021-12-01,2022,10,2022-10-01,4.209292127169603e-05
3.790832085092791e-05,3.241525114816432e-05,4.539939682677992e-05,2.743590721077192e-05,5.2395815973709616e-05,2.395313824142792e-05,5.717691408218177e-05,2.1556847157954794e-05,6.168191642115037e-05,naive_residual_bootstrap,statewide_rate,2021-12-01,2022,11,2022-11-01,3.77560748376425e-05
3.790832085092791e-05,3.227608531196416e-05,4.589354104997613e-05,2.6870195313837242e-05,5.270403793611032e-05,2.3686145060022787e-05,5.7894346570928285e-05,2.0743269046074554e-05,6.24587465394677e-05,naive_residual_bootstrap,statewide_rate,2021-12-01,2022,12,2022-12-01,4.1157523021213896e-05
3.8041404301116414e-05,3.620839614909258e-05,3.9645126835197134e-05,3.476971643223095e-05,4.125627041638552e-05,3.3591271433886344e-05,4.19976178062163e-05,3.273386491740049e-05,4.290904468451331e-05,drift_residual_bootstrap,statewide_rate,2021-12-01,2022,1,2022-01-01,3.741593001928536e-05
3.817448775130492e-05,3.5608041950708995e-05,4.037139181864276e-05,3.3424989600888835e-05,4.267122479978779e-05,3.220964520760441e-05,4.4245777139443605e-05,3.0926461529681865e-05,4.6072507228525466e-05,drift_residual_bootstrap,statewide_rate,2021-12-01,2022,2,2022-02-01,3.4354626654071106e-05
3.830757120149343e-05,3.519459357743358e-05,4.1068022151914845e-05,3.241533367114063e-05,4.421965073231275e-05,3.0753100236447515e-05,4.632431590442918e-05,2.919682375634416e-05,4.90230758681219e-05,drift_residual_bootstrap,statewide_rate,2021-12-01,2022,3,2022-03-01,4.05622695890889e-05
3.8440654651681935e-05,3.458269286530352e-05,4.193383154422429e-05,3.155414883060782e-05,4.5455849951983874e-05,2.9745578972580684e-05,4.786802022815112e-05,2.7888932411958337e-05,5.103771116501455e-05,drift_residual_bootstrap,statewide_rate,2021-12-01,2022,4,2022-04-01,3.5375061109142526e-05
3.857373810187044e-05,3.428311872444207e-05,4.2510128954123893e-05,3.0612892689123134e-05,4.6458326484157e-05,2.865945697925895e-05,4.936535258410221e-05,2.6836410551496186e-05,5.236774703551588e-05,drift_residual_bootstrap,statewide_rate,2021-12-01,2022,5,2022-05-01,3.6055350745856803e-05
3.8706821552058945e-05,3.380437943067044e-05,4.3014090513742584e-05,3.0171539785908333e-05,4.7674992087436085e-05,2.7835876993662936e-05,5.1032797291622875e-05,2.580223104769308e-05,5.427557246811251e-05,drift_residual_bootstrap,statewide_rate,2021-12-01,2022,6,2022-06-01,3.66506041779818e-05
3.883990500224745e-05,3.349933116988457e-05,4.3572101811508174e-05,2.9474476688884857e-05,4.863409912998662e-05,2.6881668405103173e-05,5.206198317947919e-05,2.489161389211178e-05,5.546770332968964e-05,drift_residual_bootstrap,statewide_rate,2021-12-01,2022,7,2022-07-01,4.107248681662461e-05
3.8972988452435955e-05,3.3180835142705904e-05,4.4121430049880804e-05,2.8532135173051514e-05,4.9876090308418656e-05,2.6091009241422025e-05,5.36964200600879e-05,2.3872791244207762e-05,5.7039039439861195e-05,drift_residual_bootstrap,statewide_rate,2021-12-01,2022,8,2022-08-01,3.903161790648177e-05
3.910607190262447e-05,3.285710370987995e-05,4.42059131783039e-05,2.8007859724024713e-05,5.066428900815952e-05,2.551093865936341e-05,5.4652468538083106e-05,2.3059303603763e-05,5.8119446026046396e-05,drift_residual_bootstrap,statewide_rate,2021-12-01,2022,9,2022-09-01,3.639549556421394e-05
3.923915535281297e-05,3.2617023569999105e-05,4.4737778164023346e-05,2.7435816811585238e-05,5.149987877360513e-05,2.4576696098342823e-05,5.551244604552636e-05,2.170005132909313e-05,5.9570405626697745e-05,drift_residual_bootstrap,statewide_rate,2021-12-01,2022,10,2022-10-01,4.209292127169603e-05
3.937223880300148e-05,3.236641073898758e-05,4.555062368279408e-05,2.701887713132636e-05,5.208842123006671e-05,2.378482766875088e-05,5.621281804967478e-05,2.1554536978860317e-05,5.969603212740724e-05,drift_residual_bootstrap,statewide_rate,2021-12-01,2022,11,2022-11-01,3.77560748376425e-05
3.950532225318998e-05,3.219096086364722e-05,4.5909190237090604e-05,2.6543537659823435e-05,5.282596366717109e-05,2.321802288200357e-05,5.722951816781977e-05,2.044221459734868e-05,6.0317451164396795e-05,drift_residual_bootstrap,statewide_rate,2021-12-01,2022,12,2022-12-01,4.1157523021213896e-05
4.2498117545883304e-05,4.204562498269593e-05,4.6642965115989546e-05,3.9918374879200476e-05,5.064090255858983e-05,3.3316468758992456e-05,5.382775592417908e-05,2.9737241254760523e-05,5.7660175789403325e-05,seasonal_naive_residual_bootstrap,statewide_rate,2021-12-01,2022,1,2022-01-01,3.741593001928536e-05
3.586841120872551e-05,3.55027952172671e-05,4.001325877883175e-05,3.328866854204268e-05,4.414843441239281e-05,2.8397920608902115e-05,4.719804958702128e-05,2.5241929866626235e-05,5.103046945224553e-05,seasonal_naive_residual_bootstrap,statewide_rate,2021-12-01,2022,2,2022-02-01,3.4354626654071106e-05
4.496300836354454e-05,4.456841467477242e-05,4.910785593365078e-05,4.238326569686171e-05,5.3119517195347134e-05,3.922850723310965e-05,5.6292646741840315e-05,3.433652702144527e-05,6.012506660706456e-05,seasonal_naive_residual_bootstrap,statewide_rate,2021-12-01,2022,3,2022-03-01,4.05622695890889e-05
4.436803471790217e-05,4.413794772114576e-05,4.85895554622231e-05,4.2357470821194e-05,5.25108197306087e-05,3.9529624943473355e-05,5.5697673096197945e-05,3.37415533758029e-05,6.027579691094931e-05,seasonal_naive_residual_bootstrap,statewide_rate,2021-12-01,2022,4,2022-04-01,3.5375061109142526e-05
4.3093091191525674e-05,4.2902861751515724e-05,4.7506508754740446e-05,4.073202536967378e-05,5.12358762042322e-05,3.5622600591702285e-05,5.448349209566979e-05,3.24666098494264e-05,5.900085338457281e-05,seasonal_naive_residual_bootstrap,statewide_rate,2021-12-01,2022,5,2022-05-01,3.6055350745856803e-05
3.858829073166204e-05,3.822267474020364e-05,4.280981147598297e-05,3.598227272744041e-05,4.673107574436857e-05,2.9406641944771194e-05,4.991792910995782e-05,2.796180938956277e-05,5.3750348975182063e-05,seasonal_naive_residual_bootstrap,statewide_rate,2021-12-01,2022,6,2022-06-01,3.66506041779818e-05
4.2583113780975075e-05,4.222008691681925e-05,4.672796135108132e-05,4.000337111429225e-05,5.0725898793681604e-05,3.6848612650540187e-05,5.381087957418468e-05,3.227864539353796e-05,5.7745172024495096e-05,seasonal_naive_residual_bootstrap,statewide_rate,2021-12-01,2022,7,2022-07-01,4.107248681662461e-05
4.096818531423151e-05,4.060515845007568e-05,4.538160287744628e-05,3.838844264754868e-05,4.9568330917336384e-05,3.514688471032723e-05,5.235858621837562e-05,3.0341703972132235e-05,5.6875947507278644e-05,seasonal_naive_residual_bootstrap,statewide_rate,2021-12-01,2022,8,2022-08-01,3.903161790648177e-05
4.105318154932327e-05,4.0690154685167444e-05,4.543862047657564e-05,3.867024804298829e-05,4.965332715242815e-05,3.358269094949988e-05,5.244358245346739e-05,3.0426700207224e-05,5.696094374237041e-05,seasonal_naive_residual_bootstrap,statewide_rate,2021-12-01,2022,9,2022-09-01,3.639549556421394e-05
3.935325684748794e-05,3.899022998333211e-05,4.3738695774740306e-05,3.677351418080511e-05,4.749604186019447e-05,3.188276624766455e-05,5.0682895225783715e-05,2.8726775505388668e-05,5.451531509100796e-05,seasonal_naive_residual_bootstrap,statewide_rate,2021-12-01,2022,10,2022-10-01,4.209292127169603e-05
3.765333214565261e-05,3.7423245148896196e-05,4.206674970886738e-05,3.559149095624567e-05,4.6253477748757485e-05,3.191883101521772e-05,4.9043733049796724e-05,2.7026850803553337e-05,5.2834032987910874e-05,seasonal_naive_residual_bootstrap,statewide_rate,2021-12-01,2022,11,2022-11-01,3.77560748376425e-05
3.790832085092791e-05,3.762954515868296e-05,4.232173841414268e-05,3.584647966152097e-05,4.618834405459521e-05,3.217381972049302e-05,4.923795922922368e-05,2.7281839508828636e-05,5.3816083043975045e-05,seasonal_naive_residual_bootstrap,statewide_rate,2021-12-01,2022,12,2022-12-01,4.1157523021213896e-05
3.531614924462555e-05,3.12757134676782e-05,3.962738291044393e-05,2.8860256656668816e-05,4.328557240767865e-05,2.667173077040969e-05,4.623267987613804e-05,2.649141212863932e-05,4.669710322020057e-05,recent_5_year_same_month_bootstrap,statewide_rate,2021-12-01,2022,1,2022-01-01,3.741593001928536e-05
3.343092515946029e-05,2.9331165808901752e-05,3.774215882527867e-05,2.624591961306821e-05,4.1400348322513394e-05,2.477055820667858e-05,4.2926655049870055e-05,2.460618804347406e-05,4.481187913503531e-05,recent_5_year_same_month_bootstrap,statewide_rate,2021-12-01,2022,2,2022-02-01,3.4354626654071106e-05
3.6993585200491435e-05,3.28938258499329e-05,4.036252918758798e-05,2.9808579654099357e-05,4.422802826877408e-05,2.8333218247709728e-05,4.64893150909012e-05,2.8168848084505206e-05,4.837453917606646e-05,recent_5_year_same_month_bootstrap,statewide_rate,2021-12-01,2022,3,2022-03-01,4.05622695890889e-05
3.713359164961953e-05,3.303383229906099e-05,4.050253563671607e-05,2.994858610322745e-05,4.436803471790217e-05,2.847322469683782e-05,4.662932154002929e-05,2.8308854533633298e-05,4.851454562519455e-05,recent_5_year_same_month_bootstrap,statewide_rate,2021-12-01,2022,4,2022-04-01,3.5375061109142526e-05
4.079390697924683e-05,3.669414762868829e-05,4.416285096634337e-05,3.3608901432854746e-05,4.876333014229993e-05,3.213354002646512e-05,5.171043761075932e-05,3.19691698632606e-05,5.217486095482185e-05,recent_5_year_same_month_bootstrap,statewide_rate,2021-12-01,2022,5,2022-05-01,3.6055350745856803e-05
3.7819337238175765e-05,3.377890146122842e-05,4.118828122527231e-05,3.1363444650219034e-05,4.505378030645841e-05,2.9158970285394058e-05,4.731506712858553e-05,2.8994600122189536e-05,4.920029121375079e-05,recent_5_year_same_month_bootstrap,statewide_rate,2021-12-01,2022,6,2022-06-01,3.66506041779818e-05
3.7938614540831826e-05,3.389817876388448e-05,4.224984820665021e-05,3.075360899443975e-05,4.590803770388493e-05,2.9293398642687676e-05,4.885514517234432e-05,2.9113877424845597e-05,4.931956851640685e-05,recent_5_year_same_month_bootstrap,statewide_rate,2021-12-01,2022,7,2022-07-01,4.107248681662461e-05
3.484825526536658e-05,3.074849591480804e-05,3.8217199252463125e-05,2.8392362677409848e-05,4.2817678428419685e-05,2.620383679115072e-05,4.576478589687907e-05,2.602351814938035e-05,4.6229209240941604e-05,recent_5_year_same_month_bootstrap,statewide_rate,2021-12-01,2022,8,2022-08-01,3.903161790648177e-05
3.603846606546272e-05,3.1938706714904186e-05,3.940741005255927e-05,2.8853460519070645e-05,4.400788922851583e-05,2.7394047591246864e-05,4.553419595587249e-05,2.7213728949476493e-05,4.741942004103775e-05,recent_5_year_same_month_bootstrap,statewide_rate,2021-12-01,2022,9,2022-09-01,3.639549556421394e-05
3.484697669208766e-05,3.080654091514031e-05,3.915821035790604e-05,2.766197114569558e-05,4.20814197603703e-05,2.618660973930595e-05,4.4342706582497424e-05,2.602223957610143e-05,4.622793066766268e-05,recent_5_year_same_month_bootstrap,statewide_rate,2021-12-01,2022,10,2022-10-01,4.209292127169603e-05
3.455873275308854e-05,3.0458973402530006e-05,3.792767674018509e-05,2.810284016513181e-05,4.252815591614165e-05,2.5914314278872684e-05,4.405446264349831e-05,2.5733995637102314e-05,4.593968672866357e-05,recent_5_year_same_month_bootstrap,statewide_rate,2021-12-01,2022,11,2022-11-01,3.77560748376425e-05
3.453937686383136e-05,3.0439617513272827e-05,3.885061052964975e-05,2.7354371317439286e-05,4.250880002688447e-05,2.5879009911049656e-05,4.545590749534386e-05,2.5714639747845134e-05,4.592033083940639e-05,recent_5_year_same_month_bootstrap,statewide_rate,2021-12-01,2022,12,2022-12-01,4.1157523021213896e-05
4.477004533181076e-05,4.4052021872349476e-05,4.547731492753624e-05,4.31978954662179e-05,4.675420590586826e-05,4.269083534811736e-05,5.1588157453989145e-05,4.074124074933778e-05,5.6595059283763977e-05,stl_loess_residual_bootstrap,statewide_rate,2021-12-01,2022,1,2022-01-01,3.741593001928536e-05
3.947277040210192e-05,3.88308982003984e-05,4.018380876914777e-05,3.8177097847518794e-05,4.130472168621986e-05,3.739356041840852e-05,4.386969673410804e-05,3.5469519402166644e-05,4.788646109884542e-05,stl_loess_residual_bootstrap,statewide_rate,2021-12-01,2022,2,2022-02-01,3.4354626654071106e-05
4.772103155821039e-05,4.70745749299638e-05,4.8428301153935866e-05,4.6362544190892037e-05,4.966635638849258e-05,4.559989915695094e-05,5.238336996531167e-05,4.369222697573741e-05,5.646312443114989e-05,stl_loess_residual_bootstrap,statewide_rate,2021-12-01,2022,3,2022-03-01,4.05622695890889e-05
4.514125915018905e-05,4.449480252194246e-05,4.5852297517234896e-05,4.384558659560592e-05,4.7086583980471236e-05,4.3213901467343665e-05,4.953818548219517e-05,4.113800815025377e-05,5.388335202312855e-05,stl_loess_residual_bootstrap,statewide_rate,2021-12-01,2022,4,2022-04-01,3.5375061109142526e-05
4.592574498216647e-05,4.5270250147663405e-05,4.6633394489573975e-05,4.4567257614848116e-05,4.787106981244866e-05,4.384653499847307e-05,5.032267131417259e-05,4.192249398223119e-05,5.466783785510597e-05,stl_loess_residual_bootstrap,statewide_rate,2021-12-01,2022,5,2022-05-01,3.6055350745856803e-05
4.318120838697563e-05,4.249859893370313e-05,4.3889997629429214e-05,4.1885535832392504e-05,4.516536896103313e-05,4.125385070413025e-05,4.9999320509154014e-05,3.9177957387040354e-05,5.5006222338928845e-05,stl_loess_residual_bootstrap,statewide_rate,2021-12-01,2022,6,2022-06-01,3.66506041779818e-05
4.695344519657618e-05,4.631310113705369e-05,4.7662234439029766e-05,4.5657772641993056e-05,4.889877002685837e-05,4.508177641094659e-05,5.1615783603677456e-05,4.3083319609131865e-05,5.569553806951568e-05,stl_loess_residual_bootstrap,statewide_rate,2021-12-01,2022,7,2022-07-01,4.107248681662461e-05
4.448206179177108e-05,4.379945233849858e-05,4.5193100158816935e-05,4.312357442445273e-05,4.642738662205327e-05,4.240285180807768e-05,4.914440019887236e-05,4.04788107918358e-05,5.6307075743724296e-05,stl_loess_residual_bootstrap,statewide_rate,2021-12-01,2022,8,2022-08-01,3.903161790648177e-05
4.595814691332034e-05,4.531169028507375e-05,4.666693615577392e-05,4.4662474358737214e-05,4.794230748737784e-05,4.4030789230474956e-05,5.277625903549872e-05,4.195489591338506e-05,5.7783160865273554e-05,stl_loess_residual_bootstrap,statewide_rate,2021-12-01,2022,9,2022-09-01,3.639549556421394e-05
4.4969643101853714e-05,4.4287033648581213e-05,4.563993089894218e-05,4.361115573453536e-05,4.6594067303647107e-05,4.304228541900833e-05,4.883833709839297e-05,4.096639210191844e-05,5.3711735974793216e-05,stl_loess_residual_bootstrap,statewide_rate,2021-12-01,2022,10,2022-10-01,4.209292127169603e-05
4.267471454105088e-05,4.203437048152839e-05,4.337822376564006e-05,4.1379041986467754e-05,4.462003937133307e-05,4.07473568582055e-05,4.7071640873057e-05,3.8671463541115603e-05,5.141680741399038e-05,stl_loess_residual_bootstrap,statewide_rate,2021-12-01,2022,11,2022-11-01,3.77560748376425e-05
4.386652714495242e-05,4.318391769167992e-05,4.45737967406779e-05,4.2338061534263816e-05,4.569847842907036e-05,4.174539474369297e-05,4.826345347695854e-05,3.983772256247944e-05,5.227179727307548e-05,stl_loess_residual_bootstrap,statewide_rate,2021-12-01,2022,12,2022-12-01,4.1157523021213896e-05
2.5686043320522443e-05,1.6152295653703814e-05,3.4354626654071106e-05,1.4086383267185301e-05,3.935325684748794e-05,1.3357740411571065e-05,4.2583113780975075e-05,1.273616929990577e-05,4.481187913503531e-05,mean_residual_bootstrap,statewide_rate,2022-12-01,2023,1,2023-01-01,3.207212664926457e-05
2.5686043320522443e-05,1.6611614737201658e-05,3.5375061109142526e-05,1.4138387578481063e-05,4.05622695890889e-05,1.3773102123995643e-05,4.404513595591874e-05,1.3010786115166622e-05,4.481187913503531e-05,mean_residual_bootstrap,statewide_rate,2022-12-01,2023,2,2023-02-01,3.3769064567215074e-05
2.5686043320522443e-05,1.658649714977112e-05,3.542885699048642e-05,1.4138387578481063e-05,4.051433885514954e-05,1.346024637808651e-05,4.3093091191525674e-05,1.273616929990577e-05,4.481187913503531e-05,mean_residual_bootstrap,statewide_rate,2022-12-01,2023,3,2023-03-01,3.325998319182992e-05
2.5686043320522443e-05,1.6152295653703814e-05,3.484421780651986e-05,1.4086383267185301e-05,3.995583900063035e-05,1.346024637808651e-05,4.3093091191525674e-05,1.273616929990577e-05,4.481187913503531e-05,mean_residual_bootstrap,statewide_rate,2022-12-01,2023,4,2023-04-01,3.648416523593589e-05
2.5686043320522443e-05,1.658649714977112e-05,3.5375061109142526e-05,1.4086383267185301e-05,4.051433885514954e-05,1.346024637808651e-05,4.3093091191525674e-05,1.273616929990577e-05,4.481187913503531e-05,mean_residual_bootstrap,statewide_rate,2022-12-01,2023,5,2023-05-01,3.3429676983624976e-05
2.5686043320522443e-05,1.6611614737201658e-05,3.5375061109142526e-05,1.4086383267185301e-05,4.001168898608222e-05,1.3720767275726894e-05,4.3093091191525674e-05,1.3010786115166622e-05,4.481187913503531e-05,mean_residual_bootstrap,statewide_rate,2022-12-01,2023,6,2023-06-01,3.2666054920547245e-05
2.5686043320522443e-05,1.6325976252130734e-05,3.484421780651986e-05,1.4086383267185301e-05,4.051433885514954e-05,1.3357740411571065e-05,4.3093091191525674e-05,1.273616929990577e-05,4.481187913503531e-05,mean_residual_bootstrap,statewide_rate,2022-12-01,2023,7,2023-07-01,3.444783973439528e-05
2.5686043320522443e-05,1.6611614737201658e-05,3.5375061109142526e-05,1.4086383267185301e-05,3.995583900063035e-05,1.346024637808651e-05,4.260861265150246e-05,1.273616929990577e-05,4.481187913503531e-05,mean_residual_bootstrap,statewide_rate,2022-12-01,2023,8,2023-08-01,3.241151423285467e-05
2.5686043320522443e-05,1.658649714977112e-05,3.542885699048642e-05,1.4138387578481063e-05,3.995583900063035e-05,1.346024637808651e-05,4.260861265150246e-05,1.3010786115166622e-05,4.481187913503531e-05,mean_residual_bootstrap,statewide_rate,2022-12-01,2023,9,2023-09-01,2.876309770926108e-05
2.5686043320522443e-05,1.6325976252130734e-05,3.4354626654071106e-05,1.4086383267185301e-05,3.935325684748794e-05,1.3707741230844879e-05,4.2498117545883304e-05,1.273616929990577e-05,4.481187913503531e-05,mean_residual_bootstrap,statewide_rate,2022-12-01,2023,10,2023-10-01,2.732070047900315e-05
2.5686043320522443e-05,1.6325976252130734e-05,3.542885699048642e-05,1.4138387578481063e-05,4.096818531423151e-05,1.346024637808651e-05,4.3093091191525674e-05,1.3010786115166622e-05,4.481187913503531e-05,mean_residual_bootstrap,statewide_rate,2022-12-01,2023,11,2023-11-01,2.553891566515512e-05
2.5686043320522443e-05,1.6611614737201658e-05,3.5375061109142526e-05,1.4086383267185301e-05,3.980249036480702e-05,1.3357740411571065e-05,4.2583113780975075e-05,1.273616929990577e-05,4.481187913503531e-05,mean_residual_bootstrap,statewide_rate,2022-12-01,2023,12,2023-12-01,2.5284374977462543e-05
4.1157523021213896e-05,3.942714648608872e-05,4.289432900548312e-05,3.751292768487199e-05,4.459131744732427e-05,3.6652722561350265e-05,4.5907843222484966e-05,3.598306708768648e-05,4.7717436886989026e-05,naive_residual_bootstrap,statewide_rate,2022-12-01,2023,1,2023-01-01,3.207212664926457e-05
4.1157523021213896e-05,3.8501937066754395e-05,4.362266854324633e-05,3.642093649554987e-05,4.6329554955832905e-05,3.515380510279209e-05,4.811908742259023e-05,3.4195550538527995e-05,4.9992678107814385e-05,naive_residual_bootstrap,statewide_rate,2022-12-01,2023,2,2023-02-01,3.3769064567215074e-05
4.1157523021213896e-05,3.78613905253789e-05,4.4253356923201116e-05,3.547104066349495e-05,4.779388023848113e-05,3.391885943924232e-05,4.9924090967286755e-05,3.2398589874623346e-05,5.248347337947289e-05,naive_residual_bootstrap,statewide_rate,2022-12-01,2023,3,2023-03-01,3.325998319182992e-05
4.1157523021213896e-05,3.7365827898166654e-05,4.500000707392924e-05,3.451446707235154e-05,4.929680516451401e-05,3.268484380980245e-05,5.158700824159385e-05,3.1185339123340575e-05,5.4624490805469885e-05,naive_residual_bootstrap,statewide_rate,2022-12-01,2023,4,2023-04-01,3.648416523593589e-05
4.1157523021213896e-05,3.734163599790032e-05,4.571737646043421e-05,3.381586760763817e-05,5.06627785943635e-05,3.149902995252885e-05,5.392722926868286e-05,2.9710951446940387e-05,5.657608203905541e-05,naive_residual_bootstrap,statewide_rate,2022-12-01,2023,5,2023-05-01,3.3429676983624976e-05
4.1157523021213896e-05,3.699299783683542e-05,4.644747000097316e-05,3.2845977070629186e-05,5.163508712098997e-05,3.0743447364355664e-05,5.480081318248374e-05,2.8662291962135015e-05,5.789554695577637e-05,naive_residual_bootstrap,statewide_rate,2022-12-01,2023,6,2023-06-01,3.2666054920547245e-05
4.1157523021213896e-05,3.669564731630836e-05,4.703922637090262e-05,3.2617613346601626e-05,5.259526019995891e-05,2.9796119097251762e-05,5.6097991416992144e-05,2.7541994530743467e-05,5.892637200672536e-05,naive_residual_bootstrap,statewide_rate,2022-12-01,2023,7,2023-07-01,3.444783973439528e-05
4.1157523021213896e-05,3.638844772852017e-05,4.7423314682656265e-05,3.200152502796794e-05,5.333091916372157e-05,2.8804609011613482e-05,5.683781077979133e-05,2.689238049224973e-05,6.0184164867825255e-05,naive_residual_bootstrap,statewide_rate,2022-12-01,2023,8,2023-08-01,3.241151423285467e-05
4.1157523021213896e-05,3.62927288496995e-05,4.783331542977437e-05,3.1181436559830907e-05,5.4140687175525324e-05,2.841123730056718e-05,5.7478401479983286e-05,2.618824669272299e-05,6.204773620825706e-05,naive_residual_bootstrap,statewide_rate,2022-12-01,2023,9,2023-09-01,2.876309770926108e-05
4.1157523021213896e-05,3.623386253268557e-05,4.827707797260217e-05,3.066774648122726e-05,5.494544190872021e-05,2.744575611911004e-05,5.90474465596141e-05,2.5159077377613093e-05,6.274319318006017e-05,naive_residual_bootstrap,statewide_rate,2022-12-01,2023,10,2023-10-01,2.732070047900315e-05
4.1157523021213896e-05,3.5875695141964774e-05,4.875311901459307e-05,3.0151274406456274e-05,5.552849194259349e-05,2.7090132542825266e-05,5.987031291301202e-05,2.439402421960207e-05,6.32714161100298e-05,naive_residual_bootstrap,statewide_rate,2022-12-01,2023,11,2023-11-01,2.553891566515512e-05
4.1157523021213896e-05,3.554424788539564e-05,4.922467073816819e-05,2.9855578354338848e-05,5.601124716358239e-05,2.6374382317029135e-05,6.106459863479097e-05,2.3888824536815814e-05,6.503625331564597e-05,naive_residual_bootstrap,statewide_rate,2022-12-01,2023,12,2023-12-01,2.5284374977462543e-05
4.129925673720357e-05,3.9448465168409236e-05,4.297697577834329e-05,3.774977555847357e-05,4.459131744732426e-05,3.6495831311939367e-05,4.61582468547993e-05,3.598306708768648e-05,4.802852188376669e-05,drift_residual_bootstrap,statewide_rate,2022-12-01,2023,1,2023-01-01,3.207212664926457e-05
4.144099045319325e-05,3.867338722100697e-05,4.3966032301051074e-05,3.6275219798754685e-05,4.6918434420503626e-05,3.479243634549315e-05,4.892757453211702e-05,3.354129768313339e-05,5.129643407281324e-05,drift_residual_bootstrap,statewide_rate,2022-12-01,2023,2,2023-02-01,3.3769064567215074e-05
4.158272416918293e-05,3.795000452934816e-05,4.4645476752788124e-05,3.5248552220769836e-05,4.840876521898849e-05,3.341984706204884e-05,5.110861281230774e-05,3.16891956596482e-05,5.478172205428707e-05,drift_residual_bootstrap,statewide_rate,2022-12-01,2023,3,2023-03-01,3.325998319182992e-05
4.172445788517261e-05,3.7458203530266506e-05,4.556963001007818e-05,3.418054960310571e-05,4.9724103856194505e-05,3.2066866151805296e-05,5.303011570372988e-05,3.0145802462827727e-05,5.6529227741369e-05,drift_residual_bootstrap,statewide_rate,2022-12-01,2023,4,2023-04-01,3.648416523593589e-05
4.1866191601162286e-05,3.7143155996248146e-05,4.6107887739627635e-05,3.324238460150946e-05,5.074181405866773e-05,3.0986731885594675e-05,5.4458463573404537e-05,2.9137586629816114e-05,5.812653432092504e-05,drift_residual_bootstrap,statewide_rate,2022-12-01,2023,5,2023-05-01,3.3429676983624976e-05
4.200792531715197e-05,3.69177925338117e-05,4.668722842715281e-05,3.26202886012803e-05,5.171833528301515e-05,3.0266033292356744e-05,5.57290863419188e-05,2.8004232469245732e-05,5.957390737738928e-05,drift_residual_bootstrap,statewide_rate,2022-12-01,2023,6,2023-06-01,3.2666054920547245e-05
4.214965903314164e-05,3.6450401882626155e-05,4.70941983761099e-05,3.225724696716421e-05,5.265595810607103e-05,2.9640523162722955e-05,5.616732585145527e-05,2.733147961748269e-05,6.0134571095685964e-05,drift_residual_bootstrap,statewide_rate,2022-12-01,2023,7,2023-07-01,3.444783973439528e-05
4.2291392749131325e-05,3.61964304896335e-05,4.772762296267112e-05,3.1570753568231555e-05,5.359196031535064e-05,2.867848432105393e-05,5.7413621232854025e-05,2.6510980995206046e-05,6.157170758873433e-05,drift_residual_bootstrap,statewide_rate,2022-12-01,2023,8,2023-08-01,3.241151423285467e-05
4.2433126465121e-05,3.6134410843395854e-05,4.838133509614632e-05,3.092620773427722e-05,5.4254478867809304e-05,2.796418517803048e-05,5.829510983240388e-05,2.4958080805323465e-05,6.313792096776401e-05,drift_residual_bootstrap,statewide_rate,2022-12-01,2023,9,2023-09-01,2.876309770926108e-05
4.257486018111068e-05,3.617365093415734e-05,4.871331100021318e-05,3.0631480649218965e-05,5.476652525124361e-05,2.733831697824439e-05,5.937687989160861e-05,2.4634093682788982e-05,6.387555210763262e-05,drift_residual_bootstrap,statewide_rate,2022-12-01,2023,10,2023-10-01,2.732070047900315e-05
4.271659389710036e-05,3.5759036006376524e-05,4.900022654000693e-05,2.9722581725655295e-05,5.541090349075955e-05,2.648491915673944e-05,6.010901895259173e-05,2.391557286578424e-05,6.473400880089618e-05,drift_residual_bootstrap,statewide_rate,2022-12-01,2023,11,2023-11-01,2.553891566515512e-05
4.285832761309004e-05,3.5518671187703047e-05,4.957638622243694e-05,2.9433405459311065e-05,5.600758759183551e-05,2.5904152733201752e-05,6.083270679469555e-05,2.3305876802824107e-05,6.567216265695234e-05,drift_residual_bootstrap,statewide_rate,2022-12-01,2023,12,2023-12-01,2.5284374977462543e-05
3.741593001928536e-05,3.683669979642631e-05,4.108506541053242e-05,3.4187173281085305e-05,4.555871503199189e-05,2.8422956410525714e-05,4.874556839758113e-05,2.4655053728162578e-05,5.257798826280538e-05,seasonal_naive_residual_bootstrap,statewide_rate,2022-12-01,2023,1,2023-01-01,3.207212664926457e-05
3.4354626654071106e-05,3.373305554240581e-05,3.8499474224177354e-05,3.1647318611601224e-05,4.246243829601451e-05,2.6884136054247714e-05,4.558239244728071e-05,2.3728145311971834e-05,4.951668489759113e-05,seasonal_naive_residual_bootstrap,statewide_rate,2022-12-01,2023,2,2023-02-01,3.3769064567215074e-05
4.05622695890889e-05,3.977263116463164e-05,4.428444956248605e-05,3.7170331372400404e-05,4.870505460179543e-05,3.309177898926551e-05,5.1784673667294004e-05,2.993578824698963e-05,5.572432783260892e-05,seasonal_naive_residual_bootstrap,statewide_rate,2022-12-01,2023,3,2023-03-01,3.325998319182992e-05
3.5375061109142526e-05,3.4662231645436436e-05,3.9097241082539676e-05,3.214630437094247e-05,4.348287275108593e-05,2.7904570509319134e-05,4.659746518734763e-05,2.4748579767043253e-05,5.053711935266255e-05,seasonal_naive_residual_bootstrap,statewide_rate,2022-12-01,2023,4,2023-04-01,3.648416523593589e-05
3.6055350745856803e-05,3.548063741463277e-05,3.972448613710387e-05,3.334804270338692e-05,4.4163162387800205e-05,2.8584860146033412e-05,4.7277754824061906e-05,2.5742832034553138e-05,5.0446000100969205e-05,seasonal_naive_residual_bootstrap,statewide_rate,2022-12-01,2023,5,2023-05-01,3.3429676983624976e-05
3.66506041779818e-05,3.607589084675776e-05,4.037278415137895e-05,3.404458617376017e-05,4.4793389190688326e-05,2.9612863732312927e-05,4.798024255627757e-05,2.6346135790544683e-05,5.181266242150182e-05,seasonal_naive_residual_bootstrap,statewide_rate,2022-12-01,2023,6,2023-06-01,3.2666054920547245e-05
4.107248681662461e-05,4.0497773485400575e-05,4.479466679002176e-05,3.784373007842456e-05,4.9180298458568014e-05,3.207951320786497e-05,5.2294890894829714e-05,3.044600547452534e-05,5.623454506014463e-05,seasonal_naive_residual_bootstrap,statewide_rate,2022-12-01,2023,7,2023-07-01,3.444783973439528e-05
3.903161790648177e-05,3.845238768362272e-05,4.275379787987892e-05,3.5639679689793274e-05,4.71744029191883e-05,3.1561127306658384e-05,5.036125628477755e-05,2.84051365643825e-05,5.419367615000179e-05,seasonal_naive_residual_bootstrap,statewide_rate,2022-12-01,2023,8,2023-08-01,3.241151423285467e-05
3.639549556421394e-05,3.581626534135489e-05,4.003286634735159e-05,3.3166738826013885e-05,4.436250313833519e-05,2.7402521955454294e-05,4.701702342015032e-05,2.5769014222114666e-05,5.155755380773396e-05,seasonal_naive_residual_bootstrap,statewide_rate,2022-12-01,2023,9,2023-09-01,2.876309770926108e-05
4.209292127169603e-05,4.1471350160030735e-05,4.5762056662943096e-05,3.886416453349598e-05,5.005992884581728e-05,3.309994766293639e-05,5.2714449127632414e-05,2.933204498057325e-05,5.725497951521605e-05,seasonal_naive_residual_bootstrap,statewide_rate,2022-12-01,2023,10,2023-10-01,2.732070047900315e-05
3.77560748376425e-05,3.718023228350971e-05,4.1425210228889565e-05,3.452731809944245e-05,4.572308241176375e-05,3.071833439197363e-05,4.89784789158476e-05,2.7443556126338836e-05,5.216600941496516e-05,seasonal_naive_residual_bootstrap,statewide_rate,2022-12-01,2023,11,2023-11-01,2.553891566515512e-05
4.1157523021213896e-05,4.058280968998986e-05,4.516080299397144e-05,3.792876628301384e-05,4.9300308033920425e-05,3.36870324213905e-05,5.254792392535801e-05,3.0531041679114624e-05,5.706528521426103e-05,seasonal_naive_residual_bootstrap,statewide_rate,2022-12-01,2023,12,2023-12-01,2.5284374977462543e-05
3.383695942147556e-05,2.9519532724384753e-05,3.728435769238131e-05,2.6790497989272092e-05,3.872884546424801e-05,2.6069582468858953e-05,4.2498117545883304e-05,2.5925269149037083e-05,4.538045954289036e-05,recent_5_year_same_month_bootstrap,statewide_rate,2022-12-01,2023,1,2023-01-01,3.207212664926457e-05
3.133947466326745e-05,2.7022047966176644e-05,3.4786872934173204e-05,2.4293013231063983e-05,3.629282663698662e-05,2.3572097710650844e-05,4.080205608300269e-05,2.3427784390828973e-05,4.2882974784682254e-05,recent_5_year_same_month_bootstrap,statewide_rate,2022-12-01,2023,2,2023-02-01,3.3769064567215074e-05
3.711487131818315e-05,3.279744462109234e-05,4.05622695890889e-05,3.006840988597968e-05,4.20067573609556e-05,2.9776594637301185e-05,4.577602944259089e-05,2.920318104574467e-05,4.865837143959795e-05,recent_5_year_same_month_bootstrap,statewide_rate,2022-12-01,2023,3,2023-03-01,3.325998319182992e-05
3.490545329816693e-05,3.0588026601076125e-05,3.8352851569072685e-05,2.7858991865963464e-05,4.0411998650407144e-05,2.7138076345550324e-05,4.436803471790217e-05,2.6993763025728454e-05,4.6448953419581735e-05,recent_5_year_same_month_bootstrap,statewide_rate,2022-12-01,2023,4,2023-04-01,3.648416523593589e-05
3.919594993723444e-05,3.487852324014363e-05,4.2774920535044235e-05,3.214948850503097e-05,4.4087835980006885e-05,3.1428572984617826e-05,4.785710806164218e-05,3.128425966479596e-05,5.073945005864924e-05,recent_5_year_same_month_bootstrap,statewide_rate,2022-12-01,2023,5,2023-05-01,3.3429676983624976e-05
3.7192367748273455e-05,3.299434146546592e-05,4.0771338346083254e-05,3.027503156526815e-05,4.2084253791045903e-05,2.9832636053804768e-05,4.6654949168008694e-05,2.9280677475834978e-05,4.873586786968826e-05,recent_5_year_same_month_bootstrap,statewide_rate,2022-12-01,2023,6,2023-06-01,3.2666054920547245e-05
3.887757107120615e-05,3.4679544788398615e-05,4.245654166901595e-05,3.196023488820085e-05,4.4384116423446364e-05,3.153929439032419e-05,4.7538729195613896e-05,3.0965880798767675e-05,5.0421071192620955e-05,recent_5_year_same_month_bootstrap,statewide_rate,2022-12-01,2023,7,2023-07-01,3.444783973439528e-05
3.631616856596592e-05,3.208829217958757e-05,3.9763566836871676e-05,2.9269707133762455e-05,4.120805460873837e-05,2.8548791613349316e-05,4.577874998570116e-05,2.8404478293527445e-05,4.7859668687380726e-05,recent_5_year_same_month_bootstrap,statewide_rate,2022-12-01,2023,8,2023-08-01,3.241151423285467e-05
3.6161295506550824e-05,3.196326922374329e-05,3.974026610436062e-05,2.924395932354552e-05,4.1667840858791036e-05,2.8393918553934216e-05,4.482245363095857e-05,2.8249605234112346e-05,4.7704795627965627e-05,recent_5_year_same_month_bootstrap,statewide_rate,2022-12-01,2023,9,2023-09-01,2.876309770926108e-05
3.658637591945582e-05,3.238834963664828e-05,4.016534651726562e-05,2.9669039736450516e-05,4.209292127169603e-05,2.9248099238573856e-05,4.604895733919106e-05,2.8674685647017342e-05,4.812987604087062e-05,recent_5_year_same_month_bootstrap,statewide_rate,2022-12-01,2023,10,2023-10-01,2.732070047900315e-05
3.514110415931307e-05,3.0823677462222266e-05,3.8588502430218826e-05,2.8094642727109604e-05,4.0647649511553284e-05,2.7781372464844385e-05,4.3802262283720816e-05,2.7229413886874595e-05,4.6684604280727875e-05,recent_5_year_same_month_bootstrap,statewide_rate,2022-12-01,2023,11,2023-11-01,2.553891566515512e-05
3.6551742348573044e-05,3.232386596219469e-05,3.99991406194788e-05,2.9505280916369576e-05,4.2058287700813256e-05,2.8784365395956437e-05,4.601432376830828e-05,2.8640052076134566e-05,4.809524246998785e-05,recent_5_year_same_month_bootstrap,statewide_rate,2022-12-01,2023,12,2023-12-01,2.5284374977462543e-05
3.729749834486467e-05,3.665609792106577e-05,3.8074071736881404e-05,3.575577372791964e-05,3.9232620799982905e-05,3.546709989004451e-05,4.1789680433217816e-05,3.494276177409493e-05,4.5784256251917676e-05,stl_loess_residual_bootstrap,statewide_rate,2022-12-01,2023,1,2023-01-01,3.207212664926457e-05
3.502290821634539e-05,3.4410274134187895e-05,3.582553271958992e-05,3.372099902688007e-05,3.7110647767531816e-05,3.319293154596309e-05,4.012539460012459e-05,3.261851619409134e-05,4.35096661233984e-05,stl_loess_residual_bootstrap,statewide_rate,2022-12-01,2023,2,2023-02-01,3.3769064567215074e-05
4.037658598337262e-05,3.973518555957372e-05,4.1106485649468566e-05,3.879877158163397e-05,4.216752750311402e-05,3.854618752855247e-05,4.4680021963358594e-05,3.7972193961118564e-05,4.8863343890425626e-05,stl_loess_residual_bootstrap,statewide_rate,2022-12-01,2023,3,2023-03-01,3.325998319182992e-05
3.6595858389806e-05,3.593457734545009e-05,3.7399692674825584e-05,3.5054133772860966e-05,3.8683597940992423e-05,3.47658817194237e-05,4.3732857851245715e-05,3.4241121819036256e-05,4.631261836475881e-05,stl_loess_residual_bootstrap,statewide_rate,2022-12-01,2023,4,2023-04-01,3.648416523593589e-05
4.2332154586843435e-05,4.1728981786643375e-05,4.3134779090087966e-05,4.0953120015515964e-05,4.426727704196168e-05,4.050217791646114e-05,4.6824336675196576e-05,3.992776256458938e-05,5.081891249389644e-05,stl_loess_residual_bootstrap,statewide_rate,2022-12-01,2023,5,2023-05-01,3.3429676983624976e-05
3.757170700479605e-05,3.696853420459598e-05,3.836773793683443e-05,3.6192672433468575e-05,3.9660800684091914e-05,3.574130854997589e-05,4.2674193388575246e-05,3.5216970434026306e-05,4.6058464911849055e-05,stl_loess_residual_bootstrap,statewide_rate,2022-12-01,2023,6,2023-06-01,3.2666054920547245e-05
4.151078042793302e-05,4.0849499383577115e-05,4.224068009402897e-05,4.013174585660555e-05,4.337113158409146e-05,3.968080375755072e-05,4.600296251628617e-05,3.915604385716328e-05,5.0028288386683636e-05,stl_loess_residual_bootstrap,statewide_rate,2022-12-01,2023,7,2023-07-01,3.444783973439528e-05
3.9142242813441864e-05,3.848096176908596e-05,3.9944867316686395e-05,3.7832621085790335e-05,4.122998236462829e-05,3.731226614305957e-05,4.4244729197221064e-05,3.678750624267212e-05,4.885900278839468e-05,stl_loess_residual_bootstrap,statewide_rate,2022-12-01,2023,8,2023-08-01,3.241151423285467e-05
3.85945032169583e-05,3.7933222172602395e-05,3.941636659582688e-05,3.705277860001327e-05,4.069578404923918e-05,3.6768368305877296e-05,4.579607319159317e-05,3.623976664618856e-05,5.042821143572474e-05,stl_loess_residual_bootstrap,statewide_rate,2022-12-01,2023,9,2023-09-01,2.876309770926108e-05
4.0441731021292024e-05,3.9778005094550125e-05,4.125279458876774e-05,3.906269644996455e-05,4.2392115186017066e-05,3.861559611021102e-05,4.554421740507122e-05,3.8085753064235176e-05,5.015849099624484e-05,stl_loess_residual_bootstrap,statewide_rate,2022-12-01,2023,10,2023-10-01,2.732070047900315e-05
3.712300892273156e-05,3.646172787837566e-05,3.7919039854769943e-05,3.572770534684234e-05,3.9058131377849806e-05,3.5293032252349265e-05,4.222549530651076e-05,3.476827235196182e-05,4.6839768897684377e-05,stl_loess_residual_bootstrap,statewide_rate,2022-12-01,2023,11,2023-11-01,2.553891566515512e-05
4.001170419281454e-05,3.937030376901564e-05,4.080773512485292e-05,3.863266962148707e-05,4.187205534897298e-05,3.8181727522432244e-05,4.450388628116768e-05,3.765572623575769e-05,4.849846209986755e-05,stl_loess_residual_bootstrap,statewide_rate,2022-12-01,2023,12,2023-12-01,2.5284374977462543e-05
0.00011586622581432299,7.614986293024673e-05,0.00013957324677359064,6.916585973163646e-05,0.00017520498983811058,6.791064480246589e-05,0.00020938023450586265,6.306760847628658e-05,0.00023945540998186981,mean_residual_bootstrap,max_h1_persistence,2021-12-01,2022,1,2022-01-01,0.00015237778608929338
0.00011586622581432299,7.614986293024673e-05,0.00014023278642546626,6.942837306179126e-05,0.00017520498983811058,6.791064480246589e-05,0.00021205909380080584,6.306760847628658e-05,0.00023945540998186981,mean_residual_bootstrap,max_h1_persistence,2021-12-01,2022,2,2022-02-01,0.00010605953475217422
0.00011586622581432299,7.586102260658473e-05,0.00014039701946229647,6.931688212664194e-05,0.00017861608259207658,6.792324673119375e-05,0.00021205909380080584,6.318476488948985e-05,0.00023945540998186981,mean_residual_bootstrap,max_h1_persistence,2021-12-01,2022,3,2022-03-01,0.00015237778608929338
0.00011586622581432299,7.586102260658473e-05,0.00014088971857278716,6.913477825019876e-05,0.00017520498983811058,6.767120815663629e-05,0.00020938023450586265,6.306760847628658e-05,0.00023945540998186981,mean_residual_bootstrap,max_h1_persistence,2021-12-01,2022,4,2022-04-01,0.0001151383963524156
0.00011586622581432299,7.586102260658473e-05,0.00014023278642546626,6.930177988714139e-05,0.00017496282040066485,6.792324673119375e-05,0.00021205909380080584,6.306760847628658e-05,0.00023945540998186981,mean_residual_bootstrap,max_h1_persistence,2021-12-01,2022,5,2022-05-01,0.00015902043412578516
0.00011586622581432299,7.586102260658473e-05,0.00014023278642546626,6.91403549204886e-05,0.00017520498983811058,6.767120815663629e-05,0.00021205909380080584,5.6208195154853575e-05,0.00024189646831156261,mean_residual_bootstrap,max_h1_persistence,2021-12-01,2022,6,2022-06-01,0.00015902043412578516
0.00011586622581432299,7.651251327376178e-05,0.00013935340022296544,6.931688212664194e-05,0.00017442951164545314,6.767120815663629e-05,0.00021205909380080584,6.306760847628658e-05,0.00023945540998186981,mean_residual_bootstrap,max_h1_persistence,2021-12-01,2022,7,2022-07-01,0.00016623031209741097
0.00011586622581432299,7.607765284933123e-05,0.00014023278642546626,6.91403549204886e-05,0.00017496282040066485,6.657789613848202e-05,0.00021205909380080584,6.306760847628658e-05,0.00024189646831156261,mean_residual_bootstrap,max_h1_persistence,2021-12-01,2022,8,2022-08-01,0.0004770613023773555
0.00011586622581432299,7.586102260658473e-05,0.00014023278642546626,6.916585973163646e-05,0.00017496282040066485,6.767120815663629e-05,0.0002095141774706091,6.306760847628658e-05,0.00023945540998186981,mean_residual_bootstrap,max_h1_persistence,2021-12-01,2022,9,2022-09-01,0.00012467273407305821
0.00011586622581432299,7.70594128072744e-05,0.00014023278642546626,6.931688212664194e-05,0.00017437025511709634,6.792324673119375e-05,0.00019387985911396906,6.318476488948985e-05,0.0002266237592349182,mean_residual_bootstrap,max_h1_persistence,2021-12-01,2022,10,2022-10-01,0.00014567172875924104
0.00011586622581432299,7.96833913251348e-05,0.00013957324677359064,6.931688212664194e-05,0.00017437025511709634,6.792324673119375e-05,0.00021205909380080584,6.318476488948985e-05,0.00023945540998186981,mean_residual_bootstrap,max_h1_persistence,2021-12-01,2022,11,2022-11-01,0.000136605801193024
0.00011586622581432299,7.753440589261485e-05,0.00014088971857278716,6.942837306179126e-05,0.00017861608259207658,6.798558705554423e-05,0.00020938023450586265,6.306760847628658e-05,0.00023945540998186981,mean_residual_bootstrap,max_h1_persistence,2021-12-01,2022,12,2022-12-01,0.0003187468694503893
0.0001144269498352252,8.769151590563847e-05,0.00014178704352317155,4.839873747594306e-05,0.00018478807663812127,3.142902512009295e-05,0.00020215328050343417,2.4067248866044673e-06,0.00022372615030065982,naive_residual_bootstrap,max_h1_persistence,2021-12-01,2022,1,2022-01-01,0.00015237778608929338
0.0001144269498352252,6.514731782365185e-05,0.00015970833729561036,2.085290535433866e-05,0.0002065276142342241,0.0,0.00023873111633691723,0.0,0.00026906721688745505,naive_residual_bootstrap,max_h1_persistence,2021-12-01,2022,2,2022-02-01,0.00010605953475217422
0.0001144269498352252,5.5078417877290175e-05,0.00017214063122632472,7.877518173681753e-07,0.00022972624776138904,0.0,0.00026689460737016333,0.0,0.0003044899484915257,naive_residual_bootstrap,max_h1_persistence,2021-12-01,2022,3,2022-03-01,0.00015237778608929338
0.0001144269498352252,4.5113093133511564e-05,0.00018014727608595563,0.0,0.0002476902829087639,0.0,0.00029144584089087775,0.0,0.0003289422538880682,naive_residual_bootstrap,max_h1_persistence,2021-12-01,2022,4,2022-04-01,0.0001151383963524156
0.0001144269498352252,3.344643382344146e-05,0.00019076097050778617,0.0,0.0002678597325921092,0.0,0.0003234197154248465,0.0,0.00036662801008556457,naive_residual_bootstrap,max_h1_persistence,2021-12-01,2022,5,2022-05-01,0.00015902043412578516
0.0001144269498352252,2.4727718928243176e-05,0.00020034277188415588,0.0,0.0002856736791359363,0.0,0.000336580082274303,0.0,0.00038481611330175563,naive_residual_bootstrap,max_h1_persistence,2021-12-01,2022,6,2022-06-01,0.00015902043412578516
0.0001144269498352252,1.7474661996563838e-05,0.0002068517894630283,0.0,0.00029506347818569935,0.0,0.00035585213864892717,0.0,0.0004087220912608356,naive_residual_bootstrap,max_h1_persistence,2021-12-01,2022,7,2022-07-01,0.00016623031209741097
0.0001144269498352252,8.766529870000284e-06,0.0002127125753702859,0.0,0.00031207098693294716,0.0,0.000368783888006044,0.0,0.00043143489392676043,naive_residual_bootstrap,max_h1_persistence,2021-12-01,2022,8,2022-08-01,0.0004770613023773555
0.0001144269498352252,2.320577012480278e-06,0.00022121992143992364,0.0,0.00032072058859987807,0.0,0.00038131316313940345,0.0,0.0004461385026531586,naive_residual_bootstrap,max_h1_persistence,2021-12-01,2022,9,2022-09-01,0.00012467273407305821
0.0001144269498352252,6.181948064825726e-06,0.0002254660519731977,0.0,0.00033169406068554735,0.0,0.0003938357211594458,0.0,0.0004548572735779515,naive_residual_bootstrap,max_h1_persistence,2021-12-01,2022,10,2022-10-01,0.00014567172875924104
0.0001144269498352252,0.0,0.00023234276708360027,0.0,0.00034369305356257934,0.0,0.0004167071297279498,0.0,0.00047343085785552083,naive_residual_bootstrap,max_h1_persistence,2021-12-01,2022,11,2022-11-01,0.000136605801193024
0.0001144269498352252,0.0,0.0002347033018076506,0.0,0.0003486259031621165,0.0,0.0004275195451439554,0.0,0.0004893096272899002,naive_residual_bootstrap,max_h1_persistence,2021-12-01,2022,12,2022-12-01,0.0003187468694503893
0.00011453907008050902,8.72138123965172e-05,0.00014466919315849977,4.839873747594306e-05,0.00018632291923044572,3.142902512009295e-05,0.00020200807567061777,2.4067248866044673e-06,0.00022360678353948465,drift_residual_bootstrap,max_h1_persistence,2021-12-01,2022,1,2022-01-01,0.00015237778608929338
0.00011465119032579284,6.99894086274063e-05,0.00016062914316895818,2.369838071358499e-05,0.00021185684419100745,0.0,0.00024349772713580032,0.0,0.0002737052259956232,drift_residual_bootstrap,max_h1_persistence,2021-12-01,2022,2,2022-02-01,0.00010605953475217422
0.00011476331057107667,5.603921684763434e-05,0.00017320286872404603,3.0100416592874614e-06,0.00023165438526485306,0.0,0.0002725676934087651,0.0,0.00030511962234877296,drift_residual_bootstrap,max_h1_persistence,2021-12-01,2022,3,2022-03-01,0.00015237778608929338
0.00011487543081636049,4.612191754888636e-05,0.00018297036285713254,0.0,0.0002520248706859583,0.0,0.00029392552351298513,0.0,0.0003368939738462477,drift_residual_bootstrap,max_h1_persistence,2021-12-01,2022,4,2022-04-01,0.0001151383963524156
0.00011498755106164432,3.851536565499949e-05,0.00019448129137192573,0.0,0.00026788683673976835,0.0,0.0003147325193500118,0.0,0.0003471104550402968,drift_residual_bootstrap,max_h1_persistence,2021-12-01,2022,5,2022-05-01,0.00015902043412578516
0.00011509967130692814,3.030550795268471e-05,0.00020236540371704827,0.0,0.00028323647600345944,0.0,0.0003289689077543395,0.0,0.0003742766460860122,drift_residual_bootstrap,max_h1_persistence,2021-12-01,2022,6,2022-06-01,0.00015902043412578516
0.00011521179155221197,2.1681081204841724e-05,0.00020978448595877335,0.0,0.00029050573829451215,0.0,0.0003507118117192847,0.0,0.00038863423792600437,drift_residual_bootstrap,max_h1_persistence,2021-12-01,2022,7,2022-07-01,0.00016623031209741097
0.00011532391179749579,1.4166777987014454e-05,0.00021550239915857215,0.0,0.0003066975616238213,0.0,0.0003613795411427042,0.0,0.0004114567170925676,drift_residual_bootstrap,max_h1_persistence,2021-12-01,2022,8,2022-08-01,0.0004770613023773555
0.00011543603204277961,7.254093549554159e-06,0.00021863966154772444,0.0,0.0003145417827436746,0.0,0.00037547914671601945,0.0,0.00043399845587651747,drift_residual_bootstrap,max_h1_persistence,2021-12-01,2022,9,2022-09-01,0.00012467273407305821
0.00011554815228806344,5.752340527649175e-06,0.00022607340148535337,0.0,0.0003300126358567286,0.0,0.00039457188779968904,0.0,0.00045762415684404877,drift_residual_bootstrap,max_h1_persistence,2021-12-01,2022,10,2022-10-01,0.00014567172875924104
0.00011566027253334726,0.0,0.00023178589922755437,0.0,0.00033696901128489555,0.0,0.00041139444984509676,0.0,0.00046858203129074814,drift_residual_bootstrap,max_h1_persistence,2021-12-01,2022,11,2022-11-01,0.000136605801193024
0.00011577239277863109,0.0,0.00023699931119990403,0.0,0.0003459638820647976,0.0,0.00042709934566844586,0.0,0.0004843800439681619,drift_residual_bootstrap,max_h1_persistence,2021-12-01,2022,12,2022-12-01,0.0003187468694503893
0.00022644927536231884,0.00020088171399308073,0.00026115502705320907,0.00016375089482946744,0.00030409728956120956,0.00014415560321094065,0.0003345177283208005,0.00010487789075442273,0.0003520079710102261,seasonal_naive_residual_bootstrap,max_h1_persistence,2021-12-01,2022,1,2022-01-01,0.00015237778608929338
0.00010879814317835642,8.383683488760649e-05,0.00014350389486924661,4.902303669172126e-05,0.00016886208998865356,2.6520337727562994e-05,0.0002111005320904724,0.0,0.00023435683882626365,seasonal_naive_residual_bootstrap,max_h1_persistence,2021-12-01,2022,2,2022-02-01,0.00010605953475217422
0.0001144269498352252,8.75867138520827e-05,0.00015248569817310218,4.981951342828e-05,0.00019128587914973882,7.87184558063865e-06,0.0002167293387473412,0.0,0.00023998564548313243,seasonal_naive_residual_bootstrap,max_h1_persistence,2021-12-01,2022,3,2022-03-01,0.00015237778608929338
0.00018439411168136698,0.00015663554729774707,0.00022245286001924396,0.00011943169717302613,0.0002612530409958806,6.83654652687943e-05,0.00028698480379579967,5.936565153472236e-05,0.00029635617526524145,seasonal_naive_residual_bootstrap,max_h1_persistence,2021-12-01,2022,4,2022-04-01,0.0001151383963524156
0.00013935340022296544,0.00011439209193221551,0.00017405915191385564,7.665501969011403e-05,0.00021621232953747903,5.705972807158723e-05,0.00024165578913508143,1.7782015615069323e-05,0.00025960712094661034,seasonal_naive_residual_bootstrap,max_h1_persistence,2021-12-01,2022,5,2022-05-01,0.00015902043412578516
0.00013833171946327292,0.000113370411172523,0.00017276053534268383,7.563333893042152e-05,0.00021519064877778652,3.177661520868638e-05,0.00024063410837538892,1.6760334855376807e-05,0.0002585854401869178,seasonal_naive_residual_bootstrap,max_h1_persistence,2021-12-01,2022,6,2022-06-01,0.00015902043412578516
0.00018117583114412537,0.00015341726676050543,0.0002156738809764061,0.00011008516157403337,0.00025803476045863896,6.514718473155269e-05,0.00028347822005624133,5.6147370997480746e-05,0.00030142955186777026,seasonal_naive_residual_bootstrap,max_h1_persistence,2021-12-01,2022,7,2022-07-01,0.00016623031209741097
0.00015744312367157364,0.0001318755623023355,0.0001955018720094506,9.766801718493848e-05,0.00023509113787046433,7.514945152019543e-05,0.0002600338157860063,3.695752477851828e-05,0.00028300181931948087,seasonal_naive_residual_bootstrap,max_h1_persistence,2021-12-01,2022,8,2022-08-01,0.0004770613023773555
0.00013935340022296544,0.00011439209193221551,0.00017489740107560234,7.665501969011403e-05,0.00021629123802591668,3.2798295968378894e-05,0.0002474218531814471,1.7782015615069323e-05,0.00026491209587087267,seasonal_naive_residual_bootstrap,max_h1_persistence,2021-12-01,2022,9,2022-09-01,0.00012467273407305821
0.00016440833550261,0.00013664977111899009,0.0001978105207664105,9.98008990956648e-05,0.00022447228231290713,8.211466335123178e-05,0.000266710724414726,4.2836950894713875e-05,0.00028466205622625486,seasonal_naive_residual_bootstrap,max_h1_persistence,2021-12-01,2022,10,2022-10-01,0.00014567172875924104
0.00011872254541137362,9.165272732811177e-05,0.00015315136129078453,5.411510900442843e-05,0.00019558147472588725,1.216744115678708e-05,0.00022679099836985525,0.0,0.0002442812410592809,seasonal_naive_residual_bootstrap,max_h1_persistence,2021-12-01,2022,11,2022-11-01,0.000136605801193024
0.0001144269498352252,8.666838545160528e-05,0.0001478291350990257,4.981951342828e-05,0.00017517786675558177,7.87184558063865e-06,0.0002152082929519223,0.0,0.0002346806705588701,seasonal_naive_residual_bootstrap,max_h1_persistence,2021-12-01,2022,12,2022-12-01,0.0003187468694503893
0.0001683699958541553,0.00013657004336098877,0.0001900102645291848,0.0001222740881230866,0.00023034254108156822,0.00011061432996656198,0.0002438282058436807,0.00010987290439693729,0.00025535911452114667,recent_5_year_same_month_bootstrap,max_h1_persistence,2021-12-01,2022,1,2022-01-01,0.00015237778608929338
0.0001894639879747945,0.00015727808977756885,0.000211104256649824,0.00014336808024372578,0.0002514365332022074,0.00013170832208720117,0.00026492219796431986,0.00013096689651757648,0.00027645310664178586,recent_5_year_same_month_bootstrap,max_h1_persistence,2021-12-01,2022,2,2022-02-01,0.00010605953475217422
0.00015361951651797658,0.00012143361832075094,0.00017583611850488965,0.00010752360878690786,0.0002266237592349182,9.586385063038326e-05,0.00023492587016509642,9.512242506075857e-05,0.00024060863518496795,recent_5_year_same_month_bootstrap,max_h1_persistence,2021-12-01,2022,3,2022-03-01,0.00015237778608929338
0.000159381417723001,0.00012719551952577535,0.0001810216863980305,0.00011328550999193227,0.0002213539629504139,0.00010162575183540767,0.00023483962771252639,0.00010088432626578298,0.00024637053638999236,recent_5_year_same_month_bootstrap,max_h1_persistence,2021-12-01,2022,4,2022-04-01,0.0001151383963524156
0.00014617299568423346,0.00011437304319106693,0.00016838959767114653,0.00010024998028754009,0.00020814554091164639,9.062114022570918e-05,0.0002274793493313533,8.767590422701545e-05,0.00023316211435122483,recent_5_year_same_month_bootstrap,max_h1_persistence,2021-12-01,2022,5,2022-05-01,0.00015902043412578516
0.00015008654857339291,0.00011790065037616728,0.00017230315056030598,0.00010399064084232419,0.00021205909380080584,9.23308826857996e-05,0.00023139290222051276,9.15894571161749e-05,0.00023707566724038429,recent_5_year_same_month_bootstrap,max_h1_persistence,2021-12-01,2022,6,2022-06-01,0.00015902043412578516
0.0001440373511250773,0.00011223739863191077,0.00016625395311199037,9.811433572838393e-05,0.00021704159384201892,8.848549566655301e-05,0.00022534370477219715,8.554025966785929e-05,0.00023102646979206867,recent_5_year_same_month_bootstrap,max_h1_persistence,2021-12-01,2022,7,2022-07-01,0.00016623031209741097
0.00012355599276527352,9.137009456804788e-05,0.0001457725947521866,7.74600850342048e-05,0.00019656023548221514,6.58003268776802e-05,0.00020486234641239336,6.50589013080555e-05,0.0002105451114322649,recent_5_year_same_month_bootstrap,max_h1_persistence,2021-12-01,2022,8,2022-08-01,0.0004770613023773555
0.00012630579794891506,9.411989975168943e-05,0.00014794606662394457,8.038278255222169e-05,0.00019931004066585668,6.855013206132174e-05,0.0002076121515960349,6.780870649169705e-05,0.00021329491661590643,recent_5_year_same_month_bootstrap,max_h1_persistence,2021-12-01,2022,9,2022-09-01,0.00012467273407305821
0.00013206436873228607,0.00010026441623911953,0.00015428097071919913,8.614135333559269e-05,0.000194036913959699,7.430870284469275e-05,0.0002133707223794059,7.356727727506805e-05,0.00021905348739927744,recent_5_year_same_month_bootstrap,max_h1_persistence,2021-12-01,2022,10,2022-10-01,0.00014567172875924104
0.00012371311925432252,9.152722105709688e-05,0.0001459297212412356,7.779010385762915e-05,0.00019671736197126414,6.59574533667292e-05,0.00020501947290144237,6.521602779710451e-05,0.0002107022379213139,recent_5_year_same_month_bootstrap,max_h1_persistence,2021-12-01,2022,11,2022-11-01,0.000136605801193024
0.0001400895813614455,0.00010790368316421987,0.00016172985003647502,9.399367363037679e-05,0.00020206212658885843,8.453772590292122e-05,0.00022139593500856535,8.15924899042275e-05,0.00022707870002843688,recent_5_year_same_month_bootstrap,max_h1_persistence,2021-12-01,2022,12,2022-12-01,0.0003187468694503893
0.0002021632024296845,0.0001924756583167434,0.00021738563190675753,0.00017917885010876637,0.00024137923041827973,0.00017050121171915792,0.0003004684033623986,0.00016679931025629483,0.0003176561135678126,stl_loess_residual_bootstrap,max_h1_persistence,2021-12-01,2022,1,2022-01-01,0.00015237778608929338
0.0001409910608269917,0.0001300786413885414,0.00015542077797528193,0.00011534492896306973,0.00018020708881558693,0.00010874251904227595,0.00023929626175970577,0.00010562716865360203,0.0002487194992005392,stl_loess_residual_bootstrap,max_h1_persistence,2021-12-01,2022,2,2022-02-01,0.00010605953475217422
0.0001557373166858621,0.00014604977257292104,0.00017171363430625947,0.00013469081935573503,0.0001949543249037815,0.00012407532597533553,0.00025404251761857615,0.00012037342451247244,0.00027123022782399016,stl_loess_residual_bootstrap,max_h1_persistence,2021-12-01,2022,3,2022-03-01,0.00015237778608929338
0.0001814242757058959,0.00017141019861448831,0.00019740059332629326,0.00015688550847755547,0.00022064030369449113,0.00014976228499536933,0.00027983957165223335,0.00014606038353250623,0.0002970108162941149,stl_loess_residual_bootstrap,max_h1_persistence,2021-12-01,2022,4,2022-04-01,0.0001151383963524156
0.00015098594928191836,0.00014097187219051078,0.0001662083787589914,0.0001280015969610002,0.00019021177956375532,0.00011932395857139179,0.0002492911502146324,0.00011562205710852869,0.0002587143876554659,stl_loess_residual_bootstrap,max_h1_persistence,2021-12-01,2022,5,2022-05-01,0.00015902043412578516
0.00015686771362864106,0.00014685363653723347,0.00017284403124903842,0.00013226147036335005,0.000196093543910478,0.00012498034182515833,0.00025517291456135516,0.00012150382145525139,0.00027236062476676916,stl_loess_residual_bootstrap,max_h1_persistence,2021-12-01,2022,6,2022-06-01,0.00015902043412578516
0.00017506213872498164,0.0001660328852540369,0.000191038456345379,0.00015207778640406348,0.00021498024020228317,0.00014317476692149892,0.0002733673396576957,0.00013969824655159197,0.0002905550498631097,stl_loess_residual_bootstrap,max_h1_persistence,2021-12-01,2022,7,2022-07-01,0.00016623031209741097
0.00015531510000017074,0.00014627838299174177,0.00017053752947724377,0.00013426860267004364,0.00019453112798876597,0.0001248000651568273,0.0002536203009328848,0.00012095830324158023,0.0002708080111382988,stl_loess_residual_bootstrap,max_h1_persistence,2021-12-01,2022,8,2022-08-01,0.0004770613023773555
0.0001508724838207481,0.00014031054883912347,0.00016609491329782112,0.0001256589562229019,0.00019008851180934332,0.00011921049311022151,0.00024917768475346216,0.00011550859164735842,0.00026636539495887617,stl_loess_residual_bootstrap,max_h1_persistence,2021-12-01,2022,9,2022-09-01,0.00012467273407305821
0.00015686222757960465,0.00014650141473156997,0.00016988459505749403,0.00013232346035126422,0.00019355333251062888,0.00012520023686907807,0.0002551674285123187,0.00012149833540621498,0.0002723551387177327,stl_loess_residual_bootstrap,max_h1_persistence,2021-12-01,2022,10,2022-10-01,0.00014567172875924104
0.00014473787683272213,0.00013437706398468745,0.00016014877834562624,0.00012175352451180398,0.00018395488505064153,0.00011307588612219556,0.0002430430777654362,0.00011038108007413162,0.00025246631520626963,stl_loess_residual_bootstrap,max_h1_persistence,2021-12-01,2022,11,2022-11-01,0.000136605801193024
0.00013742878858314598,0.0001274147114917384,0.00015185850573143622,0.00011289002135480554,0.0001741198935141702,0.00010554141677966326,0.00023584408452948343,0.00010206489640975631,0.00025292169972127406,stl_loess_residual_bootstrap,max_h1_persistence,2021-12-01,2022,12,2022-12-01,0.0003187468694503893
0.00012015054044824671,7.70594128072744e-05,0.00014088971857278716,6.916585973163646e-05,0.00017496282040066485,6.767120815663629e-05,0.00022163120567375886,6.306760847628658e-05,0.00024261831514432405,mean_residual_bootstrap,max_h1_persistence,2022-12-01,2023,1,2023-01-01,9.251977610214184e-05
0.00012015054044824671,7.753440589261485e-05,0.00014259232853272493,6.958135219761104e-05,0.0001749870373444094,6.767120815663629e-05,0.00021205909380080584,6.318476488948985e-05,0.00024189646831156264,mean_residual_bootstrap,max_h1_persistence,2022-12-01,2023,2,2023-02-01,0.00014814266138291174
0.00012015054044824671,7.753440589261485e-05,0.0001445452245871427,6.958135219761104e-05,0.00017520498983811058,6.798558705554423e-05,0.00022163120567375886,6.318476488948985e-05,0.00027077034162191434,mean_residual_bootstrap,max_h1_persistence,2022-12-01,2023,3,2023-03-01,0.00011421522717408685
0.00012015054044824671,7.96833913251348e-05,0.00014259232853272493,6.942837306179126e-05,0.00017554609911350687,6.792324673119375e-05,0.00022163120567375886,6.306760847628658e-05,0.00024189646831156264,mean_residual_bootstrap,max_h1_persistence,2022-12-01,2023,4,2023-04-01,0.0001111069960371838
0.00012015054044824671,8.787456533473933e-05,0.0001457725947521866,6.958135219761104e-05,0.0001810216863980305,6.798558705554423e-05,0.00022644927536231884,6.318476488948985e-05,0.00027077034162191434,mean_residual_bootstrap,max_h1_persistence,2022-12-01,2023,5,2023-05-01,0.00018063332823854716
0.00012015054044824671,7.96833913251348e-05,0.00014567172875924104,6.956605428402906e-05,0.00017861608259207658,6.798558705554423e-05,0.00022163120567375886,6.318476488948985e-05,0.00024189646831156264,mean_residual_bootstrap,max_h1_persistence,2022-12-01,2023,6,2023-06-01,0.0001379976540398813
0.00012015054044824671,7.96833913251348e-05,0.00014259232853272493,6.942837306179126e-05,0.00017496282040066485,6.792324673119375e-05,0.00021205909380080584,6.306760847628658e-05,0.00027077034162191434,mean_residual_bootstrap,max_h1_persistence,2022-12-01,2023,7,2023-07-01,0.00010900766687257003
0.00012015054044824671,7.70594128072744e-05,0.0001457725947521866,6.942837306179126e-05,0.0001810216863980305,6.792324673119375e-05,0.00022644927536231884,6.306760847628658e-05,0.00027077034162191434,mean_residual_bootstrap,max_h1_persistence,2022-12-01,2023,8,2023-08-01,0.00010457379642096182
0.00012015054044824671,7.741565762127974e-05,0.00014259232853272493,6.931688212664194e-05,0.00017861608259207658,6.767120815663629e-05,0.00022163120567375886,6.306760847628658e-05,0.00024261831514432405,mean_residual_bootstrap,max_h1_persistence,2022-12-01,2023,9,2023-09-01,0.000160333493666827
0.00012015054044824671,7.753440589261485e-05,0.0001452116459740071,6.958135219761104e-05,0.00017861608259207658,6.798558705554423e-05,0.00022163120567375886,6.306760847628658e-05,0.00024189646831156264,mean_residual_bootstrap,max_h1_persistence,2022-12-01,2023,10,2023-10-01,0.0001250538426266865
0.00012015054044824671,8.787456533473933e-05,0.0001457725947521866,6.958135219761104e-05,0.00017861608259207658,6.792324673119375e-05,0.00022187210915818555,6.318476488948985e-05,0.00027077034162191434,mean_residual_bootstrap,max_h1_persistence,2022-12-01,2023,11,2023-11-01,0.00014534355583009339
0.00012015054044824671,7.753440589261485e-05,0.00014259232853272493,6.931688212664194e-05,0.00017520498983811058,6.767120815663629e-05,0.00021205909380080584,6.306760847628658e-05,0.00024189646831156264,mean_residual_bootstrap,max_h1_persistence,2022-12-01,2023,12,2023-12-01,9.18822070106124e-05
0.0003187468694503893,0.0002899938863283904,0.0003442749023150854,0.00025165472966813627,0.0003842386964268815,0.00021603796724510506,0.00040632799528578185,0.00020109573726642688,0.00042804606991582396,naive_residual_bootstrap,max_h1_persistence,2022-12-01,2023,1,2023-01-01,9.251977610214184e-05
0.0003187468694503893,0.0002726565498346853,0.0003641203317095251,0.0002230740663770472,0.00041430239873646655,0.00018800188770257955,0.0004650328316829794,0.0001565459353947142,0.0005109766446066086,naive_residual_bootstrap,max_h1_persistence,2022-12-01,2023,2,2023-02-01,0.00014814266138291174
0.0003187468694503893,0.0002596942572635472,0.00038139554809859383,0.00019579410332926604,0.0004449246800842621,0.00015250470291666235,0.0004934648574345626,9.70597478201421e-05,0.0005508511283406067,naive_residual_bootstrap,max_h1_persistence,2022-12-01,2023,3,2023-03-01,0.00011421522717408685
0.0003187468694503893,0.00024660333780964844,0.00039282954601148736,0.00017419128271631818,0.0004677178740335553,0.00011747236057937204,0.0005222792143583836,6.328767766509737e-05,0.0005824968971549953,naive_residual_bootstrap,max_h1_persistence,2022-12-01,2023,4,2023-04-01,0.0001111069960371838
0.0003187468694503893,0.00023677278429193638,0.00040528540065731567,0.000158204548538379,0.00048761848178552293,9.583414740733356e-05,0.0005619596090521733,1.7382619189374704e-05,0.0006199131677917265,naive_residual_bootstrap,max_h1_persistence,2022-12-01,2023,5,2023-05-01,0.00018063332823854716
0.0003187468694503893,0.00022914927494493376,0.0004166703475734076,0.000142785763851889,0.0005108671329324562,7.310475349819489e-05,0.0005795110240641964,0.0,0.0006578291062385796,naive_residual_bootstrap,max_h1_persistence,2022-12-01,2023,6,2023-06-01,0.0001379976540398813
0.0003187468694503893,0.00022353259967375014,0.0004240078893601461,0.0001320431296446241,0.0005257651782680651,4.745945109504117e-05,0.0005985188316963117,0.0,0.0006741166852878735,naive_residual_bootstrap,max_h1_persistence,2022-12-01,2023,7,2023-07-01,0.00010900766687257003
0.0003187468694503893,0.00022054519262510694,0.00043087603091433117,0.00011363113779419985,0.000541510558364863,3.149086565646158e-05,0.0006197755900495499,0.0,0.0006860435661841175,naive_residual_bootstrap,max_h1_persistence,2022-12-01,2023,8,2023-08-01,0.00010457379642096182
0.0003187468694503893,0.00021371285542097992,0.0004392398136233938,0.000102151182532931,0.0005553463429858309,1.9716892876381154e-05,0.0006345400461307953,0.0,0.00071561237894247,naive_residual_bootstrap,max_h1_persistence,2022-12-01,2023,9,2023-09-01,0.000160333493666827
0.0003187468694503893,0.0001988124257719451,0.00044702857698390865,8.502202972257828e-05,0.0005713647886013769,0.0,0.0006619703102856069,0.0,0.0007260989958959407,naive_residual_bootstrap,max_h1_persistence,2022-12-01,2023,10,2023-10-01,0.0001250538426266865
0.0003187468694503893,0.0001989612897456791,0.00045528934046793954,7.007342056727342e-05,0.0005916622489760288,0.0,0.0006741326464011434,0.0,0.0007523612482860755,naive_residual_bootstrap,max_h1_persistence,2022-12-01,2023,11,2023-11-01,0.00014534355583009339
0.0003187468694503893,0.00019047604687242933,0.00046658278095880614,6.235101898446604e-05,0.0006009689189131169,0.0,0.0006944409249308322,0.0,0.0007692291645302367,naive_residual_bootstrap,max_h1_persistence,2022-12-01,2023,12,2023-12-01,9.18822070106124e-05
0.00031992168329081323,0.0002915337320116813,0.00034681389281065474,0.00025261226434881013,0.00038910799625328535,0.00023574894473525707,0.00040923209194212605,0.00020421432175082477,0.0004284046340042935,drift_residual_bootstrap,max_h1_persistence,2022-12-01,2023,1,2023-01-01,9.251977610214184e-05
0.00032109649713123715,0.0002737438240253748,0.0003658020688718355,0.00022547905585654118,0.00041229639783170295,0.00018914703196896583,0.00045145578132826724,0.00015290630074156838,0.0005006630922620763,drift_residual_bootstrap,max_h1_persistence,2022-12-01,2023,2,2023-02-01,0.00014814266138291174
0.0003222713109716611,0.0002594252340607082,0.00038157673298103536,0.00019917047395137173,0.0004451433302351171,0.00016168500498095224,0.000494146500345662,0.00010071297591426578,0.0005458696371396512,drift_residual_bootstrap,max_h1_persistence,2022-12-01,2023,3,2023-03-01,0.00011421522717408685
0.000323446124812085,0.000250507051270695,0.0003935413608582351,0.00017934547808109974,0.00046521324111820854,0.0001295433647915844,0.0005179390909609468,6.783387202190094e-05,0.000567968970959209,drift_residual_bootstrap,max_h1_persistence,2022-12-01,2023,4,2023-04-01,0.0001111069960371838
0.00032462093865250893,0.00024261253511189987,0.00040655655477936435,0.0001598143480512332,0.00048537213373605595,0.00010014874362091362,0.0005427822472548198,2.511439292346505e-05,0.0006012933500030202,drift_residual_bootstrap,max_h1_persistence,2022-12-01,2023,5,2023-05-01,0.00018063332823854716
0.0003257957524929328,0.00023681678840833028,0.000417753011751524,0.0001367924322991589,0.0005047323086544834,6.605983512536761e-05,0.0005700083285744949,0.0,0.0006275398327237428,drift_residual_bootstrap,max_h1_persistence,2022-12-01,2023,6,2023-06-01,0.0001379976540398813
0.0003269705663333567,0.000223559466600234,0.0004252728639658523,0.00011981244578616644,0.0005292382946416354,4.851550052696107e-05,0.0005887783473318504,0.0,0.0006587917691005808,drift_residual_bootstrap,max_h1_persistence,2022-12-01,2023,7,2023-07-01,0.00010900766687257003
0.00032814538017378065,0.00021565403410805353,0.00043855173691501113,0.00010651511701175752,0.0005446982216372233,2.31548017403779e-05,0.000621962947526605,0.0,0.0006863853918725282,drift_residual_bootstrap,max_h1_persistence,2022-12-01,2023,8,2023-08-01,0.00010457379642096182
0.0003293201940142046,0.00021201753556780413,0.00044392220783514473,8.981224978610395e-05,0.0005606575072179324,1.235616056806744e-05,0.0006377466527334376,0.0,0.000710850060008455,drift_residual_bootstrap,max_h1_persistence,2022-12-01,2023,9,2023-09-01,0.000160333493666827
0.0003304950078546285,0.00020349511007140017,0.00045735902895773954,8.163414711755457e-05,0.0005725027291752718,2.752943386433041e-06,0.0006482512510372189,0.0,0.0007248089878360638,drift_residual_bootstrap,max_h1_persistence,2022-12-01,2023,10,2023-10-01,0.0001250538426266865
0.0003316698216950524,0.0001998902535467271,0.0004665096379943637,7.391955323354945e-05,0.0005883948344114614,0.0,0.0006654106559414039,0.0,0.0007397092821115496,drift_residual_bootstrap,max_h1_persistence,2022-12-01,2023,11,2023-11-01,0.00014534355583009339
0.00033284463553547635,0.00019730015744427043,0.0004707825335174091,6.017814170488973e-05,0.0006061817119315796,0.0,0.000687419707691795,0.0,0.0007598834020453162,drift_residual_bootstrap,max_h1_persistence,2022-12-01,2023,12,2023-12-01,9.18822070106124e-05
0.00015237778608929338,0.0001255375501061509,0.00018708353778018358,8.741537158095253e-05,0.0002300258002881841,4.582268183470684e-05,0.00026433984967316786,3.080640148139727e-05,0.0002796797490647804,seasonal_naive_residual_bootstrap,max_h1_persistence,2022-12-01,2023,1,2023-01-01,9.251977610214184e-05
0.00010605953475217422,8.319566855400842e-05,0.00014076528644306442,4.336115421932281e-05,0.0001837075489510649,2.376586260079601e-05,0.00021740730405452887,0.0,0.00023336149772766124,seasonal_naive_residual_bootstrap,max_h1_persistence,2022-12-01,2023,2,2023-02-01,0.00014814266138291174
0.00015237778608929338,0.0001255375501061509,0.0001868066019687043,8.741537158095253e-05,0.000229236715403807,6.887104233275518e-05,0.000260446239047775,3.080640148139727e-05,0.0002779364817372006,seasonal_naive_residual_bootstrap,max_h1_persistence,2022-12-01,2023,3,2023-03-01,0.00011421522717408685
0.0001151383963524156,8.897149524321926e-05,0.0001485405816162161,5.017598184407475e-05,0.00017520234316271277,3.2844724201037395e-05,0.0002174407852645316,0.0,0.00024244035932790263,seasonal_naive_residual_bootstrap,max_h1_persistence,2022-12-01,2023,4,2023-04-01,0.0001111069960371838
0.00015902043412578516,0.00013405912583503522,0.00019314393790805537,9.632205359293375e-05,0.00023874571477437319,7.672676197440695e-05,0.0002703682034281398,3.744904951788904e-05,0.0002863223971012722,seasonal_naive_residual_bootstrap,max_h1_persistence,2022-12-01,2023,5,2023-05-01,0.00018063332823854716
0.00015902043412578516,0.00013126186974216525,0.00019344925000519607,9.40580196174443e-05,0.00023587936344029878,7.672676197440695e-05,0.00026161112624021785,3.85348352327298e-05,0.0002845791297736924,seasonal_naive_residual_bootstrap,max_h1_persistence,2022-12-01,2023,6,2023-06-01,0.0001379976540398813
0.00016623031209741097,0.00013847174771379104,0.00020065912797682188,9.69745967684596e-05,0.00024308924141192457,5.967520784282443e-05,0.00026853270100952694,4.4658927489514856e-05,0.00029183258942850785,seasonal_naive_residual_bootstrap,max_h1_persistence,2022-12-01,2023,7,2023-07-01,0.00010900766687257003
0.0004770613023773555,0.00044930273799373557,0.0005114901182567664,0.00040780558704840415,0.0005539202316918691,0.0003610326559647828,0.0005851297553358372,0.0003520328422307109,0.0006411740878949557,seasonal_naive_residual_bootstrap,max_h1_persistence,2022-12-01,2023,8,2023-08-01,0.00010457379642096182
0.00012467273407305821,9.971142578230829e-05,0.0001627314824109352,5.971031956471736e-05,0.00020153166338757184,4.2379061921680005e-05,0.00023274118703153985,3.1013494651620997e-06,0.0002502314297209655,seasonal_naive_residual_bootstrap,max_h1_persistence,2022-12-01,2023,9,2023-09-01,0.000160333493666827
0.00014567172875924104,0.00012010416739000291,0.00018037748045013124,8.106429235229585e-05,0.00022331974295813174,3.91166245046545e-05,0.0002570194980615957,2.0643268612596425e-05,0.00027297369173472807,seasonal_naive_residual_bootstrap,max_h1_persistence,2022-12-01,2023,10,2023-10-01,0.0001250538426266865
0.000136605801193024,0.00011164449290227407,0.00017455663744709218,7.164338668468314e-05,0.0002142538153919147,5.431212904164578e-05,0.00024795357049537867,1.6120202299968635e-05,0.000263907764168511,seasonal_naive_residual_bootstrap,max_h1_persistence,2022-12-01,2023,11,2023-11-01,0.00014534355583009339
0.0003187468694503893,0.00029098830506676937,0.0003489808927892498,0.00024949115412143796,0.00039639488364928,0.00021219176519580275,0.00043009463875274395,0.0001971754848424932,0.0004460488324258763,seasonal_naive_residual_bootstrap,max_h1_persistence,2022-12-01,2023,12,2023-12-01,9.18822070106124e-05
0.00015046625940970146,0.00011448721177844435,0.00017285845842233638,9.039545207521215e-05,0.00021605014289529712,7.890249170513833e-05,0.0002658513274347436,5.9389229842182054e-05,0.0002891463411548043,recent_5_year_same_month_bootstrap,max_h1_persistence,2022-12-01,2023,1,2023-01-01,9.251977610214184e-05
0.00015538527359687217,0.00012273533868887665,0.0001732412170671522,0.0001056730211253341,0.0002147738958734555,8.974543572681088e-05,0.00023136828954948955,6.430824402935276e-05,0.00029406535534197496,recent_5_year_same_month_bootstrap,max_h1_persistence,2022-12-01,2023,2,2023-02-01,0.00014814266138291174
0.00016103987574932253,0.0001250608281180654,0.00017889581921960257,0.00011132762327778446,0.00022042849802590586,8.94761080447594e-05,0.00023702289170193992,6.996284618180313e-05,0.0002997199574944254,recent_5_year_same_month_bootstrap,max_h1_persistence,2022-12-01,2023,3,2023-03-01,0.00011421522717408685
0.00014620475971387797,0.00011355482480588245,0.0001685969587265129,9.64925072423399e-05,0.00021178864319947363,8.056492184381668e-05,0.00026158982773892016,5.5127730146358565e-05,0.0002848848414589808,recent_5_year_same_month_bootstrap,max_h1_persistence,2022-12-01,2023,4,2023-04-01,0.0001111069960371838
0.00014848813713112946,0.00011583820222313393,0.0001663440806014095,9.877588465959138e-05,0.00021407202061672512,8.284829926106816e-05,0.00026387320515617165,5.741110756361005e-05,0.00028716821887623227,recent_5_year_same_month_bootstrap,max_h1_persistence,2022-12-01,2023,5,2023-05-01,0.00018063332823854716
0.0001610925072300851,0.00012844257232208958,0.00018348470624272002,0.00011138025475854703,0.00022048112950666843,8.952873952552197e-05,0.00023707552318270249,7.00154776625657e-05,0.0002997725889751879,recent_5_year_same_month_bootstrap,max_h1_persistence,2022-12-01,2023,6,2023-06-01,0.0001379976540398813
0.00014837436862713094,0.00011572443371913541,0.00017076656763976585,9.866211615559286e-05,0.0002139582521127266,8.273453075706964e-05,0.0002637594366521731,5.729733905961153e-05,0.0002870544503722338,recent_5_year_same_month_bootstrap,max_h1_persistence,2022-12-01,2023,7,2023-07-01,0.00010900766687257003
0.00019514252145041105,0.00015916347381915392,0.00021299846492069108,0.00013507171411592173,0.0002545311437269944,0.0001235787537458479,0.0002711255374030284,0.00010406549188289164,0.00033382260319551383,recent_5_year_same_month_bootstrap,max_h1_persistence,2022-12-01,2023,8,2023-08-01,0.00010457379642096182
0.00012475456615520722,8.877551852395011e-05,0.00014714676516784214,7.504231368366915e-05,0.00018414318843179055,5.9114728285145925e-05,0.0002007375821078246,3.367753658768781e-05,0.00026343464790031,recent_5_year_same_month_bootstrap,max_h1_persistence,2022-12-01,2023,9,2023-09-01,0.000160333493666827
0.00012327952974660613,9.221316638514376e-05,0.00014567172875924104,7.356727727506805e-05,0.0001888634132322018,5.7639691876544834e-05,0.0001992625456992235,3.220250017908672e-05,0.0002619596114917089,recent_5_year_same_month_bootstrap,max_h1_persistence,2022-12-01,2023,10,2023-10-01,0.0001250538426266865
0.0001240200294760434,8.804098184478629e-05,0.00014301003683191214,6.394922214155409e-05,0.00018960391296163906,5.2456261771480266e-05,0.00023940509750108556,3.294299990852399e-05,0.0002627001112211462,recent_5_year_same_month_bootstrap,max_h1_persistence,2022-12-01,2023,11,2023-11-01,0.00014534355583009339
0.0001800667877052865,0.0001440877400740294,0.00019792273117556652,0.00011999598037079718,0.00023945540998186981,0.00010850302000072336,0.00025604980365790384,8.898975813776708e-05,0.0003187468694503893,recent_5_year_same_month_bootstrap,max_h1_persistence,2022-12-01,2023,12,2023-12-01,9.18822070106124e-05
0.00014942524783265795,0.00013872940577063636,0.0001647777034577119,0.0001282653624566218,0.0001881863741474325,0.00011840189168912729,0.0002411130074626128,0.00011409316399279785,0.0002575328485009096,stl_loess_residual_bootstrap,max_h1_persistence,2022-12-01,2023,1,2023-01-01,9.251977610214184e-05
0.00012025751268289914,0.00010906124945684741,0.00013465466077484587,9.9097627306863e-05,0.00015903307640051565,8.923415653936848e-05,0.000217755393993868,8.492542884303905e-05,0.00023592015679280387,stl_loess_residual_bootstrap,max_h1_persistence,2022-12-01,2023,2,2023-02-01,0.00014814266138291174
0.00015422122411548275,0.00014352538205346117,0.0001687626162083036,0.00013306133873944661,0.0001929823504302573,0.0001231978679719521,0.0002459089837454376,0.00011392859946376336,0.0002698838682253875,stl_loess_residual_bootstrap,max_h1_persistence,2022-12-01,2023,3,2023-03-01,0.00011421522717408685
0.00014588448641146968,0.00013523259891414814,0.00016072566362706039,0.0001247286671682495,0.00019119779789712185,0.00011486113026793902,0.00024358554301187791,0.0001055918617597503,0.0002615471305213744,stl_loess_residual_bootstrap,max_h1_persistence,2022-12-01,2023,4,2023-04-01,0.0001111069960371838
0.00015101599631084397,0.00014036410881352243,0.00016481787635391133,0.00012986062886015886,0.00018977712262561856,0.00012046578448302045,0.00024851387762181285,0.00011568391247098387,0.0002666786404207487,stl_loess_residual_bootstrap,max_h1_persistence,2022-12-01,2023,5,2023-05-01,0.00018063332823854716
0.00015440362293315277,0.00014320735970710103,0.00016924480014874347,0.00013324373755711663,0.00019316474924792733,0.0001233802667896221,0.0002519015042441216,0.00011411099828143338,0.0002700662670430575,stl_loess_residual_bootstrap,max_h1_persistence,2022-12-01,2023,6,2023-06-01,0.0001379976540398813
0.0001682781069178641,0.00015762621942054257,0.00018267525500981083,0.00014712273946717902,0.0002067969785480141,0.00013713848594435922,0.000259965866547819,0.0001328220095577076,0.00028394075102776883,stl_loess_residual_bootstrap,max_h1_persistence,2022-12-01,2023,7,2023-07-01,0.00010900766687257003
0.00015664814594918745,0.0001459523038871659,0.0001704500259922548,0.00013549277849850234,0.00019516701757933745,0.0001256247898056568,0.00025414602726015633,0.00011635552129746806,0.0002647557466174391,stl_loess_residual_bootstrap,max_h1_persistence,2022-12-01,2023,8,2023-08-01,0.00010457379642096182
0.0001354837776026891,0.00012483189010536756,0.00015002516969550995,0.0001145629035337458,0.0001742593413203056,0.00010549508492835614,0.00023318483420309733,0.000100151693762829,0.0002511464217125938,stl_loess_residual_bootstrap,max_h1_persistence,2022-12-01,2023,9,2023-09-01,0.000160333493666827
0.00015013086497027095,0.0001387473733159381,0.0001639327450133383,0.00012890240048228828,0.00018864973660042095,0.00011958065314244742,0.0002418186246002258,0.00010983824031855156,0.0002582384656385226,stl_loess_residual_bootstrap,max_h1_persistence,2022-12-01,2023,10,2023-10-01,0.0001250538426266865
0.00013416205114423442,0.00012351016364691288,0.00014855919923618114,0.00011300216576819828,0.00017270514824284684,0.00010313869500070376,0.00023165993245520327,9.386942649251503e-05,0.000279641808893174,stl_loess_residual_bootstrap,max_h1_persistence,2022-12-01,2023,11,2023-11-01,0.00014534355583009339
0.000276790556800738,0.0002655942935746863,0.0002914068951742513,0.0002556306714247019,0.0003155516831155126,0.0002462403449729145,0.00037428843811170687,0.00023649793214901863,0.00039245320091064274,stl_loess_residual_bootstrap,max_h1_persistence,2022-12-01,2023,12,2023-12-01,9.18822070106124e-05
