month_index,month_label,year,month,date,M_t_max_h1_persistence,Tot_t_total_h1_persistence,N_h1,N_sig_t,A_t,R_t_bottleneck_to_previous,h1_threshold
0,2007_1,2007,1,2007-01-01,9.435742592942064e-05,0.00015584270069812024,7,0,False,,0.00017490356387223999
1,2007_2,2007,2,2007-02-01,5.6208195154853575e-05,0.00010256872249636597,4,0,False,3.814923077456706e-05,0.00017490356387223999
2,2007_3,2007,3,2007-03-01,7.371369600471768e-05,0.00013561937811025753,5,0,False,1.75055008498641e-05,0.00017490356387223999
3,2007_4,2007,4,2007-04-01,0.0001022416481353,0.00014320132973367897,4,0,False,2.8527952130582323e-05,0.00017490356387223999
4,2007_5,2007,5,2007-05-01,0.0001037775010377,0.00016079377928581996,7,0,False,3.966091837951127e-06,0.00017490356387223999
5,2007_6,2007,6,2007-06-01,0.0001474273920094,0.00020540909104200752,6,0,False,4.364989097170001e-05,0.00017490356387223999
6,2007_7,2007,7,2007-07-01,6.98202129516495e-05,0.00011393267504954826,6,0,False,7.371369600469999e-05,0.00017490356387223999
7,2007_8,2007,8,2007-08-01,8.470269354565475e-05,0.000188471973865114,8,0,False,1.5085686700458604e-05,0.00017490356387223999
8,2007_9,2007,9,2007-09-01,0.0001019783805833,0.0001784428920965095,7,0,False,1.7275687037645254e-05,0.00017490356387223999
9,2007_10,2007,10,2007-10-01,6.798558705554423e-05,0.00013831159413919787,8,0,False,3.3992793527755775e-05,0.00017490356387223999
10,2007_11,2007,11,2007-11-01,8.990784445942908e-05,0.0001275492688070178,5,0,False,2.1922257403884853e-05,0.00017490356387223999
11,2007_12,2007,12,2007-12-01,0.0001752049898381,0.00020186286245332978,4,1,True,8.529714537867093e-05,0.00017490356387223999
12,2008_1,2008,1,2008-01-01,6.318476488948985e-05,0.00011608663202399164,6,0,False,8.760249491904999e-05,0.00017490356387223999
13,2008_2,2008,2,2008-02-01,0.0001507658907248,0.00023637803607532904,6,0,False,7.538294536239999e-05,0.00017490356387223999
14,2008_3,2008,3,2008-03-01,6.792324673119375e-05,0.000125581770809164,7,0,False,7.538294536239999e-05,0.00017490356387223999
15,2008_4,2008,4,2008-04-01,7.43383883437407e-05,0.0001404206184805735,5,0,False,1.2934030873968582e-05,0.00017490356387223999
16,2008_5,2008,5,2008-05-01,0.000104580631667,0.00015558402597297386,6,0,False,3.02422433232593e-05,0.00017490356387223999
17,2008_6,2008,6,2008-06-01,6.824541049614414e-05,0.00012355428313195335,5,0,False,3.6335221170855864e-05,0.00017490356387223999
18,2008_7,2008,7,2008-07-01,9.37734433608402e-05,0.00019340016876350625,11,0,False,2.5528032864696062e-05,0.00017490356387223999
19,2008_8,2008,8,2008-08-01,6.824541049614414e-05,0.00011760192071797479,5,0,False,2.5528032864696062e-05,0.00017490356387223999
20,2008_9,2008,9,2008-09-01,6.43707756678468e-05,0.00010887437165850669,6,0,False,4.9061719952755626e-06,0.00017490356387223999
21,2008_10,2008,10,2008-10-01,0.0001486767766874,0.0002177133721223927,8,0,False,7.433838834369999e-05,0.00017490356387223999
22,2008_11,2008,11,2008-11-01,6.306760847628658e-05,0.00013613278165741042,7,0,False,7.433838834369999e-05,0.00017490356387223999
23,2008_12,2008,12,2008-12-01,6.864988558352403e-05,0.00014023140917274304,6,0,False,7.069449079325892e-06,0.00017490356387223999
24,2009_1,2009,1,2009-01-01,0.0001052631578947,0.00015279818730137848,5,0,False,3.6613272311175965e-05,0.00017490356387223999
25,2009_2,2009,2,2009-02-01,7.421701053881549e-05,0.00019395387593483277,9,0,False,3.104614735588451e-05,0.00017490356387223999
26,2009_3,2009,3,2009-03-01,7.017543859649122e-05,0.00017128264114479815,7,0,False,8.182569490471396e-06,0.00017490356387223999
27,2009_4,2009,4,2009-04-01,9.059338668277217e-05,0.0001874845422438821,11,0,False,2.0417948086280942e-05,0.00017490356387223999
28,2009_5,2009,5,2009-05-01,6.884207627702051e-05,0.00013437726287822036,7,0,False,2.1751310405751655e-05,0.00017490356387223999
29,2009_6,2009,6,2009-06-01,4.969931911932806e-05,0.00011650495407466101,6,0,False,1.9142757157692447e-05,0.00017490356387223999
30,2009_7,2009,7,2009-07-01,7.70594128072744e-05,0.00010873673563642055,4,0,False,2.736009368794634e-05,0.00017490356387223999
31,2009_8,2009,8,2009-08-01,6.913477825019876e-05,0.00014850949137674312,7,0,False,1.5098897780462026e-05,0.00017490356387223999
32,2009_9,2009,9,2009-09-01,7.571837811234083e-05,0.00016544651946152672,9,0,False,8.535852612499464e-06,0.00017490356387223999
33,2009_10,2009,10,2009-10-01,7.421701053881549e-05,0.00016456473365000215,8,0,False,4.224127362390998e-06,0.00017490356387223999
34,2009_11,2009,11,2009-11-01,7.421701053881549e-05,0.00010151190056175287,5,0,False,1.010300502842619e-05,0.00017490356387223999
35,2009_12,2009,12,2009-12-01,7.421701053881549e-05,0.00020752533005170874,10,0,False,9.340661393551955e-06,0.00017490356387223999
36,2010_1,2010,1,2010-01-01,8.914244963451596e-05,0.00014682484851501372,6,0,False,1.492543909570047e-05,0.00017490356387223999
37,2010_2,2010,2,2010-02-01,7.47328301322771e-05,0.00010828132112160891,4,0,False,1.4409619502238859e-05,0.00017490356387223999
38,2010_3,2010,3,2010-03-01,0.0001150119324879,0.00013201332240754643,3,0,False,4.027910235562289e-05,0.00017490356387223999
39,2010_4,2010,4,2010-04-01,8.625894936599672e-05,0.0001461758552470188,8,0,False,2.8752983121903275e-05,0.00017490356387223999
40,2010_5,2010,5,2010-05-01,0.0001022442615408,0.00022052927632032433,10,0,False,1.5985312174803277e-05,0.00017490356387223999
41,2010_6,2010,6,2010-06-01,0.0001265582484338,0.00023634145414084677,10,0,False,2.4313986893000016e-05,0.00017490356387223999
42,2010_7,2010,7,2010-07-01,9.982281450425494e-05,0.000158000090359191,6,0,False,2.6735433929545068e-05,0.00017490356387223999
43,2010_8,2010,8,2010-08-01,8.787456533473933e-05,0.0001617855045040265,8,0,False,1.1948249169515615e-05,0.00017490356387223999
44,2010_9,2010,9,2010-09-01,0.0001533663923112,0.00028749419466134554,11,0,False,6.549182697646066e-05,0.00017490356387223999
45,2010_10,2010,10,2010-10-01,9.379103357719002e-05,0.00016155888191954514,6,0,False,5.957535873400997e-05,0.00017490356387223999
46,2010_11,2010,11,2010-11-01,6.657789613848202e-05,0.0001521680538938604,9,0,False,2.7213137438707996e-05,0.00017490356387223999
47,2010_12,2010,12,2010-12-01,4.553664941333617e-05,0.0001209468684815282,9,0,False,2.104124672514585e-05,0.00017490356387223999
48,2011_1,2011,1,2011-01-01,0.0001056672889295,0.0002007589094437899,7,0,False,5.283364446475e-05,0.00017490356387223999
49,2011_2,2011,2,2011-02-01,6.91403549204886e-05,0.0001226237069315126,6,0,False,3.6526934009011405e-05,0.00017490356387223999
50,2011_3,2011,3,2011-03-01,5.040449608105043e-05,0.00010349826448617178,6,0,False,1.873585883943816e-05,0.00017490356387223999
51,2011_4,2011,4,2011-04-01,0.0001408897185727,0.00021316011388529534,7,0,False,7.044485928634999e-05,0.00017490356387223999
52,2011_5,2011,5,2011-05-01,7.96833913251348e-05,0.00019427558403858403,11,0,False,6.120632724756521e-05,0.00017490356387223999
53,2011_6,2011,6,2011-06-01,0.0001408897185727,0.00021007370534920831,8,0,False,6.120632724756521e-05,0.00017490356387223999
54,2011_7,2011,7,2011-07-01,7.486150621350502e-05,0.00019634809808368996,9,0,False,6.602821235919499e-05,0.00017490356387223999
55,2011_8,2011,8,2011-08-01,0.0001336273134228,0.00021191678525356896,7,0,False,5.876580720929497e-05,0.00017490356387223999
56,2011_9,2011,9,2011-09-01,0.000127199491202,0.00016037679963363093,5,0,False,7.3673217331417956e-06,0.00017490356387223999
57,2011_10,2011,10,2011-10-01,0.0001908882667345,0.0002879466635616688,7,1,True,6.368877553249999e-05,0.00017490356387223999
58,2011_11,2011,11,2011-11-01,0.0001938798591139,0.000218114532554323,4,1,True,1.0602968057535247e-05,0.00017490356387223999
59,2011_12,2011,12,2011-12-01,6.916585973163646e-05,0.00014345694238421318,6,0,False,9.693992955694998e-05,0.00017490356387223999
60,2012_1,2012,1,2012-01-01,7.586102260658473e-05,0.00011031556079726678,5,0,False,1.1208709914851167e-05,0.00017490356387223999
61,2012_2,2012,2,2012-02-01,7.167602436984828e-05,0.00013278388844879628,6,0,False,7.131067962541605e-06,0.00017490356387223999
62,2012_3,2012,3,2012-03-01,7.115665136798663e-05,0.00016140347108227173,8,0,False,6.5014937316901884e-06,0.00017490356387223999
63,2012_4,2012,4,2012-04-01,0.0001415177781708,0.00019875636579297162,6,0,False,7.036112680281338e-05,0.00017490356387223999
64,2012_5,2012,5,2012-05-01,6.767120815663629e-05,0.00015046008958681105,6,0,False,7.07588890854e-05,0.00017490356387223999
65,2012_6,2012,6,2012-06-01,9.413315134257408e-05,0.00017773275208445846,8,0,False,2.646194318593779e-05,0.00017490356387223999
66,2012_7,2012,7,2012-07-01,7.272727272727273e-05,0.00015606014045600752,7,0,False,2.1405878615301353e-05,0.00017490356387223999
67,2012_8,2012,8,2012-08-01,7.586102260658473e-05,0.00015095627385976033,6,0,False,1.1989931305538218e-05,0.00017490356387223999
68,2012_9,2012,9,2012-09-01,0.0001517220452131,0.0002721288000383712,8,0,False,7.586102260651525e-05,0.00017490356387223999
69,2012_10,2012,10,2012-10-01,6.931688212664194e-05,0.00010915107010180834,6,0,False,7.586102260655e-05,0.00017490356387223999
70,2012_11,2012,11,2012-11-01,0.000178616082592,0.00023411983289983772,6,1,True,8.9308041296e-05,0.00017490356387223999
71,2012_12,2012,12,2012-12-01,7.075888908544135e-05,0.00014924584776618576,7,0,False,8.9308041296e-05,0.00017490356387223999
72,2013_1,2013,1,2013-01-01,0.0001359249694168,0.00019749795310590294,7,0,False,6.516608033135864e-05,0.00017490356387223999
73,2013_2,2013,2,2013-02-01,7.16110089991168e-05,0.0002188800444255602,11,0,False,6.431396041768319e-05,0.00017490356387223999
74,2013_3,2013,3,2013-03-01,0.0001297016861219,0.0002232255204414228,9,0,False,5.8090677122783185e-05,0.00017490356387223999
75,2013_4,2013,4,2013-04-01,0.0001010279594877,0.00019294781893851662,10,0,False,2.8673726634199982e-05,0.00017490356387223999
76,2013_5,2013,5,2013-05-01,9.525321479599936e-05,0.00013748087371172855,6,0,False,7.175763142410196e-06,0.00017490356387223999
77,2013_6,2013,6,2013-06-01,9.052641108043272e-05,0.00015704993469781907,6,0,False,9.058668466322135e-06,0.00017490356387223999
78,2013_7,2013,7,2013-07-01,9.525321479599936e-05,0.00016970027302475545,7,0,False,4.726803715566642e-06,0.00017490356387223999
79,2013_8,2013,8,2013-08-01,9.128529698149952e-05,0.00019854565415303326,8,0,False,8.108351477640877e-06,0.00017490356387223999
80,2013_9,2013,9,2013-09-01,6.942837306179126e-05,0.00019685864254357727,9,0,False,2.1856923919708266e-05,0.00017490356387223999
81,2013_10,2013,10,2013-10-01,7.069635913750442e-05,0.00017894525195065537,8,0,False,1.1575891447016946e-05,0.00017490356387223999
82,2013_11,2013,11,2013-11-01,0.0001425923285327,0.00019817135749839975,6,0,False,7.129616426635e-05,0.00017490356387223999
83,2013_12,2013,12,2013-12-01,7.550018875047188e-05,0.0001672999867053661,6,0,False,6.70921397822281e-05,0.00017490356387223999
84,2014_1,2014,1,2014-01-01,7.614986293024673e-05,9.392008131370968e-05,4,0,False,1.3430630791959528e-05,0.00017490356387223999
85,2014_2,2014,2,2014-02-01,7.167174341515857e-05,0.0001912173830848672,8,0,False,1.9054514967321502e-05,0.00017490356387223999
86,2014_3,2014,3,2014-03-01,0.0001041341247526,0.00020903809094617224,10,0,False,3.246238133744143e-05,0.00017490356387223999
87,2014_4,2014,4,2014-04-01,6.958135219761104e-05,0.00017083837569969751,9,0,False,3.4552772554988966e-05,0.00017490356387223999
88,2014_5,2014,5,2014-05-01,0.0001522997258604,0.00025602199395257286,10,0,False,7.61498629302e-05,0.00017490356387223999
89,2014_6,2014,6,2014-06-01,0.0001308472358521,0.000274273326980844,10,0,False,2.1452490008300006e-05,0.00017490356387223999
90,2014_7,2014,7,2014-07-01,0.0001402327864254,0.00021886294528728118,5,0,False,9.385550573299997e-06,0.00017490356387223999
91,2014_8,2014,8,2014-08-01,0.0001070778455937,0.0001955857132419815,8,0,False,3.315494083169998e-05,0.00017490356387223999
92,2014_9,2014,9,2014-09-01,0.0001041341247526,0.00026060095600364505,10,0,False,8.953673692315957e-06,0.00017490356387223999
93,2014_10,2014,10,2014-10-01,9.057853806239568e-05,0.0002413311950609882,13,0,False,1.3555586690204327e-05,0.00017490356387223999
94,2014_11,2014,11,2014-11-01,0.0001402327864254,0.0002349518730191574,8,0,False,4.965424836300431e-05,0.00017490356387223999
95,2014_12,2014,12,2014-12-01,0.0001135589370883,0.00024075732633510388,9,0,False,2.6673849337099993e-05,0.00017490356387223999
96,2015_1,2015,1,2015-01-01,0.0001281435207432,0.0003188720014365993,13,0,False,1.4584583654899999e-05,0.00017490356387223999
97,2015_2,2015,2,2015-02-01,0.0001002004008016,0.0002045668151444168,7,0,False,2.79431199416e-05,0.00017490356387223999
98,2015_3,2015,3,2015-03-01,7.240343192267313e-05,0.00017319686244719382,8,0,False,2.7796968878926866e-05,0.00017490356387223999
99,2015_4,2015,4,2015-04-01,0.0001037048559798,0.00023109449864221248,9,0,False,3.1301424057126874e-05,0.00017490356387223999
100,2015_5,2015,5,2015-05-01,9.49480342105071e-05,0.00022098500856042164,10,0,False,8.756821769292908e-06,0.00017490356387223999
101,2015_6,2015,6,2015-06-01,9.55201069825198e-05,0.0002630973624211286,12,0,False,7.70994331631847e-06,0.00017490356387223999
102,2015_7,2015,7,2015-07-01,0.0001002004008016,0.0001977526822111658,6,0,False,9.847498505686813e-06,0.00017490356387223999
103,2015_8,2015,8,2015-08-01,0.0002093802345058,0.00032155809196201266,8,1,True,0.00010469011725289999,0.00017490356387223999
104,2015_9,2015,9,2015-09-01,0.0001323714342444,0.0002247049964238009,8,0,False,7.70088002614e-05,0.00017490356387223999
105,2015_10,2015,10,2015-10-01,9.129293620906084e-05,0.00030291832901243985,13,0,False,4.107849803533917e-05,0.00017490356387223999
106,2015_11,2015,11,2015-11-01,7.753440589261485e-05,0.00023243120354111808,10,0,False,1.9411901819426157e-05,0.00017490356387223999
107,2015_12,2015,12,2015-12-01,0.0002776717226059,0.00039575169767076606,8,1,True,0.00013883586130295,0.00017490356387223999
108,2016_1,2016,1,2016-01-01,0.0001749628204006,0.00042070333081882516,13,1,True,0.00010270890220529999,0.00017490356387223999
109,2016_2,2016,2,2016-02-01,9.19648956855326e-05,0.00022947547352725146,8,0,False,8.29979247150674e-05,0.00017490356387223999
110,2016_3,2016,3,2016-03-01,0.000123325851565,0.0002923340471380439,10,0,False,3.13609558794674e-05,0.00017490356387223999
111,2016_4,2016,4,2016-04-01,0.0001212356335774,0.0003011804741284671,14,0,False,1.2918316175499624e-05,0.00017490356387223999
112,2016_5,2016,5,2016-05-01,9.88549303896532e-05,0.00013738617382516496,5,0,False,2.23807031877468e-05,0.00017490356387223999
113,2016_6,2016,6,2016-06-01,9.29584011155008e-05,0.00016577573613071466,8,0,False,8.619683907357883e-06,0.00017490356387223999
114,2016_7,2016,7,2016-07-01,0.0001051441789553,0.00041720704779662945,15,0,False,2.3837902264600716e-05,0.00017490356387223999
115,2016_8,2016,8,2016-08-01,8.88946356128073e-05,0.00022549002572276177,10,0,False,2.3562996159579293e-05,0.00017490356387223999
116,2016_9,2016,9,2016-09-01,0.0001344550727978,0.0003411196876507618,10,0,False,4.556043718499271e-05,0.00017490356387223999
117,2016_10,2016,10,2016-10-01,8.88946356128073e-05,0.00023179536304132188,9,0,False,4.556043718499271e-05,0.00017490356387223999
118,2016_11,2016,11,2016-11-01,0.000100642434205,0.0002218456667195542,10,0,False,1.1747798592192708e-05,0.00017490356387223999
119,2016_12,2016,12,2016-12-01,0.0001328771218815,0.000269415126481274,11,0,False,3.22346876765e-05,0.00017490356387223999
120,2017_1,2017,1,2017-01-01,0.0002418964683115,0.0003996968587966854,6,1,True,0.00010901934643,0.00017490356387223999
121,2017_2,2017,2,2017-02-01,0.0002764531066417,0.0005360190225307396,13,1,True,3.455663833019999e-05,0.00017490356387223999
122,2017_3,2017,3,2017-03-01,0.0001152759899325,0.0003179724481131898,12,0,False,0.00013822655332085,0.00017490356387223999
123,2017_4,2017,4,2017-04-01,0.000181021686398,0.00031866980139469956,10,1,True,6.574569646549999e-05,0.00017490356387223999
124,2017_5,2017,5,2017-05-01,0.0001474447268913,0.0004363340285029391,13,0,False,3.357695950670001e-05,0.00017490356387223999
125,2017_6,2017,6,2017-06-01,0.0001039906408423,0.0002506406127247253,9,0,False,4.345408604899999e-05,0.00017490356387223999
126,2017_7,2017,7,2017-07-01,0.0001445452245871,0.0002987283695525971,8,0,False,4.0554583744799994e-05,0.00017490356387223999
127,2017_8,2017,8,2017-08-01,0.0001191286589516,0.00024652782742713616,9,0,False,2.5416565635499988e-05,0.00017490356387223999
128,2017_9,2017,9,2017-09-01,0.0001324288930415,0.00033387246193352694,11,0,False,1.3300234089899982e-05,0.00017490356387223999
129,2017_10,2017,10,2017-10-01,0.0001895959236876,0.00029136256808686,10,1,True,5.71670306461e-05,0.00017490356387223999
130,2017_11,2017,11,2017-11-01,0.0001350712500844,0.00033423348407420506,12,0,False,5.452467360319999e-05,0.00017490356387223999
131,2017_12,2017,12,2017-12-01,0.0001188608377311,0.00029964506858715567,13,0,False,1.6210412353300006e-05,0.00017490356387223999
132,2018_1,2018,1,2018-01-01,0.0001224469804574,0.00030214686814031825,13,0,False,4.474210439906562e-06,0.00017490356387223999
133,2018_2,2018,2,2018-02-01,0.0001460867024579,0.00037577691757280965,13,0,False,2.3639722000500017e-05,0.00017490356387223999
134,2018_3,2018,3,2018-03-01,0.0002266237592349,0.0004636519635028773,13,1,True,8.0537056777e-05,0.00017490356387223999
135,2018_4,2018,4,2018-04-01,0.0001191043353978,0.0002885184490329148,10,0,False,0.0001075194238371,0.00017490356387223999
136,2018_5,2018,5,2018-05-01,8.841732979664014e-05,0.0003563813267118477,11,0,False,3.231686035238304e-05,0.00017490356387223999
137,2018_6,2018,6,2018-06-01,0.0002120590938008,0.0003361292986979985,10,1,True,0.00010602954690039999,0.00017490356387223999
138,2018_7,2018,7,2018-07-01,0.000135800373451,0.0002852783630814311,8,0,False,7.625872034980002e-05,0.00017490356387223999
139,2018_8,2018,8,2018-08-01,9.137009456804788e-05,0.0002872633609778917,11,0,False,4.443027888295211e-05,0.00017490356387223999
140,2018_9,2018,9,2018-09-01,0.0001095650268434,0.00027554092622818053,11,0,False,2.2222866624562394e-05,0.00017490356387223999
141,2018_10,2018,10,2018-10-01,7.356727727506805e-05,0.00022576836373406234,10,0,False,3.599774956833195e-05,0.00017490356387223999
142,2018_11,2018,11,2018-11-01,9.137009456804788e-05,0.0002051310421269585,8,0,False,1.7802817292979825e-05,0.00017490356387223999
143,2018_12,2018,12,2018-12-01,0.0001085030200007,0.00032733718302210005,12,0,False,1.7132925432652125e-05,0.00017490356387223999
144,2019_1,2019,1,2019-01-01,0.0001365700433609,0.0003013606860827636,13,0,False,2.8067023360199992e-05,0.00017490356387223999
145,2019_2,2019,2,2019-02-01,0.000145211645974,0.0002470800548579866,8,0,False,1.0753523679344287e-05,0.00017490356387223999
146,2019_3,2019,3,2019-03-01,0.0001555330896648,0.00028603698534707307,9,0,False,1.1632789454323646e-05,0.00017490356387223999
147,2019_4,2019,4,2019-04-01,0.000174370255117,0.00027815006233423723,8,0,False,1.883716545220002e-05,0.00017490356387223999
148,2019_5,2019,5,2019-05-01,0.0001340183158364,0.0004214334410483297,12,0,False,4.610561258990593e-05,0.00017490356387223999
149,2019_6,2019,6,2019-06-01,0.0001470966792924,0.00033984637321401035,12,0,False,3.0737075059937284e-05,0.00017490356387223999
150,2019_7,2019,7,2019-07-01,0.0001024275325207,0.0002505577701123356,11,0,False,4.466914677169999e-05,0.00017490356387223999
151,2019_8,2019,8,2019-08-01,0.0001040654918828,0.00022943272536303397,10,0,False,7.723462231429524e-06,0.00017490356387223999
152,2019_9,2019,9,2019-09-01,0.0001024275325207,0.00028591383599943385,11,0,False,1.0902193448051877e-05,0.00017490356387223999
153,2019_10,2019,10,2019-10-01,7.651251327376178e-05,0.0002560831539423587,13,0,False,2.5915019246938216e-05,0.00017490356387223999
154,2019_11,2019,11,2019-11-01,0.0001365700433609,0.00037944204793050745,11,0,False,6.005753008713822e-05,0.00017490356387223999
155,2019_12,2019,12,2019-12-01,0.0001192016892582,0.0002709343281401802,11,0,False,1.7368354102700003e-05,0.00017490356387223999
156,2020_1,2020,1,2020-01-01,0.0001144872117784,0.00041088542067354184,15,0,False,3.732455307459708e-05,0.00017490356387223999
157,2020_2,2020,2,2020-02-01,0.0002707703416219,0.00045686674306618784,10,1,True,0.00013538517081094998,0.00017490356387223999
158,2020_3,2020,3,2020-03-01,0.0001562377939223,0.0004308817582973724,12,0,False,0.00011453254769960004,0.00017490356387223999
159,2020_4,2020,4,2020-04-01,0.0001380167000207,0.00047712558968817753,16,0,False,1.8221093901599997e-05,0.00017490356387223999
160,2020_5,2020,5,2020-05-01,0.0002216312056737,0.0004745695016742151,13,1,True,8.3614505653e-05,0.00017490356387223999
161,2020_6,2020,6,2020-06-01,0.000148954609468,0.00038227286032209277,12,0,False,7.26765962057e-05,0.00017490356387223999
162,2020_7,2020,7,2020-07-01,0.0001562377939223,0.0004701517247797044,14,0,False,1.8899606361380333e-05,0.00017490356387223999
163,2020_8,2020,8,2020-08-01,0.0001457725947521,0.0004446916391535513,15,0,False,1.0465199170199975e-05,0.00017490356387223999
164,2020_9,2020,9,2020-09-01,0.0001477541371158,0.00038378786112635237,12,0,False,1.341586874793277e-05,0.00017490356387223999
165,2020_10,2020,10,2020-10-01,0.0001562377939223,0.00047593250150441654,12,0,False,1.341586874793277e-05,0.00017490356387223999
166,2020_11,2020,11,2020-11-01,0.0001368316628467,0.0003689054691251669,14,0,False,1.9406131075599996e-05,0.00017490356387223999
167,2020_12,2020,12,2020-12-01,0.0002394554099818,0.0005389630343957765,14,1,True,0.0001026237471351,0.00017490356387223999
168,2021_1,2021,1,2021-01-01,0.0002264492753623,0.0004853100417060846,11,1,True,3.291157838911687e-05,0.00017490356387223999
169,2021_2,2021,2,2021-02-01,0.0001087981431783,0.00040719095294018063,17,0,False,0.00011322463768115,0.00017490356387223999
170,2021_3,2021,3,2021-03-01,0.0001144269498352,0.00039947819970671057,13,0,False,1.6799275560686668e-05,0.00017490356387223999
171,2021_4,2021,4,2021-04-01,0.0001843941116813,0.00042959480041871,10,1,True,6.996716184609999e-05,0.00017490356387223999
172,2021_5,2021,5,2021-05-01,0.0001393534002229,0.0003665364886542258,12,0,False,4.5040711458399995e-05,0.00017490356387223999
173,2021_6,2021,6,2021-06-01,0.0001383317194632,0.0004291414542044338,12,0,False,3.9215686274509805e-05,0.00017490356387223999
174,2021_7,2021,7,2021-07-01,0.0001811758311441,0.00043796536529401597,11,1,True,4.2844111680899986e-05,0.00017490356387223999
175,2021_8,2021,8,2021-08-01,0.0001574431236715,0.0004041617780223667,13,0,False,2.3732707472600003e-05,0.00017490356387223999
176,2021_9,2021,9,2021-09-01,0.0001393534002229,0.00044596411224377225,14,0,False,2.504307728768817e-05,0.00017490356387223999
177,2021_10,2021,10,2021-10-01,0.0001644083355026,0.0005143716589177902,16,0,False,2.505493527969998e-05,0.00017490356387223999
178,2021_11,2021,11,2021-11-01,0.0001187225454113,0.00031263931014159266,12,0,False,4.568579009129998e-05,0.00017490356387223999
179,2021_12,2021,12,2021-12-01,0.0001144269498352,0.00027709392549798577,11,0,False,1.3313176919023817e-05,0.00017490356387223999
180,2022_1,2022,1,2022-01-01,0.0001523777860892,0.0004626370713628641,14,0,False,3.9211585716526374e-05,0.00017490356387223999
181,2022_2,2022,2,2022-02-01,0.0001060595347521,0.0004374440110617376,15,0,False,4.63182513371e-05,0.00017490356387223999
182,2022_3,2022,3,2022-03-01,0.0001523777860892,0.0004680459735404586,13,0,False,4.63182513371e-05,0.00017490356387223999
183,2022_4,2022,4,2022-04-01,0.0001151383963524,0.000323530267625779,11,0,False,3.72393897368e-05,0.00017490356387223999
184,2022_5,2022,5,2022-05-01,0.0001590204341257,0.0004253891202405727,12,0,False,4.388203777329999e-05,0.00017490356387223999
185,2022_6,2022,6,2022-06-01,0.0001590204341257,0.0004506105673093483,12,0,False,3.214744007300903e-05,0.00017490356387223999
186,2022_7,2022,7,2022-07-01,0.0001662303120974,0.0004381919886007862,13,0,False,1.7926531354651465e-05,0.00017490356387223999
187,2022_8,2022,8,2022-08-01,0.0004770613023773,0.0006732811770590285,10,1,True,0.00023853065118864997,0.00017490356387223999
188,2022_9,2022,9,2022-09-01,0.000124672734073,0.0002530914971009358,10,0,False,0.00023853065118864997,0.00017490356387223999
189,2022_10,2022,10,2022-10-01,0.0001456717287592,0.0005353564217371808,15,0,False,2.0998994686200015e-05,0.00017490356387223999
190,2022_11,2022,11,2022-11-01,0.000136605801193,0.00041794613229578575,13,0,False,1.874134306444789e-05,0.00017490356387223999
191,2022_12,2022,12,2022-12-01,0.0003187468694503,0.0004952271701634291,8,1,True,0.00015937343472515,0.00017490356387223999
192,2023_1,2023,1,2023-01-01,9.251977610214184e-05,0.00012252574485700768,2,0,False,0.00015937343472515,0.00017490356387223999
193,2023_2,2023,2,2023-02-01,0.0001481426613829,0.00021542357227611562,4,0,False,5.562288528075817e-05,0.00017490356387223999
194,2023_3,2023,3,2023-03-01,0.000114215227174,0.00020340445953534025,5,0,False,3.39274342089e-05,0.00017490356387223999
195,2023_4,2023,4,2023-04-01,0.0001111069960371,0.00022830652292431342,6,0,False,1.416523870127345e-05,0.00017490356387223999
196,2023_5,2023,5,2023-05-01,0.0001806333282385,0.0002499254085592487,4,1,True,6.95263322014e-05,0.00017490356387223999
197,2023_6,2023,6,2023-06-01,0.0001379976540398,0.00025217317830217116,4,0,False,4.26356741987e-05,0.00017490356387223999
198,2023_7,2023,7,2023-07-01,0.0001090076668725,0.0002272026029280285,6,0,False,2.8989987167299988e-05,0.00017490356387223999
199,2023_8,2023,8,2023-08-01,0.0001045737964209,0.000176170039144018,3,0,False,1.1786128904891832e-05,0.00017490356387223999
200,2023_9,2023,9,2023-09-01,0.0001603334936668,0.00022818641606996384,4,0,False,5.5759697245900006e-05,0.00017490356387223999
201,2023_10,2023,10,2023-10-01,0.0001250538426266,0.0001580965779301941,4,0,False,3.527965104020001e-05,0.00017490356387223999
202,2023_11,2023,11,2023-11-01,0.00014534355583,0.00024821992422050616,6,0,False,2.0289713203400006e-05,0.00017490356387223999
203,2023_12,2023,12,2023-12-01,9.18822070106124e-05,0.00011602927877570968,2,0,False,5.346134881938761e-05,0.00017490356387223999
204,2024_1,2024,1,2024-01-01,7.127837770412345e-05,0.00011147124065677559,3,0,False,2.060382930648895e-05,0.00017490356387223999
205,2024_2,2024,2,2024-02-01,0.000131717597471,0.00014851701061150096,2,0,False,6.0439219766876553e-05,0.00017490356387223999
206,2024_3,2024,3,2024-03-01,0.0001378233105159,0.00017998943894058898,3,0,False,9.962667100325325e-06,0.00017490356387223999
207,2024_4,2024,4,2024-04-01,8.198737394441256e-05,0.00012755120215660905,3,0,False,5.5835936571487434e-05,0.00017490356387223999
208,2024_5,2024,5,2024-05-01,6.947435701482583e-05,9.40647729002345e-05,2,0,False,1.2513016929586727e-05,0.00017490356387223999
209,2024_6,2024,6,2024-06-01,6.940347711420342e-05,7.312510287459586e-05,3,0,False,1.2295207942704329e-05,0.00017490356387223999
210,2024_7,2024,7,2024-07-01,5.2508598282968834e-05,6.19452312923111e-05,2,0,False,1.689487883123459e-05,0.00017490356387223999
211,2024_8,2024,8,2024-08-01,3.4934846511256506e-05,3.4934846511256506e-05,1,0,False,1.7573751771712328e-05,0.00017490356387223999
212,2024_9,2024,9,2024-09-01,0.0,0.0,0,0,False,1.7467423255628253e-05,0.00017490356387223999
